id,section,task_type,material,difficulty,skills,vocabulary,timing_unit,seconds_per_unit,source_file,rationale,answer_evidence,reviewed_on
R01,reading,complete_words,Urban trees,适中,词形与句法,reduce / temperatures / providing / water / their / during / hottest,每份（1 篇，10 个小题）,120,question_bank/sources/receptive_items.py,通过动词搭配、温度名词复数和介词还原树木降温过程。 需要同义改写、复合句理解或联系相邻信息，不能只匹配一个关键词。,读懂：“reduce local temperatures”意为“降低当地气温”，reduce 是“降低、减少”。树木提供树荫并释放水分，说明这里讲降温作用。 解析：They 指前句的树木，后面接说明其作用的动作词；谈一般情况且主语是复数，reduce 不加 -s。已给 red，只填 uce。,2026-09-27
R02,reading,complete_words,Urban trees,适中,词形与句法,reduce / temperatures / providing / water / their / during / hottest,每份（1 篇，10 个小题）,120,question_bank/sources/receptive_items.py,通过动词搭配、温度名词复数和介词还原树木降温过程。 需要同义改写、复合句理解或联系相邻信息，不能只匹配一个关键词。,读懂：“local temperatures”是“当地的气温”；temperature 指温度，temperatures 是其复数形式。本文讨论树木对城市不同地点气温的影响。 解析：reduce 后需要说明“降低什么”，local 又限定“当地的”，因此这里放表示温度的名词。原文用复数，最后的 -s 不能漏；已给 temper，只填 atures。,2026-09-27
R03,reading,complete_words,Urban trees,适中,词形与句法,reduce / temperatures / providing / water / their / during / hottest,每份（1 篇，10 个小题）,120,question_bank/sources/receptive_items.py,通过动词搭配、温度名词复数和介词还原树木降温过程。 需要同义改写、复合句理解或联系相邻信息，不能只匹配一个关键词。,读懂：“by providing shade”意为“通过提供树荫”，providing 是“提供”。这部分回答树木是怎样让气温降低的。 解析：by 在这里表示“通过某种方式”，后面的动作要用 -ing 形式；providing 与后文 releasing 都是在说降温的方法。provide 变为 providing 时先去掉末尾 e。已给 prov，只填 iding。,2026-09-27
R04,reading,complete_words,Urban trees,适中,词形与句法,reduce / temperatures / providing / water / their / during / hottest,每份（1 篇，10 个小题）,120,question_bank/sources/receptive_items.py,通过动词搭配、温度名词复数和介词还原树木降温过程。 需要同义改写、复合句理解或联系相邻信息，不能只匹配一个关键词。,读懂：“providing shade and releasing water”意为“提供树荫并释放水分”，and 表示“和、并且”。这里列举树木降温的两种方式。 解析：providing 和 releasing 都是 -ing 形式，地位相同；两者共同解释降温，而不是互相转折或二选一，因此用 and 连接。已给 a，只填 nd。,2026-09-27
R05,reading,complete_words,Urban trees,适中,词形与句法,reduce / temperatures / providing / water / their / during / hottest,每份（1 篇，10 个小题）,120,question_bank/sources/receptive_items.py,通过动词搭配、温度名词复数和介词还原树木降温过程。 需要同义改写、复合句理解或联系相邻信息，不能只匹配一个关键词。,读懂：“releasing water through their leaves”意为“通过树叶释放水分”，water 是“水”。后文也提到树木的效益取决于水是否充足。 解析：releasing 后面要交代“释放什么”，这里应是具体物质。water 表示水这种物质时不按一个、两个来数，所以不加复数 -s。已给 wa，只填 ter。,2026-09-27
R06,reading,complete_words,Urban trees,适中,词形与句法,reduce / temperatures / providing / water / their / during / hottest,每份（1 篇，10 个小题）,120,question_bank/sources/receptive_items.py,通过动词搭配、温度名词复数和介词还原树木降温过程。 需要同义改写、复合句理解或联系相邻信息，不能只匹配一个关键词。,读懂：“through their leaves”意为“通过它们的树叶”，their 是“它们的”，指这些树的，而不是城市规划者的。 解析：leaves 是树叶，前面要说明叶子属于谁；前面的 They 和首句 Trees 指同一群树，因此用表示“它们的”的 their。已给 th，只填 eir。,2026-09-27
R07,reading,complete_words,Urban trees,适中,词形与句法,reduce / temperatures / providing / water / their / during / hottest,每份（1 篇，10 个小题）,120,question_bank/sources/receptive_items.py,通过动词搭配、温度名词复数和介词还原树木降温过程。 需要同义改写、复合句理解或联系相邻信息，不能只匹配一个关键词。,读懂：“during the hottest part of each day”意为“在每天最热的时段”，during 表示“在……期间”。这部分说明降温作用发生的时间。 解析：空后是一段时间的名称，不是包含完整动作的句子；during 可以直接接这一时段，说明事情在其中发生。已给 dur，只填 ing；这里的 ing 是单词本身的一部分。,2026-09-27
R08,reading,complete_words,Urban trees,适中,词形与句法,reduce / temperatures / providing / water / their / during / hottest,每份（1 篇，10 个小题）,120,question_bank/sources/receptive_items.py,通过动词搭配、温度名词复数和介词还原树木降温过程。 需要同义改写、复合句理解或联系相邻信息，不能只匹配一个关键词。,读懂：“the hottest part”意为“最热的时段”，hottest 是 hot（热的）的最高级，也就是在比较范围内程度最高。 解析：the 和后面的 each day 提示比较的是一天中的各时段，要表达“最热”，不是仅仅“较热”。hot 变成 hottest 时双写 t 再加 -est。已给 hot，只填 test。,2026-09-27
R09,reading,complete_words,Urban trees,适中,词形与句法,reduce / temperatures / providing / water / their / during / hottest,每份（1 篇，10 个小题）,120,question_bank/sources/receptive_items.py,通过动词搭配、温度名词复数和介词还原树木降温过程。 需要同义改写、复合句理解或联系相邻信息，不能只匹配一个关键词。,读懂：“the hottest part of each day”意为“每天最热的那一部分时间”，of 在这里连接“部分”和它所属的整体。 解析：part 表示部分，each day 是完整的一天；part of 是表达“……的一部分”的搭配，所以空格不是另起一个时间动作，而是把两个名称连起来。已给 o，只填 f。,2026-09-27
R10,reading,complete_words,Urban trees,适中,词形与句法,reduce / temperatures / providing / water / their / during / hottest,每份（1 篇，10 个小题）,120,question_bank/sources/receptive_items.py,通过动词搭配、温度名词复数和介词还原树木降温过程。 需要同义改写、复合句理解或联系相邻信息，不能只匹配一个关键词。,读懂：“each day”就是“每一天”；整句说树木能在每天最热的时候帮助降温，day 是“一天”。 解析：each 表示“每一个”，后面接单数的事物名称，因此用 day，不用复数；它还与前面的 hottest part 构成一天内部的时段关系。已给 d，只填 ay。,2026-09-27
R11,reading,complete_words,Learning and memory,适中,词形与句法,compare / methods / learning / asking / information / several / rather / testing / immediately,每份（1 篇，10 个小题）,120,question_bank/sources/receptive_items.py,把研究方法与延迟测试连接起来，处理 rather than、动名词与副词。 需要同义改写、复合句理解或联系相邻信息，不能只匹配一个关键词。,读懂：“compare different methods of learning”意为“比较不同的学习方法”，compare 是“比较”。研究者让人隔几天回忆，以检验不同方法的效果。 解析：Researchers 是做动作的人，different methods 是比较的对象；说明一般研究做法且主语是复数，动词 compare 不加 -s。已给 com，只填 pare。,2026-09-27
R12,reading,complete_words,Learning and memory,适中,词形与句法,compare / methods / learning / asking / information / several / rather / testing / immediately,每份（1 篇，10 个小题）,120,question_bank/sources/receptive_items.py,把研究方法与延迟测试连接起来，处理 rather than、动名词与副词。 需要同义改写、复合句理解或联系相邻信息，不能只匹配一个关键词。,读懂：“different methods of learning”意为“不同的学习方法”，method 是“方法”，methods 表示不止一种。研究者要比较这些方法。 解析：different 强调这里有不同做法，compare 又需要比较对象；methods 是被比较的事物，后面的 of learning 说明是哪方面的方法。已给 met，只填 hods，保留复数 -s。,2026-09-27
R13,reading,complete_words,Learning and memory,适中,词形与句法,compare / methods / learning / asking / information / several / rather / testing / immediately,每份（1 篇，10 个小题）,120,question_bank/sources/receptive_items.py,把研究方法与延迟测试连接起来，处理 rather than、动名词与副词。 需要同义改写、复合句理解或联系相邻信息，不能只匹配一个关键词。,读懂：“methods of learning”是“学习的方法”，learning 在这里指“学习这项活动”，不是某个人正在学习。 解析：of 后说明方法所属的活动，learn 变成 learning 后可以作为活动名称放在这里；它也与全文的记忆、回忆和重读相呼应。已给 lear，只填 ning。,2026-09-27
R14,reading,complete_words,Learning and memory,适中,词形与句法,compare / methods / learning / asking / information / several / rather / testing / immediately,每份（1 篇，10 个小题）,120,question_bank/sources/receptive_items.py,把研究方法与延迟测试连接起来，处理 rather than、动名词与副词。 需要同义改写、复合句理解或联系相邻信息，不能只匹配一个关键词。,读懂：“by asking people to recall information”意为“通过让人们回忆信息”，asking 在这里是“要求、请人做”。这是研究者比较方法的手段。 解析：by 表示“通过某种方式”，后面的 ask 要用 asking；后面 people 和 to recall 又构成“请某人做某事”的关系。已给 ask，只填 ing。,2026-09-27
R15,reading,complete_words,Learning and memory,适中,词形与句法,compare / methods / learning / asking / information / several / rather / testing / immediately,每份（1 篇，10 个小题）,120,question_bank/sources/receptive_items.py,把研究方法与延迟测试连接起来，处理 rather than、动名词与副词。 需要同义改写、复合句理解或联系相邻信息，不能只匹配一个关键词。,读懂：“asking people to recall information”意为“让人们回忆信息”，to 把 people 与他们被要求做的 recall（回忆）连接起来。 解析：这里是 ask + 人 + to + 动作原形的结构；动作原形就是未加 -s、-ed 或 -ing 的形式，recall 正符合。已给 t，只填 o。,2026-09-27
R16,reading,complete_words,Learning and memory,适中,词形与句法,compare / methods / learning / asking / information / several / rather / testing / immediately,每份（1 篇，10 个小题）,120,question_bank/sources/receptive_items.py,把研究方法与延迟测试连接起来，处理 rather than、动名词与副词。 需要同义改写、复合句理解或联系相邻信息，不能只匹配一个关键词。,读懂：“recall information”意为“回忆信息”，information 是“信息”。研究者关心的是几天后还能记住多少学习内容。 解析：recall 后需要交代回忆的内容，information 正好作这个对象；它是不可数名词，即英语中通常不能直接按一个、两个计数的名称，不加 -s。已给 infor，只填 mation。,2026-09-27
R17,reading,complete_words,Learning and memory,适中,词形与句法,compare / methods / learning / asking / information / several / rather / testing / immediately,每份（1 篇，10 个小题）,120,question_bank/sources/receptive_items.py,把研究方法与延迟测试连接起来，处理 rather than、动名词与副词。 需要同义改写、复合句理解或联系相邻信息，不能只匹配一个关键词。,读懂：“after several days”意为“几天之后”，several 表示“几个、若干”。研究者不是刚读完就测，而是隔一段时间再测记忆。 解析：days 是复数，前面需要表示多个的数量词；several 与 days 搭配，并和后面的 immediately（立即）形成时间对照。已给 sev，只填 eral。,2026-09-27
R18,reading,complete_words,Learning and memory,适中,词形与句法,compare / methods / learning / asking / information / several / rather / testing / immediately,每份（1 篇，10 个小题）,120,question_bank/sources/receptive_items.py,把研究方法与延迟测试连接起来，处理 rather than、动名词与副词。 需要同义改写、复合句理解或联系相邻信息，不能只匹配一个关键词。,读懂：“rather than testing them immediately”意为“而不是立即测试他们”，rather 与 than 连用，表示用前一种做法替代后一种。 解析：前面说隔几天请人回忆，后面说马上测试，两者是被比较的测量安排。than 已在空后，提示这里需要构成 rather than。已给 rat，只填 her。,2026-09-27
R19,reading,complete_words,Learning and memory,适中,词形与句法,compare / methods / learning / asking / information / several / rather / testing / immediately,每份（1 篇，10 个小题）,120,question_bank/sources/receptive_items.py,把研究方法与延迟测试连接起来，处理 rather than、动名词与副词。 需要同义改写、复合句理解或联系相邻信息，不能只匹配一个关键词。,读懂：“testing them immediately”意为“立即测试他们”，testing 是“测试”。本文选择延后回忆，而不是马上测试。 解析：rather than 两边对应的是 asking people 和 testing them 两种研究做法；前面用 asking，后面也用 -ing 形式保持结构一致。已给 tes，只填 ting。,2026-09-27
R20,reading,complete_words,Learning and memory,适中,词形与句法,compare / methods / learning / asking / information / several / rather / testing / immediately,每份（1 篇，10 个小题）,120,question_bank/sources/receptive_items.py,把研究方法与延迟测试连接起来，处理 rather than、动名词与副词。 需要同义改写、复合句理解或联系相邻信息，不能只匹配一个关键词。,读懂：“testing them immediately”是“立即测试他们”，immediately 意为“立刻”。它与前文 after several days（几天后）相对。 解析：空格不是描述被测的人，而是说明 testing 何时发生；因此要用能修饰动作的 immediately，而不是表示“即时的”的 immediate。已给 immed，只填 iately。,2026-09-27
R21,reading,complete_words,Soil and rainfall,简单,词形与句法,heavy / cross / ground / spaces / smaller / water / through / plants,每份（1 篇，10 个小题）,120,question_bank/sources/receptive_items.py,围绕土壤和水移动的具体过程，常见形容词、比较级与方位词提供明确线索。 主要依靠明确线索、常见表达或单一关系；适合作为基础练习。,读懂：“heavy vehicles”是“重型车辆”，heavy 意为“重的”。后文说土里的空隙变小，说明车辆重量会压紧湿地。 解析：vehicles 是车辆，空格位于它前面，负责描述车辆的特点；这里需要表示重量大的词，而不是另一个动作。已给 he，只填 avy。,2026-09-27
R22,reading,complete_words,Soil and rainfall,简单,词形与句法,heavy / cross / ground / spaces / smaller / water / through / plants,每份（1 篇，10 个小题）,120,question_bank/sources/receptive_items.py,围绕土壤和水移动的具体过程，常见形容词、比较级与方位词提供明确线索。 主要依靠明确线索、常见表达或单一关系；适合作为基础练习。,读懂：“cross wet ground”意为“穿过潮湿的地面”，cross 是“穿过、横越”。重型车辆驶过湿地后，土壤空隙变小。 解析：vehicles 是执行动作的车辆，wet ground 是经过的地方；cross 可直接接被穿过的地点。主语是复数，描述一般情况时不加 -s。已给 cr，只填 oss。,2026-09-27
R23,reading,complete_words,Soil and rainfall,简单,词形与句法,heavy / cross / ground / spaces / smaller / water / through / plants,每份（1 篇，10 个小题）,120,question_bank/sources/receptive_items.py,围绕土壤和水移动的具体过程，常见形容词、比较级与方位词提供明确线索。 主要依靠明确线索、常见表达或单一关系；适合作为基础练习。,读懂：“wet ground”指“潮湿的地面”，ground 在这里不是理由，而是车辆驶过的土地表面。 解析：cross 后需要一个被穿过的地方，wet 又说明它是湿的；后文 soil（土壤）和车辆压实的后果都支持“地面”这个意思。已给 gro，只填 und。,2026-09-27
R24,reading,complete_words,Soil and rainfall,简单,词形与句法,heavy / cross / ground / spaces / smaller / water / through / plants,每份（1 篇，10 个小题）,120,question_bank/sources/receptive_items.py,围绕土壤和水移动的具体过程，常见形容词、比较级与方位词提供明确线索。 主要依靠明确线索、常见表达或单一关系；适合作为基础练习。,读懂：“these spaces become smaller”意为“这些空隙变小了”，spaces 指首句提到的土壤里让空气和水通过的空隙。 解析：these 是“这些”，后面接复数名称；因此 space 要保留 -s。它不是新增的地点，而是承接首句已经出现的 spaces。已给 spa，只填 ces。,2026-09-27
R25,reading,complete_words,Soil and rainfall,简单,词形与句法,heavy / cross / ground / spaces / smaller / water / through / plants,每份（1 篇，10 个小题）,120,question_bank/sources/receptive_items.py,围绕土壤和水移动的具体过程，常见形容词、比较级与方位词提供明确线索。 主要依靠明确线索、常见表达或单一关系；适合作为基础练习。,读懂：“become smaller”意为“变得更小”，smaller 是 small（小的）的比较级，即表示程度比原来或另一对象更高。 解析：重车压过湿地后，土壤空隙与之前相比缩小；become 后接描述变化结果的词，所以用 smaller，不只是说原本很小。已给 sma，只填 ller。,2026-09-27
R26,reading,complete_words,Soil and rainfall,简单,词形与句法,heavy / cross / ground / spaces / smaller / water / through / plants,每份（1 篇，10 个小题）,120,question_bank/sources/receptive_items.py,围绕土壤和水移动的具体过程，常见形容词、比较级与方位词提供明确线索。 主要依靠明确线索、常见表达或单一关系；适合作为基础练习。,读懂：“water moves more slowly”意为“水流动得更慢”，water 是“水”。土壤空隙变小后，水通过它们会更困难。 解析：空后 moves 是“流动”，这里缺的是在流动的物质；water 表示水这种不可直接数个数的物质，通常按单数处理，所以与 moves 的 -s 对应。已给 wa，只填 ter。,2026-09-27
R27,reading,complete_words,Soil and rainfall,简单,词形与句法,heavy / cross / ground / spaces / smaller / water / through / plants,每份（1 篇，10 个小题）,120,question_bank/sources/receptive_items.py,围绕土壤和水移动的具体过程，常见形容词、比较级与方位词提供明确线索。 主要依靠明确线索、常见表达或单一关系；适合作为基础练习。,读懂：“more slowly”意为“更慢地”，more 在这里帮助表示速度与原来相比发生变化，不是说水更多了。 解析：slowly 说明 moves 怎样发生；要表达“更慢”，通常在 slowly 前加 more，不能直接在 slowly 后加 -er。土壤空隙变小提供了变慢的原因。已给 mo，只填 re。,2026-09-27
R28,reading,complete_words,Soil and rainfall,简单,词形与句法,heavy / cross / ground / spaces / smaller / water / through / plants,每份（1 篇，10 个小题）,120,question_bank/sources/receptive_items.py,围绕土壤和水移动的具体过程，常见形容词、比较级与方位词提供明确线索。 主要依靠明确线索、常见表达或单一关系；适合作为基础练习。,读懂：“through the soil”意为“穿过土壤内部”，through 是“通过、穿过”。水是沿土中的空隙流动，不是只在表面移动。 解析：moves 后要补充移动路径，through 可直接接经过的空间或物质；首句提到空气和水可穿行的空隙，也支持这一路径关系。已给 thr，只填 ough。,2026-09-27
R29,reading,complete_words,Soil and rainfall,简单,词形与句法,heavy / cross / ground / spaces / smaller / water / through / plants,每份（1 篇，10 个小题）,120,question_bank/sources/receptive_items.py,围绕土壤和水移动的具体过程，常见形容词、比较级与方位词提供明确线索。 主要依靠明确线索、常见表达或单一关系；适合作为基础练习。,读懂：“the soil beneath plants”意为“植物下方的土壤”，soil 是“土壤”。水会通过其中的空隙移动。 解析：through 后需要说明水穿过的物质，the 又指向前面已经谈过的土壤；beneath plants 补充其位置。soil 在这里作为物质名称，不必加复数 -s。已给 so，只填 il。,2026-09-27
R30,reading,complete_words,Soil and rainfall,简单,词形与句法,heavy / cross / ground / spaces / smaller / water / through / plants,每份（1 篇，10 个小题）,120,question_bank/sources/receptive_items.py,围绕土壤和水移动的具体过程，常见形容词、比较级与方位词提供明确线索。 主要依靠明确线索、常见表达或单一关系；适合作为基础练习。,读懂：“beneath plants”意为“在植物下方”，plants 是“植物”。后文雨水到不了 plant roots（植物根部），进一步说明了位置关系。 解析：beneath 后接一个事物名称，表示在谁的下方；这里泛指多株植物，用 plant 的复数 plants，而不是种植这个动作。已给 pla，只填 nts。,2026-09-27
R31,reading,read_daily_life,Library equipment notice,适中,推断与条件整合,orientation / reservations,每份（2 篇，4–6 个小题）,240–360,question_bank/sources/receptive_items.py,区分预约、完成培训和系统更新，不能把有预约等同于可领取。 需要同义改写、复合句理解或联系相邻信息，不能只匹配一个关键词。,读懂：“orientation”是借用前的入门培训；“up to one working day”指记录更新最多要一个工作日。题目要你安排首次借用者周五早上顺利取机。 解析：取机必须等本人完成培训的记录入库，所以周三前完成、预约周五，能留出周四更新。周五取机时才学可能来不及；还机后再学不满足领取条件；请老用户提交记录不能替代自己的培训。,2026-09-27
R32,reading,read_daily_life,Library equipment notice,适中,主旨与目的,orientation / reservations,每份（2 篇，4–6 个小题）,240–360,question_bank/sources/receptive_items.py,区分预约、完成培训和系统更新，不能把有预约等同于可领取。 需要同义改写、复合句理解或联系相邻信息，不能只匹配一个关键词。,读懂：“qualify to borrow”是达到借用条件；“Returning borrowers”指以前借过的人。题目问整则通知主要想告诉学生什么。 解析：全文围绕谁需培训、何时能预约和何时可领取展开，所以主旨是说明借录音设备的资格和流程。文中没有取消预约，也没有比较线上与现场培训；老用户不用重学，恰好否定了要求他们重新培训的说法。,2026-09-27
R33,reading,read_daily_life,Email from a course coordinator,适中,细节定位,despite / observation,每份（2 篇，4–6 个小题）,240–360,question_bank/sources/receptive_items.py,把改道原因与提前集合联系，并识别缺席者仍有替代任务。 需要同义改写、复合句理解或联系相邻信息，不能只匹配一个关键词。,读懂：“ten minutes earlier”是提前十分钟；“a longer route”是更长的路线。题目问集合为何改早，而不是问活动是否取消。 解析：桥关闭迫使大巴绕远路，路程更长，因此要提前集合。小雨只与活动照常举行有关，并未说会提早下；校园观察练习是缺席者的替代任务；午餐会提供，但没有先取餐的安排。,2026-09-27
R34,reading,read_daily_life,Email from a course coordinator,适中,推断与条件整合,despite / observation,每份（2 篇，4–6 个小题）,240–360,question_bank/sources/receptive_items.py,把改道原因与提前集合联系，并识别缺席者仍有替代任务。 需要同义改写、复合句理解或联系相邻信息，不能只匹配一个关键词。,读懂：“cannot attend”指不能参加，“instead”指改做另一件事。题目问缺席考察的学生仍需做什么。 解析：邮件说不能去的人要在校园完成简短观察练习，可推出他们仍有相关作业。没有要求自找交通、支付未吃的午餐，也没有安排周四补考察；“Thursday noon”只是通知老师缺席的截止时间。,2026-09-27
R35,reading,read_daily_life,Messages about a student exhibition,适中,细节定位,provisional / captions,每份（2 篇，4–6 个小题）,240–360,question_bank/sources/receptive_items.py,消息链中版式检查与获批打印是不同步骤，临时字幕需借语境理解。 需要同义改写、复合句理解或联系相邻信息，不能只匹配一个关键词。,读懂：“layout”是版面，“dimensions”是尺寸，“captions”是图注。题目问 Maya 建议现在马上做哪一步。 解析：图注还等老师批准，但可以先发版面让印刷方检查尺寸，所以应选先发送版面做尺寸检查。她没要求无图注直接印刷，也没要求推迟截止时间；图形已完成，等待批准的是图注，不是重新审批图形。,2026-09-27
R36,reading,read_daily_life,Messages about a student exhibition,适中,语境词义,provisional / captions,每份（2 篇，4–6 个小题）,240–360,question_bank/sources/receptive_items.py,消息链中版式检查与获批打印是不同步骤，临时字幕需借语境理解。 需要同义改写、复合句理解或联系相邻信息，不能只匹配一个关键词。,读懂：“provisional”在这里是暂定、以后可能改；“approve the captions”是批准图注。题目要根据消息判断这个词的意思。 解析：图注还没获批，Leo 又标明该版本不能拿去印，说明它不是最终稿，因此选“以后可能修改”。不是已可出版，也没说由专家撰写；标成暂定并不等于图注从版面里消失了。,2026-09-27
R37,reading,read_daily_life,Workshop registration,简单,细节定位,waiting list / loan,每份（2 篇，4–6 个小题）,240–360,question_bank/sources/receptive_items.py,直接定位借用电脑的动作，再理解候补顺序和空位条件。 主要依靠明确线索、常见表达或单一关系；适合作为基础练习。,读懂：“loan laptops”是可借用的笔记本电脑；“when registering”是报名时。题目问没有电脑的学生应该采取什么行动。 解析：通知明确说有六台借用电脑，要在报名时申请。访客的十五美元是参加费，不是设备预留费；文中没说开课后再领就行；候补名单等的是参加名额，不是准备文件。,2026-09-27
R38,reading,read_daily_life,Workshop registration,适中,推断与条件整合,waiting list / loan,每份（2 篇，4–6 个小题）,240–360,question_bank/sources/receptive_items.py,直接定位借用电脑的动作，再理解候补顺序和空位条件。 需要同义改写、复合句理解或联系相邻信息，不能只匹配一个关键词。,读懂：“waiting list”是候补名单，“when places become available”是有空位时。题目问排入名单后能否、怎样获得参加名额。 解析：有空位才按排队顺序联系，所以能否入选取决于空位和排位。名单不保证周三前人人有位；周三是获取准备文件的报名期限。也没说只收付费访客，或自带电脑者优先。,2026-09-27
R39,reading,read_daily_life,Housing office update,适中,细节定位,insufficient / through,每份（2 篇，4–6 个小题）,240–360,question_bank/sources/receptive_items.py,区分通知与有效证件，并理解结束日期仍可能调整。 需要同义改写、复合句理解或联系相邻信息，不能只匹配一个关键词。,读懂：“a delivery notification alone is insufficient”是只有到货通知还不够；“student ID”是学生证。题目问哪种情况可能导致领不到包裹。 解析：取件明确要带学生证，所以只有通知、没有学生证的人不符合要求。庭院坡道仍开放；没说九月八日前送达的包裹不能取；住 Willow 的人本来就应到邻楼 Maple 领件，不是只有 Maple 住户能领。,2026-09-27
R40,reading,read_daily_life,Housing office update,适中,推断与条件整合,insufficient / through,每份（2 篇，4–6 个小题）,240–360,question_bank/sources/receptive_items.py,区分通知与有效证件，并理解结束日期仍可能调整。 需要同义改写、复合句理解或联系相邻信息，不能只匹配一个关键词。,读懂：“through September 12”包含九月十二日；“if the reopening date changes”是如果重新开放日期改变。题目问十二日是什么性质的日期。 解析：原定关闭维修到十二日，所以这是计划中的维修最后一天，而非绝对保证。包裹仍由邻楼代收，不是那天停止投递；只有日期变化才另发消息；坡道始终开放，无需等到十二日重开。,2026-09-27
R41,reading,read_academic_passage,Reading the past through pollen,适中,主旨与目的,sediment / prominent / independent,每份（1 篇，5 个小题）,300,question_bank/sources/receptive_items.py,花粉材料需识别样本偏差，并把木炭作为补充证据而非单独证明。 需要同义改写、复合句理解或联系相邻信息，不能只匹配一个关键词。,读懂：“past vegetation”指过去生长的植物，“limits”指方法不能准确说明的地方。题目问全文写作目的，不是某一段的细节。 解析：文章先讲从湖泥花粉了解过去，再讲花粉数量和来源会造成偏差，最后用其他证据补充，故选介绍研究方法及其局限。没有与文字历史比优劣，也没比较湖泊和森林的物种数量，更没重点研究沉积速度。,2026-09-27
R42,reading,read_academic_passage,Reading the past through pollen,适中,细节定位,sediment / prominent / independent,每份（1 篇，5 个小题）,300,question_bank/sources/receptive_items.py,花粉材料需识别样本偏差，并把木炭作为补充证据而非单独证明。 需要同义改写、复合句理解或联系相邻信息，不能只匹配一个关键词。,读懂：“resist decay”是不容易腐烂，“distinctive shapes”是可辨认的独特形状。题目问花粉为什么能帮助辨认过去的植物。 解析：外壁耐腐烂，使花粉保存下来；不同形状又让研究者识别其来源，所以选坚固外壁可保留可辨形状。数量不直接等于树的数量，花粉也可能飞很远；文中未说形状会随年龄有规律地变化。,2026-09-27
R43,reading,read_academic_passage,Reading the past through pollen,适中,语境词义,sediment / prominent / independent,每份（1 篇，5 个小题）,300,question_bank/sources/receptive_items.py,花粉材料需识别样本偏差，并把木炭作为补充证据而非单独证明。 需要同义改写、复合句理解或联系相邻信息，不能只匹配一个关键词。,读懂：“prominent”在这里指样本中显得突出、占得多；“enormous quantities”是数量非常大。题目要判断花粉样本中这个词的意思。 解析：某种树放出大量随风传播的花粉，样本里就可能比附近虫媒植物更显眼，因此选“在样本中体现得很多”。这不表示刚引进、保存得特别细心，也不表示彼此相隔很远；这些都解释不了前面的数量比较。,2026-09-27
R44,reading,read_academic_passage,Reading the past through pollen,困难,推断与条件整合,sediment / prominent / independent,每份（1 篇，5 个小题）,300,question_bank/sources/receptive_items.py,花粉材料需识别样本偏差，并把木炭作为补充证据而非单独证明。 需要处理抽象关系、限制条件、隐含态度或更复杂句法，并排除同主题的近似解释。,读懂：“pollinated mainly by insects”指主要靠昆虫传粉；“underestimated”是估得比实际少。题目问只看湖中花粉，会怎样误判这种植物的数量。 解析：大量随风传播的花粉更容易在样本里突出，虫媒植物即使在附近也可能不显眼，因此其实际数量可能被低估。文中没有比较腐烂速度或辨认难度，也没有说它不能长在湖边。,2026-09-27
R45,reading,read_academic_passage,Reading the past through pollen,困难,篇章作用与结构,sediment / prominent / independent,每份（1 篇，5 个小题）,300,question_bank/sources/receptive_items.py,花粉材料需识别样本偏差，并把木炭作为补充证据而非单独证明。 需要处理抽象关系、限制条件、隐含态度或更复杂句法，并排除同主题的近似解释。,读懂：“charcoal”是木炭残留；“may have contributed”是可能起了作用，不是已经证明。题目问作者举木炭这个例子有什么作用。 解析：森林花粉减少时若木炭增多，火灾便可能是原因，说明其他证据能支持对花粉变化的解释。不是说火能同样保存所有花粉，也不是解释取样困难；作者还强调单一吻合不够，不能推出森林减少全由火灾造成。,2026-09-27
R46,reading,read_academic_passage,When a useful measurement changes behavior,困难,主旨与目的,incentive / indicators / rationally,每份（1 篇，5 个小题）,300,question_bank/sources/receptive_items.py,以图书馆指标说明抽象的激励效应；困难项区分目标、指标与行为改变。 需要处理抽象关系、限制条件、隐含态度或更复杂句法，并排除同主题的近似解释。,读懂：“measurements”是用来评价表现的数据，“goals”是机构真正想达到的目标。题目问作者对使用数据的总体主张。 解析：借阅量上升不一定说明服务更好，所以应结合咨询效果、读者体验等多种指标，看它们是否服务于目标。作者并未主张停止统计，也没说奖励总有害；更没说简单数字比读者反馈可靠。,2026-09-27
R47,reading,read_academic_passage,When a useful measurement changes behavior,适中,细节定位,incentive / indicators / rationally,每份（1 篇，5 个小题）,300,question_bank/sources/receptive_items.py,以图书馆指标说明抽象的激励效应；困难项区分目标、指标与行为改变。 需要同义改写、复合句理解或联系相邻信息，不能只匹配一个关键词。,读懂：“rewards staff solely for increasing loans”是只按借阅量增长奖励员工。题目问他们为什么可能推荐短而热门的书。 解析：这类书有助于增加借阅次数，从而提高拿奖励所依据的数字，所以推荐行为是在响应奖励办法。并不是这些书最适合专业研究；文中没说读者要求停止咨询，也没说记录其他书的成本太高。,2026-09-27
R48,reading,read_academic_passage,When a useful measurement changes behavior,适中,指代与衔接,incentive / indicators / rationally,每份（1 篇，5 个小题）,300,question_bank/sources/receptive_items.py,以图书馆指标说明抽象的激励效应；困难项区分目标、指标与行为改变。 需要同义改写、复合句理解或联系相邻信息，不能只匹配一个关键词。,读懂：“their weaknesses”是“它们的不足”；“indicators”是借阅量、咨询成效等评价指标。题目问这里的“它们”指什么。 解析：前面刚列出几种指标，接着说每种都不完美，但不足之处可能不同，因此指不同指标的局限。不是员工犯的错、研究型读者的喜好或图书馆资源短缺；这些都不是此处被逐一比较的对象。,2026-09-27
R49,reading,read_academic_passage,When a useful measurement changes behavior,困难,篇章作用与结构,incentive / indicators / rationally,每份（1 篇，5 个小题）,300,question_bank/sources/receptive_items.py,以图书馆指标说明抽象的激励效应；困难项区分目标、指标与行为改变。 需要处理抽象关系、限制条件、隐含态度或更复杂句法，并排除同主题的近似解释。,读懂：“dishonest”是不诚实，“incentive”是促使人行动的奖励办法。题目问作者为何特意说员工未必不诚实。 解析：员工可能只是按借阅量奖励制度办事，数字虽上升，研究服务却变差；作者在区分制度引导不当和个人故意违规。不是否认奖励影响行为，也没说借阅记录造假，更没说管理者了解员工的每个决定。,2026-09-27
R50,reading,read_academic_passage,When a useful measurement changes behavior,困难,推断与条件整合,incentive / indicators / rationally,每份（1 篇，5 个小题）,300,question_bank/sources/receptive_items.py,以图书馆指标说明抽象的激励效应；困难项区分目标、指标与行为改变。 需要处理抽象关系、限制条件、隐含态度或更复杂句法，并排除同主题的近似解释。,读懂：“warrant investigation”是值得进一步调查；“while”在该选项中表示两种情况同时发生却形成反差。题目要找多种指标互相矛盾的例子。 解析：借阅量增加，读者却说难获研究帮助，说明数字好看但服务可能变差，正该调查。借阅和咨询都增加没有这种反差；连续收集同样数据本身不异常；热门书和专业书都有人借也未显示问题。,2026-09-27
R51,reading,complete_words,Fossils and evidence,适中,词形与句法,fossils / covers / plant / animal / decay / replace / original,每份（1 篇，10 个小题）,120,question_bank/sources/expanded_reading.py,理解化石形成的时间条件与原始材料被替换的过程，相关背景在文中解释。 需要同义改写、复合句理解或联系相邻信息，不能只匹配一个关键词。,读懂：“Most fossils form”意为“大多数化石形成”，fossils 是“化石”。后面讲生物被沉积物覆盖，再发生保存和替换的过程。 解析：首句解释一个 fossil 是什么，此处概括大多数化石，因此用复数 fossils；后面的 form 也与复数对应。已给 fos，只填 sils。,2026-09-27
R52,reading,complete_words,Fossils and evidence,适中,词形与句法,fossils / covers / plant / animal / decay / replace / original,每份（1 篇，10 个小题）,120,question_bank/sources/expanded_reading.py,理解化石形成的时间条件与原始材料被替换的过程，相关背景在文中解释。 需要同义改写、复合句理解或联系相邻信息，不能只匹配一个关键词。,读懂：“when sediment covers a plant or animal”意为“当沉积物覆盖植物或动物时”，when 在这里引出化石形成的时间情境。 解析：前面说化石形成，后面有 sediment 和 covers，已经具备“谁做什么”的完整内容；when 能把这段情况接到前面的形成过程上。已给 wh，只填 en。,2026-09-27
R53,reading,complete_words,Fossils and evidence,适中,词形与句法,fossils / covers / plant / animal / decay / replace / original,每份（1 篇，10 个小题）,120,question_bank/sources/expanded_reading.py,理解化石形成的时间条件与原始材料被替换的过程，相关背景在文中解释。 需要同义改写、复合句理解或联系相邻信息，不能只匹配一个关键词。,读懂：“sediment covers a plant or animal”意为“沉积物覆盖一株植物或一只动物”，covers 是“覆盖”。覆盖发生在遗体完全腐烂之前。 解析：sediment 是沉积物，在这里作为整体物质按单数处理；描述通常发生的过程时，cover 要加 -s，成为 covers。已给 cov，只填 ers。,2026-09-27
R54,reading,complete_words,Fossils and evidence,适中,词形与句法,fossils / covers / plant / animal / decay / replace / original,每份（1 篇，10 个小题）,120,question_bank/sources/expanded_reading.py,理解化石形成的时间条件与原始材料被替换的过程，相关背景在文中解释。 需要同义改写、复合句理解或联系相邻信息，不能只匹配一个关键词。,读懂：“a plant or animal”意为“一株植物或一只动物”，plant 在这里指“植物”，不是“种植”这个动作。 解析：a 提示后面是一种可数的生物，or 又把 plant 与 animal 连接成两种可能；两者在结构上应同为生物名称，plant 用单数。已给 pl，只填 ant。,2026-09-27
R55,reading,complete_words,Fossils and evidence,适中,词形与句法,fossils / covers / plant / animal / decay / replace / original,每份（1 篇，10 个小题）,120,question_bank/sources/expanded_reading.py,理解化石形成的时间条件与原始材料被替换的过程，相关背景在文中解释。 需要同义改写、复合句理解或联系相邻信息，不能只匹配一个关键词。,读懂：“a plant or animal”指“一株植物或一只动物”，animal 是“动物”。文中说明两类生物的遗体都可能成为化石。 解析：or 表示两种选择，前面的 a 可同时管到两侧；因此 animal 与 plant 一样用单数，作为 covers 所覆盖的对象。已给 ani，只填 mal。,2026-09-27
R56,reading,complete_words,Fossils and evidence,适中,词形与句法,fossils / covers / plant / animal / decay / replace / original,每份（1 篇，10 个小题）,120,question_bank/sources/expanded_reading.py,理解化石形成的时间条件与原始材料被替换的过程，相关背景在文中解释。 需要同义改写、复合句理解或联系相邻信息，不能只匹配一个关键词。,读懂：“its remains”意为“它的遗体”，its 指前面的那株植物或那只动物的。remains 在这里不是“仍然”的动作意思。 解析：remains 前需要说明遗体属于谁；a plant or animal 表示二者中的一个，所以用单数的 its。its 表示“它的”，不带撇号，不能拆成 it is。已给 i，只填 ts。,2026-09-27
R57,reading,complete_words,Fossils and evidence,适中,词形与句法,fossils / covers / plant / animal / decay / replace / original,每份（1 篇，10 个小题）,120,question_bank/sources/expanded_reading.py,理解化石形成的时间条件与原始材料被替换的过程，相关背景在文中解释。 需要同义改写、复合句理解或联系相邻信息，不能只匹配一个关键词。,读懂：“its remains decay completely”意为“它的遗体完全腐烂”，decay 是“腐烂、分解”。覆盖要发生在这个过程完成之前。 解析：remains 是遗体，这个意思通常用复数形式；后面需要动作词说明遗体会怎样，因此用 decay，不加 -s，completely 则说明腐烂的程度。已给 de，只填 cay。,2026-09-27
R58,reading,complete_words,Fossils and evidence,适中,词形与句法,fossils / covers / plant / animal / decay / replace / original,每份（1 篇，10 个小题）,120,question_bank/sources/expanded_reading.py,理解化石形成的时间条件与原始材料被替换的过程，相关背景在文中解释。 需要同义改写、复合句理解或联系相邻信息，不能只匹配一个关键词。,读懂：“and minerals replace the original material”意为“并且矿物质替换原来的物质”，and 表示“并且”，继续说明化石形成的过程。 解析：前面有沉积物覆盖生物的情况，这里又有 minerals 执行 replace；and 可以连接带有各自主语和动作的内容，不只连接两个单词。已给 a，只填 nd。,2026-09-27
R59,reading,complete_words,Fossils and evidence,适中,词形与句法,fossils / covers / plant / animal / decay / replace / original,每份（1 篇，10 个小题）,120,question_bank/sources/expanded_reading.py,理解化石形成的时间条件与原始材料被替换的过程，相关背景在文中解释。 需要同义改写、复合句理解或联系相邻信息，不能只匹配一个关键词。,读懂：“minerals replace the original material”意为“矿物质替换原来的物质”，replace 是“替换、取代”。它说明化石形成时物质发生变化。 解析：minerals 是执行动作的复数名称，后面的 material 是被替换的对象；描述一般过程，replace 用原形，不加 -s。已给 rep，只填 lace。,2026-09-27
R60,reading,complete_words,Fossils and evidence,适中,词形与句法,fossils / covers / plant / animal / decay / replace / original,每份（1 篇，10 个小题）,120,question_bank/sources/expanded_reading.py,理解化石形成的时间条件与原始材料被替换的过程，相关背景在文中解释。 需要同义改写、复合句理解或联系相邻信息，不能只匹配一个关键词。,读懂：“the original material”意为“原来的物质”，original 是“原来的、最初的”。这里指生物原有的物质，与后来替换它的矿物质相对。 解析：material 是物质名称，空格位于它前面，负责说明是哪一种物质；replace 表示替换，也提示这里需与新进入的物质作区别。已给 orig，只填 inal。,2026-09-27
R61,reading,complete_words,The night sky,适中,词形与句法,scatters / atmospheric / bright / between / stars / their / surroundings,每份（1 篇，10 个小题）,120,question_bank/sources/expanded_reading.py,通过散射和对比度的上下文还原较长词，注意 surroundings 的复数形式。 需要同义改写、复合句理解或联系相邻信息，不能只匹配一个关键词。,读懂：“Light scatters through atmospheric particles”意为“光通过大气中的微粒发生散射”，scatters 指“向不同方向散开”，不是集中成一束。 解析：这种散开的光形成明亮背景，使星星难辨。Light 在此指光这种现象，按单数处理；一般情况中 scatter 加 -s。已给 scat，只填 ters。,2026-09-27
R62,reading,complete_words,The night sky,适中,词形与句法,scatters / atmospheric / bright / between / stars / their / surroundings,每份（1 篇，10 个小题）,120,question_bank/sources/expanded_reading.py,通过散射和对比度的上下文还原较长词，注意 surroundings 的复数形式。 需要同义改写、复合句理解或联系相邻信息，不能只匹配一个关键词。,读懂：“atmospheric particles”意为“大气中的微粒”，atmospheric 是“与大气有关的”。城市灯光经过这些微粒散开，使天空背景变亮。 解析：particles 已经是微粒的名称，前面需要描述它们属于什么环境；atmospheric 来自 atmosphere（大气），在这里修饰 particles。已给 atmos，只填 pheric。,2026-09-27
R63,reading,complete_words,The night sky,适中,词形与句法,scatters / atmospheric / bright / between / stars / their / surroundings,每份（1 篇，10 个小题）,120,question_bank/sources/expanded_reading.py,通过散射和对比度的上下文还原较长词，注意 surroundings 的复数形式。 需要同义改写、复合句理解或联系相邻信息，不能只匹配一个关键词。,读懂：“and creates bright backgrounds”意为“并形成明亮的背景”，and 是“并且”。灯光散射和产生明亮背景属于同一说明。 解析：and 左边是 scatters，右边是 creates，两者共用 Light 这个主语；它们都是带 -s 的动作形式，构成相接的两个作用。已给 a，只填 nd。,2026-09-27
R64,reading,complete_words,The night sky,适中,词形与句法,scatters / atmospheric / bright / between / stars / their / surroundings,每份（1 篇，10 个小题）,120,question_bank/sources/expanded_reading.py,通过散射和对比度的上下文还原较长词，注意 surroundings 的复数形式。 需要同义改写、复合句理解或联系相邻信息，不能只匹配一个关键词。,读懂：“bright backgrounds”意为“明亮的背景”，bright 是“明亮的”。背景也亮起来时，远处的星星就不容易从中显现。 解析：backgrounds 是被描述的对象，空格要说明其明暗性质；前面的城市灯光和后面的对比度降低共同支持 bright，而不是无关的形状描述。已给 bri，只填 ght。,2026-09-27
R65,reading,complete_words,The night sky,适中,词形与句法,scatters / atmospheric / bright / between / stars / their / surroundings,每份（1 篇，10 个小题）,120,question_bank/sources/expanded_reading.py,通过散射和对比度的上下文还原较长词，注意 surroundings 的复数形式。 需要同义改写、复合句理解或联系相邻信息，不能只匹配一个关键词。,读懂：“backgrounds that reduce the contrast”意为“会降低对比度的背景”。that 在这里接着说明这些背景有什么作用，而不是单独表示“那个”。 解析：that 指向前面的 backgrounds，并在后半段充当执行 reduce 的对象；背景有多个，所以 reduce 不加 -s。已给 th，只填 at。,2026-09-27
R66,reading,complete_words,The night sky,适中,词形与句法,scatters / atmospheric / bright / between / stars / their / surroundings,每份（1 篇，10 个小题）,120,question_bank/sources/expanded_reading.py,通过散射和对比度的上下文还原较长词，注意 surroundings 的复数形式。 需要同义改写、复合句理解或联系相邻信息，不能只匹配一个关键词。,读懂：“the contrast”指“这种对比度”；后面的 between 说明它是远处星星与周围环境之间的明暗差别。the 在这里让所指更加明确。 解析：contrast 是被 reduce 降低的对象，后面的具体比较双方限定了谈论哪一种对比，所以用 the 指明，而不是泛泛提一种差异。已给 t，只填 he。,2026-09-27
R67,reading,complete_words,The night sky,适中,词形与句法,scatters / atmospheric / bright / between / stars / their / surroundings,每份（1 篇，10 个小题）,120,question_bank/sources/expanded_reading.py,通过散射和对比度的上下文还原较长词，注意 surroundings 的复数形式。 需要同义改写、复合句理解或联系相邻信息，不能只匹配一个关键词。,读懂：“between distant stars and their immediate surroundings”意为“在远处星星与其紧邻环境之间”，between 表示“在两者之间”。 解析：contrast 是对比，需要比较双方；between 接星星，and 引出周围环境，搭起两端的关系。已给 bet，只填 ween。,2026-09-27
R68,reading,complete_words,The night sky,适中,词形与句法,scatters / atmospheric / bright / between / stars / their / surroundings,每份（1 篇，10 个小题）,120,question_bank/sources/expanded_reading.py,通过散射和对比度的上下文还原较长词，注意 surroundings 的复数形式。 需要同义改写、复合句理解或联系相邻信息，不能只匹配一个关键词。,读懂：“distant stars”是“遥远的星星”，stars 是 star（星星）的复数。文章讨论城市灯光为什么会让原本熟悉的星星难以看见。 解析：distant 说明远近，后面需要被描述的天体名称；首句已经提到 stars，此处继续谈它们，后面的 their 也呼应多个星体。已给 st，只填 ars。,2026-09-27
R69,reading,complete_words,The night sky,适中,词形与句法,scatters / atmospheric / bright / between / stars / their / surroundings,每份（1 篇，10 个小题）,120,question_bank/sources/expanded_reading.py,通过散射和对比度的上下文还原较长词，注意 surroundings 的复数形式。 需要同义改写、复合句理解或联系相邻信息，不能只匹配一个关键词。,读懂：“their immediate surroundings”意为“它们紧邻的周围环境”，their 是“它们的”，这里指远处星星的周围，而不是城市灯的。 解析：between 比较 stars 和周围环境，后一个对象与前一个对象直接相关；surroundings 前需要表达所属关系，因此用 their 指回复数 stars。已给 th，只填 eir。,2026-09-27
R70,reading,complete_words,The night sky,适中,词形与句法,scatters / atmospheric / bright / between / stars / their / surroundings,每份（1 篇，10 个小题）,120,question_bank/sources/expanded_reading.py,通过散射和对比度的上下文还原较长词，注意 surroundings 的复数形式。 需要同义改写、复合句理解或联系相邻信息，不能只匹配一个关键词。,读懂：“immediate surroundings”意为“紧邻的周围环境”，surroundings 是“周围环境”，不是环绕这个动作。星星与附近背景的亮度差变小了。 解析：their 表示“它们的”，immediate 描述“紧邻的”，后面需要环境的名称。surroundings 表示周围环境时通常用这个带 -s 的形式。已给 surrou，只填 ndings。,2026-09-27
R71,reading,complete_words,Seeds on the move,简单,词形与句法,seeds / travel / water / others / themselves / animals / carry,每份（1 篇，10 个小题）,120,question_bank/sources/expanded_reading.py,种子传播是具体过程，wind、water 与 animals 提供可定位的语境。 主要依靠明确线索、常见表达或单一关系；适合作为基础练习。,读懂：“Their seeds can travel”意为“它们的种子可以移动”，seeds 是“种子”。植物自己不能走开，却能让种子到别处。 解析：Their 指前句植物的，后面需要属于植物的事物名称；后文 others 又谈其他种子，说明这里泛指多颗种子，使用复数 seeds。已给 se，只填 eds。,2026-09-27
R72,reading,complete_words,Seeds on the move,简单,词形与句法,seeds / travel / water / others / themselves / animals / carry,每份（1 篇，10 个小题）,120,question_bank/sources/expanded_reading.py,种子传播是具体过程，wind、water 与 animals 提供可定位的语境。 主要依靠明确线索、常见表达或单一关系；适合作为基础练习。,读懂：“travel with wind or water”意为“借助风或水移动”，travel 在这里指种子传播到别处，不是人外出旅游。 解析：can 表示“能够”，它后面的动作要用原形，即不加 -s、-ed 或 -ing 的形式；种子依靠风水移动也符合全文的传播主题。已给 tra，只填 vel。,2026-09-27
R73,reading,complete_words,Seeds on the move,简单,词形与句法,seeds / travel / water / others / themselves / animals / carry,每份（1 篇，10 个小题）,120,question_bank/sources/expanded_reading.py,种子传播是具体过程，wind、water 与 animals 提供可定位的语境。 主要依靠明确线索、常见表达或单一关系；适合作为基础练习。,读懂：“with wind or water”意为“借助风或水”，wind 是“风”。这两种自然力量可以把种子带离原来的生长地。 解析：with 后面交代移动所借助的力量，or 连接 wind 与 water 两个同类的自然因素；wind 在这里泛指风，不需要加复数 -s。已给 wi，只填 nd。,2026-09-27
R74,reading,complete_words,Seeds on the move,简单,词形与句法,seeds / travel / water / others / themselves / animals / carry,每份（1 篇，10 个小题）,120,question_bank/sources/expanded_reading.py,种子传播是具体过程，wind、water 与 animals 提供可定位的语境。 主要依靠明确线索、常见表达或单一关系；适合作为基础练习。,读懂：“wind or water”意为“风或水”，water 指能携带种子移动的“水”。or 表明这只是不同传播方式中的一种。 解析：water 与 wind 共同接在 with 后，都是可帮助种子移动的自然因素；这里说水这种物质，不按一份、两份计数，所以不加 -s。已给 wa，只填 ter。,2026-09-27
R75,reading,complete_words,Seeds on the move,简单,词形与句法,seeds / travel / water / others / themselves / animals / carry,每份（1 篇，10 个小题）,120,question_bank/sources/expanded_reading.py,种子传播是具体过程，wind、water 与 animals 提供可定位的语境。 主要依靠明确线索、常见表达或单一关系；适合作为基础练习。,读懂：“while others attach themselves to animals”意为“而其他种子会附着到动物身上”，others 指“其他种子”，不是其他动物。 解析：while 把两种传播方式作对照；others 自己已表示一组事物，后面不再重复 seeds。后面的 themselves 也对应多个种子。已给 oth，只填 ers。,2026-09-27
R76,reading,complete_words,Seeds on the move,简单,词形与句法,seeds / travel / water / others / themselves / animals / carry,每份（1 篇，10 个小题）,120,question_bank/sources/expanded_reading.py,种子传播是具体过程，wind、water 与 animals 提供可定位的语境。 主要依靠明确线索、常见表达或单一关系；适合作为基础练习。,读懂：“attach themselves to animals”意为“把自己附着到动物身上”，themselves 是“它们自己”，指采用这种传播方式的种子。 解析：attach 后要说明附着的是什么；执行这一行为的种子与被附着的对象是同一批，所以用 themselves。后面的 to animals 才是附着位置。已给 thems，只填 elves。,2026-09-27
R77,reading,complete_words,Seeds on the move,简单,词形与句法,seeds / travel / water / others / themselves / animals / carry,每份（1 篇，10 个小题）,120,question_bank/sources/expanded_reading.py,种子传播是具体过程，wind、water 与 animals 提供可定位的语境。 主要依靠明确线索、常见表达或单一关系；适合作为基础练习。,读懂：“animals that carry them”意为“携带它们的动物”，animals 是“动物”，them 指这些种子。动物能把附着的种子带远。 解析：to 后需要种子附着的对象，that 后的 carry 又补充动物的作用；这里泛指多只动物，animals 用复数，并与不加 -s 的 carry 呼应。已给 ani，只填 mals。,2026-09-27
R78,reading,complete_words,Seeds on the move,简单,词形与句法,seeds / travel / water / others / themselves / animals / carry,每份（1 篇，10 个小题）,120,question_bank/sources/expanded_reading.py,种子传播是具体过程，wind、water 与 animals 提供可定位的语境。 主要依靠明确线索、常见表达或单一关系；适合作为基础练习。,读懂：“carry them far from home”意为“把它们带到离原处很远的地方”，carry 是“携带”，them 指种子。 解析：执行 carry 的是前面的 animals，种子是被携带的对象；一般情况中，复数 animals 对应不加 -s 的 carry。已给 ca，只填 rry，注意原词有两个 r。,2026-09-27
R79,reading,complete_words,Seeds on the move,简单,词形与句法,seeds / travel / water / others / themselves / animals / carry,每份（1 篇，10 个小题）,120,question_bank/sources/expanded_reading.py,种子传播是具体过程，wind、water 与 animals 提供可定位的语境。 主要依靠明确线索、常见表达或单一关系；适合作为基础练习。,读懂：“far from home”意为“离原来的地方很远”，far 是“远”。种子被动物带离母株，距离增加可能减少竞争。 解析：carry them 后补充携带的距离，from 标明远离的起点；far 与 from 连用，直接说明距离远，不需要再增加一个动作词。已给 f，只填 ar。,2026-09-27
R80,reading,complete_words,Seeds on the move,简单,词形与句法,seeds / travel / water / others / themselves / animals / carry,每份（1 篇，10 个小题）,120,question_bank/sources/expanded_reading.py,种子传播是具体过程，wind、water 与 animals 提供可定位的语境。 主要依靠明确线索、常见表达或单一关系；适合作为基础练习。,读懂：“from home”在这里是“从原来的生长地点”，home 指种子的来源地，不是说种子像人一样住在房子里。 解析：from 后需要移动的起点；前文说植物不能离开生长地，后文又谈母株与后代的距离，因此 home 承接植物原来的所在地。已给 ho，只填 me。,2026-09-27
R81,reading,complete_words,Reading old maps,适中,词形与句法,which / their / considered / available / shaped / symbols / audiences,每份（1 篇，10 个小题）,120,question_bank/sources/expanded_reading.py,地图制作者的选择与受众相关，需要区分关系词及过去时动词。 需要同义改写、复合句理解或联系相邻信息，不能只匹配一个关键词。,读懂：“Maps also reveal”意为“地图还会显示”，also 是“也、还”。地图不只显示道路河流，还能反映制图者认为什么重要。 解析：首句的 more than 提示内容不止一层，also 接着添加另一种信息；它放在 Maps 后、reveal 前，修饰地图所显示的内容。已给 al，只填 so。,2026-09-27
R82,reading,complete_words,Reading old maps,适中,词形与句法,which / their / considered / available / shaped / symbols / audiences,每份（1 篇，10 个小题）,120,question_bank/sources/expanded_reading.py,地图制作者的选择与受众相关，需要区分关系词及过去时动词。 需要同义改写、复合句理解或联系相邻信息，不能只匹配一个关键词。,读懂：“which places their makers considered important”意为“制图者认为哪些地方重要”，which 是“哪些”。 解析：reveal 后说明地图揭示的内容；which 放在 places 前，从许多地方中选出被重视的那些。这段在陈述内容，their makers 仍在 considered 前。已给 wh，只填 ich。,2026-09-27
R83,reading,complete_words,Reading old maps,适中,词形与句法,which / their / considered / available / shaped / symbols / audiences,每份（1 篇，10 个小题）,120,question_bank/sources/expanded_reading.py,地图制作者的选择与受众相关，需要区分关系词及过去时动词。 需要同义改写、复合句理解或联系相邻信息，不能只匹配一个关键词。,读懂：“their makers”意为“它们的制作者”，即绘制这些地图的人，their 指地图的，而不是那些地方的。 解析：makers 前需要说明“谁的制作者”；虽然 places 离空格近，但地点不是被绘制的地图，逻辑上应回到本句 Maps。地图为复数，因此用 their。已给 th，只填 eir。,2026-09-27
R84,reading,complete_words,Reading old maps,适中,词形与句法,which / their / considered / available / shaped / symbols / audiences,每份（1 篇，10 个小题）,120,question_bank/sources/expanded_reading.py,地图制作者的选择与受众相关，需要区分关系词及过去时动词。 需要同义改写、复合句理解或联系相邻信息，不能只匹配一个关键词。,读懂：“their makers considered important”意为“它们的制作者认为重要”，considered 在这里是“认为”，不是仅仅“考虑一下”。 解析：前面的 places 是被评价的地方，important 是评价结果，构成“认为某物具有某特点”；谈历史制图者当时的判断，consider 用过去形式 considered。已给 consi，只填 dered。,2026-09-27
R85,reading,complete_words,Reading old maps,适中,词形与句法,which / their / considered / available / shaped / symbols / audiences,每份（1 篇，10 个小题）,120,question_bank/sources/expanded_reading.py,地图制作者的选择与受众相关，需要区分关系词及过去时动词。 需要同义改写、复合句理解或联系相邻信息，不能只匹配一个关键词。,读懂：“and how available information shaped the symbols”意为“以及可获得的信息怎样影响了符号”，and 表示“以及”，添加地图能揭示的第二类内容。 解析：前一部分回答“哪些地方重要”，后一部分回答“信息如何影响符号”；两部分都接在 reveal 后，地位相同，因此用 and。已给 a，只填 nd。,2026-09-27
R86,reading,complete_words,Reading old maps,适中,词形与句法,which / their / considered / available / shaped / symbols / audiences,每份（1 篇，10 个小题）,120,question_bank/sources/expanded_reading.py,地图制作者的选择与受众相关，需要区分关系词及过去时动词。 需要同义改写、复合句理解或联系相邻信息，不能只匹配一个关键词。,读懂：“available information”意为“当时可获得的信息”，available 是“可得到、可利用的”。制图者掌握多少资料，会影响地图上的表示方式。 解析：information 是信息，空格在其前面，需要描述信息是否能被获取；后文空白地区可能源于知识有限，也支持这种资料受限的意思。已给 avai，只填 lable。,2026-09-27
R87,reading,complete_words,Reading old maps,适中,词形与句法,which / their / considered / available / shaped / symbols / audiences,每份（1 篇，10 个小题）,120,question_bank/sources/expanded_reading.py,地图制作者的选择与受众相关，需要区分关系词及过去时动词。 需要同义改写、复合句理解或联系相邻信息，不能只匹配一个关键词。,读懂：“shaped the symbols”意为“影响了符号的设计”，shaped 在这里是“塑造、影响”，不只是把东西做成某种外形。 解析：执行这一作用的是 available information，受影响的是 symbols；资料影响制图选择，且谈的是历史上的过程，因此 shape 加 -d 成 shaped。已给 sha，只填 ped。,2026-09-27
R88,reading,complete_words,Reading old maps,适中,词形与句法,which / their / considered / available / shaped / symbols / audiences,每份（1 篇，10 个小题）,120,question_bank/sources/expanded_reading.py,地图制作者的选择与受众相关，需要区分关系词及过去时动词。 需要同义改写、复合句理解或联系相邻信息，不能只匹配一个关键词。,读懂：“the symbols chosen for different audiences”意为“为不同读者选用的符号”，symbols 是“符号”。后面的城镇标记例子说明地图符号并非只反映实际大小。 解析：shaped 后需要受影响的对象，chosen 再说明这些符号如何被选用；这里谈多种符号，用 symbol 的复数。已给 sym，只填 bols。,2026-09-27
R89,reading,complete_words,Reading old maps,适中,词形与句法,which / their / considered / available / shaped / symbols / audiences,每份（1 篇，10 个小题）,120,question_bank/sources/expanded_reading.py,地图制作者的选择与受众相关，需要区分关系词及过去时动词。 需要同义改写、复合句理解或联系相邻信息，不能只匹配一个关键词。,读懂：“chosen for different audiences”意为“为不同读者选用的”，for 表示“面向、为了”。符号的选择与预期使用地图的人有关。 解析：chosen 说被选用，different audiences 是服务的对象；for 把选择与目标读者连接起来，并不是说明是谁亲手选择符号。已给 f，只填 or。,2026-09-27
R90,reading,complete_words,Reading old maps,适中,词形与句法,which / their / considered / available / shaped / symbols / audiences,每份（1 篇，10 个小题）,120,question_bank/sources/expanded_reading.py,地图制作者的选择与受众相关，需要区分关系词及过去时动词。 需要同义改写、复合句理解或联系相邻信息，不能只匹配一个关键词。,读懂：“different audiences”意为“不同的读者群体”，audiences 在地图语境下指使用或阅读地图的人，不限于看演出的观众。 解析：different 表示多种受众群体，因此 audience 用复数；for 也表明这些人是符号设计所面向的对象。结尾的 intended audience 再次强调目标读者。已给 audi，只填 ences。,2026-09-27
R91,reading,complete_words,Sound underwater,困难,词形与句法,gradients / acoustic / because / increases / depth / signals / follow / trajectories / routes,每份（1 篇，10 个小题）,120,question_bank/sources/expanded_reading.py,梯度、声学路径与弯曲轨迹组成因果链；释义线索在后文，不依赖课外物理知识。 需要处理抽象关系、限制条件、隐含态度或更复杂句法，并排除同主题的近似解释。,读懂：“Temperature gradients”意为“温度梯度”，即温度随位置而变化的情况；gradients 是“梯度”，后文具体提到不同深度的温度变化。 解析：Temperature 说明是哪一种梯度，后面 alter 表示“改变”，这里需要执行这一作用的事物名称。原文用复数 gradients，与不加 -s 的 alter 呼应。已给 grad，只填 ients。,2026-09-27
R92,reading,complete_words,Sound underwater,困难,词形与句法,gradients / acoustic / because / increases / depth / signals / follow / trajectories / routes,每份（1 篇，10 个小题）,120,question_bank/sources/expanded_reading.py,梯度、声学路径与弯曲轨迹组成因果链；释义线索在后文，不依赖课外物理知识。 需要处理抽象关系、限制条件、隐含态度或更复杂句法，并排除同主题的近似解释。,读懂：“acoustic pathways”意为“声音传播的路径”，acoustic 是“与声音有关的”。全文讨论声音在水中的传播，而非道路规划。 解析：pathways 已表示路径，空格需要描述路径的类别；开头 Sound 和后面的 signals 都把范围限定在声音，因此用 acoustic 修饰。已给 acou，只填 stic。,2026-09-27
R93,reading,complete_words,Sound underwater,困难,词形与句法,gradients / acoustic / because / increases / depth / signals / follow / trajectories / routes,每份（1 篇，10 个小题）,120,question_bank/sources/expanded_reading.py,梯度、声学路径与弯曲轨迹组成因果链；释义线索在后文，不依赖课外物理知识。 需要处理抽象关系、限制条件、隐含态度或更复杂句法，并排除同主题的近似解释。,读懂：“because pressure increases with depth”意为“因为压力随深度增加”，because 是“因为”。作者用这部分解释前面所说的传播路径变化。 解析：空后有 pressure 和 increases，构成完整的“什么发生怎样的变化”；because 把这段原因接到前面的结果，而不是只接一个事物名称。已给 bec，只填 ause。,2026-09-27
R94,reading,complete_words,Sound underwater,困难,词形与句法,gradients / acoustic / because / increases / depth / signals / follow / trajectories / routes,每份（1 篇，10 个小题）,120,question_bank/sources/expanded_reading.py,梯度、声学路径与弯曲轨迹组成因果链；释义线索在后文，不依赖课外物理知识。 需要处理抽象关系、限制条件、隐含态度或更复杂句法，并排除同主题的近似解释。,读懂：“pressure increases with depth”意为“压力随深度增加”，increases 是“增加”。这里说明水越深，压力越大。 解析：pressure 是压力，在这里作为整体概念按单数处理；描述一般关系，increase 要加 -s，成为 increases。with depth 补充这种增加与深度有关。已给 incr，只填 eases。,2026-09-27
R95,reading,complete_words,Sound underwater,困难,词形与句法,gradients / acoustic / because / increases / depth / signals / follow / trajectories / routes,每份（1 篇，10 个小题）,120,question_bank/sources/expanded_reading.py,梯度、声学路径与弯曲轨迹组成因果链；释义线索在后文，不依赖课外物理知识。 需要处理抽象关系、限制条件、隐含态度或更复杂句法，并排除同主题的近似解释。,读懂：“with depth”在这里表示“随着深度增加”，depth 是“深度”，不是描述“深的”的 deep。前面的 pressure 是随之变化的量。 解析：with 后要接“什么因素”的名称，因此需要 depth；下一句 from one depth to another 也再次用这个名称说明不同水层。已给 de，只填 pth。,2026-09-27
R96,reading,complete_words,Sound underwater,困难,词形与句法,gradients / acoustic / because / increases / depth / signals / follow / trajectories / routes,每份（1 篇，10 个小题）,120,question_bank/sources/expanded_reading.py,梯度、声学路径与弯曲轨迹组成因果链；释义线索在后文，不依赖课外物理知识。 需要处理抽象关系、限制条件、隐含态度或更复杂句法，并排除同主题的近似解释。,读懂：“causing signals to follow curved trajectories”意为“使信号沿弯曲轨迹传播”，signals 是“信号”，在本文中指声音信号。 解析：causing 后先说明受影响的对象，再用 to follow 说明这些对象会怎样；signals 正是被影响的一方，此处泛指多个信号，用复数。已给 sig，只填 nals。,2026-09-27
R97,reading,complete_words,Sound underwater,困难,词形与句法,gradients / acoustic / because / increases / depth / signals / follow / trajectories / routes,每份（1 篇，10 个小题）,120,question_bank/sources/expanded_reading.py,梯度、声学路径与弯曲轨迹组成因果链；释义线索在后文，不依赖课外物理知识。 需要处理抽象关系、限制条件、隐含态度或更复杂句法，并排除同主题的近似解释。,读懂：“follow curved trajectories”意为“沿着弯曲轨迹传播”，follow 在这里是“沿着”，不是关注某个人。声音信号走的不是直线路径。 解析：causing signals to 后面要接动作原形，即不加 -s、-ed 或 -ing 的形式；follow 又能直接接所沿的路径。已给 fol，只填 low。,2026-09-27
R98,reading,complete_words,Sound underwater,困难,词形与句法,gradients / acoustic / because / increases / depth / signals / follow / trajectories / routes,每份（1 篇，10 个小题）,120,question_bank/sources/expanded_reading.py,梯度、声学路径与弯曲轨迹组成因果链；释义线索在后文，不依赖课外物理知识。 需要处理抽象关系、限制条件、隐含态度或更复杂句法，并排除同主题的近似解释。,读懂：“curved trajectories”意为“弯曲的轨迹”，trajectories 是 trajectory（轨迹）的复数。下一句用 curved paths 再次说明这些弯曲路线。 解析：follow 后需要所沿的路径名称，curved 描述其弯曲形状；多个轨迹用 trajectories，词尾由 -y 变为 -ies。已给 trajec，只填 tories。,2026-09-27
R99,reading,complete_words,Sound underwater,困难,词形与句法,gradients / acoustic / because / increases / depth / signals / follow / trajectories / routes,每份（1 篇，10 个小题）,120,question_bank/sources/expanded_reading.py,梯度、声学路径与弯曲轨迹组成因果链；释义线索在后文，不依赖课外物理知识。 需要处理抽象关系、限制条件、隐含态度或更复杂句法，并排除同主题的近似解释。,读懂：“rather than direct routes”意为“而不是直线路径”，than 与前面的 rather 一起表示选择前者而非后者。 解析：curved trajectories 与 direct routes 是被对照的两种传播路线，rather 已给出，后面需要 than 才能完整表达这种排除关系。已给 th，只填 an。,2026-09-27
R100,reading,complete_words,Sound underwater,困难,词形与句法,gradients / acoustic / because / increases / depth / signals / follow / trajectories / routes,每份（1 篇，10 个小题）,120,question_bank/sources/expanded_reading.py,梯度、声学路径与弯曲轨迹组成因果链；释义线索在后文，不依赖课外物理知识。 需要处理抽象关系、限制条件、隐含态度或更复杂句法，并排除同主题的近似解释。,读懂：“direct routes”在这里指“直线路径”，routes 是“路线”。它与前面的弯曲轨迹相对，谈的仍是声音的传播路线。 解析：direct 描述路径特点，后面要接事物名称；rather than 两边分别是 trajectories 和 routes，都是复数的路线名称。已给 rou，只填 tes。,2026-09-27
R101,reading,complete_words,Ceramics and temperature,适中,词形与句法,changes / structure / makes / vessels / material / which / originally,每份（1 篇，10 个小题）,120,question_bank/sources/expanded_reading.py,从加热与材料强度的比较还原词形，处理 which 引导的从句和副词。 需要同义改写、复合句理解或联系相邻信息，不能只匹配一个关键词。,读懂：“Heating changes the structure of clay”意为“加热改变黏土的结构”，changes 是“改变”。下文再说明制成的器皿变得更坚固。 解析：Heating 虽以 -ing 结尾，但这里给“加热这件事”命名，作为一个整体按单数处理；一般情况中的 change 因此加 -s。已给 cha，只填 nges。,2026-09-27
R102,reading,complete_words,Ceramics and temperature,适中,词形与句法,changes / structure / makes / vessels / material / which / originally,每份（1 篇，10 个小题）,120,question_bank/sources/expanded_reading.py,从加热与材料强度的比较还原词形，处理 which 引导的从句和副词。 需要同义改写、复合句理解或联系相邻信息，不能只匹配一个关键词。,读懂：“the structure of clay”意为“黏土的结构”，structure 指物质各部分的组织方式。加热会改变这种结构，使器皿更坚固。 解析：changes 后要交代“改变什么”，the 后需要这个对象的名称，of clay 再说明属于哪种物质，因此填 structure。已给 stru，只填 cture。,2026-09-27
R103,reading,complete_words,Ceramics and temperature,适中,词形与句法,changes / structure / makes / vessels / material / which / originally,每份（1 篇，10 个小题）,120,question_bank/sources/expanded_reading.py,从加热与材料强度的比较还原词形，处理 which 引导的从句和副词。 需要同义改写、复合句理解或联系相邻信息，不能只匹配一个关键词。,读懂：“the structure of clay”是“黏土的结构”，clay 是“黏土”。首句提到用它制成器皿，下文讨论加热后的性质。 解析：of 后说明结构属于哪种材料；clay 作为材料名称，指黏土这种物质，通常不直接按一个、两个计数，所以这里不加 -s。已给 cl，只填 ay。,2026-09-27
R104,reading,complete_words,Ceramics and temperature,适中,词形与句法,changes / structure / makes / vessels / material / which / originally,每份（1 篇，10 个小题）,120,question_bank/sources/expanded_reading.py,从加热与材料强度的比较还原词形，处理 which 引导的从句和副词。 需要同义改写、复合句理解或联系相邻信息，不能只匹配一个关键词。,读懂：“makes finished vessels stronger”意为“使制成的器皿更加坚固”，makes 是“使、让”，这里不只是“制造”。 解析：结构是“使＋某物＋具有某特点”，vessels 是发生变化的器皿，stronger 是结果；makes 与 changes 共用 Heating 这个整体主语，所以加 -s。已给 ma，只填 kes。,2026-09-27
R105,reading,complete_words,Ceramics and temperature,适中,词形与句法,changes / structure / makes / vessels / material / which / originally,每份（1 篇，10 个小题）,120,question_bank/sources/expanded_reading.py,从加热与材料强度的比较还原词形，处理 which 引导的从句和副词。 需要同义改写、复合句理解或联系相邻信息，不能只匹配一个关键词。,读懂：“finished vessels”意为“制成的器皿”，vessels 在这里是盛东西的容器，不是船只或血管。全文谈黏土器皿的烧制。 解析：finished 描述已制成的状态，后面需要被加热变坚固的物品名称；首句 Clay vessels 和后文 pots 都支持这一词义，原文用复数。已给 ves，只填 sels。,2026-09-27
R106,reading,complete_words,Ceramics and temperature,适中,词形与句法,changes / structure / makes / vessels / material / which / originally,每份（1 篇，10 个小题）,120,question_bank/sources/expanded_reading.py,从加热与材料强度的比较还原词形，处理 which 引导的从句和副词。 需要同义改写、复合句理解或联系相邻信息，不能只匹配一个关键词。,读懂：“stronger than the material”意为“比那种材料更坚固”，than 是“比”。比较的是制成的器皿与原先塑形所用的黏土。 解析：stronger 已表示“更坚固”，than 再引出被比较的另一方；缺它就不能把器皿和原材料清楚地连成比较关系。已给 th，只填 an。,2026-09-27
R107,reading,complete_words,Ceramics and temperature,适中,词形与句法,changes / structure / makes / vessels / material / which / originally,每份（1 篇，10 个小题）,120,question_bank/sources/expanded_reading.py,从加热与材料强度的比较还原词形，处理 which 引导的从句和副词。 需要同义改写、复合句理解或联系相邻信息，不能只匹配一个关键词。,读懂：“the material from which craftspeople originally shaped them”意为“工匠最初用来把它们塑造成形的材料”，material 就是“材料”，这里指黏土。 解析：than 后需要比较对象，the 后的 material 给它命名；from which 再说明成品来源于这种材料，此处把材料作为整体。已给 mate，只填 rial。,2026-09-27
R108,reading,complete_words,Ceramics and temperature,适中,词形与句法,changes / structure / makes / vessels / material / which / originally,每份（1 篇，10 个小题）,120,question_bank/sources/expanded_reading.py,从加热与材料强度的比较还原词形，处理 which 引导的从句和副词。 需要同义改写、复合句理解或联系相邻信息，不能只匹配一个关键词。,读懂：“from which craftspeople originally shaped them”意为“工匠最初用它把器皿塑造成形”，which 指前面的 material，from 表示材料来源。 解析：这段不是另问“哪一个”，而是继续说明那种材料；which 代替 material，放在 from 后，让后面的制作过程与材料相连。已给 wh，只填 ich。,2026-09-27
R109,reading,complete_words,Ceramics and temperature,适中,词形与句法,changes / structure / makes / vessels / material / which / originally,每份（1 篇，10 个小题）,120,question_bank/sources/expanded_reading.py,从加热与材料强度的比较还原词形，处理 which 引导的从句和副词。 需要同义改写、复合句理解或联系相邻信息，不能只匹配一个关键词。,读懂：“craftspeople originally shaped them”意为“工匠最初把它们塑造成形”，originally 是“最初、原先”，说明塑形发生的阶段。 解析：空格修饰 shaped 这个动作，交代何时塑形，并非描述工匠是什么样的人；因此用 originally，而不是表示“原来的”的 original。已给 origi，只填 nally。,2026-09-27
R110,reading,complete_words,Ceramics and temperature,适中,词形与句法,changes / structure / makes / vessels / material / which / originally,每份（1 篇，10 个小题）,120,question_bank/sources/expanded_reading.py,从加热与材料强度的比较还原词形，处理 which 引导的从句和副词。 需要同义改写、复合句理解或联系相邻信息，不能只匹配一个关键词。,读懂：“shaped them”意为“把它们塑造成形”，them 指前面的器皿，不是把黏土和工匠一起指进去。 解析：shaped 后需要被塑形的对象；vessels 是复数，且处在接受动作的位置，所以用 them。craftspeople 才是执行塑形的人。已给 th，只填 em。,2026-09-27
R111,reading,complete_words,Pollination networks,适中,词形与句法,species / flowers / different / which / pollination / conditions / during / warmer / season,每份（1 篇，10 个小题）,120,question_bank/sources/expanded_reading.py,物种访问与环境条件变化跨分句关联，注意物种词形和关系词。 需要同义改写、复合句理解或联系相邻信息，不能只匹配一个关键词。,读懂：“Different species visit flowers”意为“不同物种会造访花朵”，species 是“物种”。这些动物在不同时间活动，有助于维持授粉。 解析：Different 表示不止一种，visit 也采用对应多个物种的形式；species 的单数和复数拼写相同，本身就以 -s 结尾，不再加一个 s。已给 spe，只填 cies。,2026-09-27
R112,reading,complete_words,Pollination networks,适中,词形与句法,species / flowers / different / which / pollination / conditions / during / warmer / season,每份（1 篇，10 个小题）,120,question_bank/sources/expanded_reading.py,物种访问与环境条件变化跨分句关联，注意物种词形和关系词。 需要同义改写、复合句理解或联系相邻信息，不能只匹配一个关键词。,读懂：“visit flowers”意为“造访花朵”，flowers 是“花”。结合首句，动物在花朵间移动时可以传递花粉。 解析：visit 后面直接接造访的对象，空格需要事物名称，不必额外加 to；文章泛指不同花朵，因此 flower 用复数 flowers。已给 flo，只填 wers。,2026-09-27
R113,reading,complete_words,Pollination networks,适中,词形与句法,species / flowers / different / which / pollination / conditions / during / warmer / season,每份（1 篇，10 个小题）,120,question_bank/sources/expanded_reading.py,物种访问与环境条件变化跨分句关联，注意物种词形和关系词。 需要同义改写、复合句理解或联系相邻信息，不能只匹配一个关键词。,读懂：“at different times”意为“在不同的时间”，different 是“不同的”。不同物种并不全在同一个时间造访花朵。 解析：at 引出活动时间，times 是多个时点，空格负责说明这些时点互不相同；这种错开时间的活动安排也解释了后文为何能帮助维持授粉。已给 diff，只填 erent。,2026-09-27
R114,reading,complete_words,Pollination networks,适中,词形与句法,species / flowers / different / which / pollination / conditions / during / warmer / season,每份（1 篇，10 个小题）,120,question_bank/sources/expanded_reading.py,物种访问与环境条件变化跨分句关联，注意物种词形和关系词。 需要同义改写、复合句理解或联系相邻信息，不能只匹配一个关键词。,读懂：“which can help maintain pollination”意为“这有助于维持授粉”，which 在这里回指不同物种在不同时间访花这整件事。 解析：逗号后的 which 接续说明前一情况的作用，不只是指紧挨着的 times；can help 又表明这是可能带来的帮助，并非必然保证。已给 wh，只填 ich。,2026-09-27
R115,reading,complete_words,Pollination networks,适中,词形与句法,species / flowers / different / which / pollination / conditions / during / warmer / season,每份（1 篇，10 个小题）,120,question_bank/sources/expanded_reading.py,物种访问与环境条件变化跨分句关联，注意物种词形和关系词。 需要同义改写、复合句理解或联系相邻信息，不能只匹配一个关键词。,读懂：“can help maintain pollination”意为“能够帮助维持授粉”，help 是“帮助”。错开时间的访花活动可以让授粉持续进行。 解析：can 后面的动作采用原形，即不加 -s、-ed 或 -ing；help 后又可直接接 maintain，表示帮助完成“维持”这一动作。已给 he，只填 lp。,2026-09-27
R116,reading,complete_words,Pollination networks,适中,词形与句法,species / flowers / different / which / pollination / conditions / during / warmer / season,每份（1 篇，10 个小题）,120,question_bank/sources/expanded_reading.py,物种访问与环境条件变化跨分句关联，注意物种词形和关系词。 需要同义改写、复合句理解或联系相邻信息，不能只匹配一个关键词。,读懂：“maintain pollination”意为“维持授粉”，pollination 是“授粉”，与首句动物在花朵间传递花粉的作用相呼应。 解析：maintain 后需要说明维持的活动或过程，因此用过程名称 pollination，而不是另放一个未连接的动作；它以 -ation 结尾。已给 polli，只填 nation。,2026-09-27
R117,reading,complete_words,Pollination networks,适中,词形与句法,species / flowers / different / which / pollination / conditions / during / warmer / season,每份（1 篇，10 个小题）,120,question_bank/sources/expanded_reading.py,物种访问与环境条件变化跨分句关联，注意物种词形和关系词。 需要同义改写、复合句理解或联系相邻信息，不能只匹配一个关键词。,读懂：“when conditions change”意为“当条件发生变化时”，conditions 是“条件”，这里指生长季中的环境状况。 解析：when 后需要完整的“什么发生变化”，conditions 是发生变化的一方；这里泛指多项条件，用复数，并与不加 -s 的 change 对应。已给 condi，只填 tions。,2026-09-27
R118,reading,complete_words,Pollination networks,适中,词形与句法,species / flowers / different / which / pollination / conditions / during / warmer / season,每份（1 篇，10 个小题）,120,question_bank/sources/expanded_reading.py,物种访问与环境条件变化跨分句关联，注意物种词形和关系词。 需要同义改写、复合句理解或联系相邻信息，不能只匹配一个关键词。,读懂：“during the warmer growing season”意为“在较暖的生长季期间”，during 表示“在……期间”。它说明条件变化发生在哪段时间。 解析：空后虽然有多个描述词，但中心是 season 这个时段名称，并没有新的“谁做什么”；during 可以直接接整段时间名称。已给 dur，只填 ing。,2026-09-27
R119,reading,complete_words,Pollination networks,适中,词形与句法,species / flowers / different / which / pollination / conditions / during / warmer / season,每份（1 篇，10 个小题）,120,question_bank/sources/expanded_reading.py,物种访问与环境条件变化跨分句关联，注意物种词形和关系词。 需要同义改写、复合句理解或联系相邻信息，不能只匹配一个关键词。,读懂：“the warmer growing season”意为“较暖的生长季”，warmer 是“更暖的”，不是“最暖的”。这里用温暖程度描述生长季。 解析：season 是被描述的时段，warm 加 -er 表示相对更暖；句中虽有 the，也不意味着一定使用“最……”的形式。已给 war，只填 mer。,2026-09-27
R120,reading,complete_words,Pollination networks,适中,词形与句法,species / flowers / different / which / pollination / conditions / during / warmer / season,每份（1 篇，10 个小题）,120,question_bank/sources/expanded_reading.py,物种访问与环境条件变化跨分句关联，注意物种词形和关系词。 需要同义改写、复合句理解或联系相邻信息，不能只匹配一个关键词。,读懂：“growing season”意为“生长季”，season 是“季节、时期”。这段时间里环境会变化，而不同动物能参与授粉。 解析：the warmer growing 后需要一个时段名称；growing 在这里说明这个季节用于生长，不是在单独陈述“正在长”。原文指这个生长季，用 season。已给 sea，只填 son。,2026-09-27
R121,reading,complete_words,Learning a route,简单,词形与句法,landmarks / useful / recognize / appear / places / travelers / choose / directions,每份（1 篇，10 个小题）,120,question_bank/sources/expanded_reading.py,具体导航情境提供地标、识别、选择方向等常见线索。 主要依靠明确线索、常见表达或单一关系；适合作为基础练习。,读懂：“Familiar landmarks”意为“熟悉的地标”，landmarks 是能帮助辨认位置的显著地点。首句说记路可依靠沿途有特色的地方。 解析：Familiar 说明熟悉程度，后面需要这类地点的名称；landmarks 是复数，与后面的 become 和 they 相呼应。已给 land，只填 marks。,2026-09-27
R122,reading,complete_words,Learning a route,简单,词形与句法,landmarks / useful / recognize / appear / places / travelers / choose / directions,每份（1 篇，10 个小题）,120,question_bank/sources/expanded_reading.py,具体导航情境提供地标、识别、选择方向等常见线索。 主要依靠明确线索、常见表达或单一关系；适合作为基础练习。,读懂：“become useful”意为“变得有用”，useful 是“有帮助的”。地标在容易辨认、又靠近需要转向的位置时，能帮助人记路。 解析：become 后说明地标变成什么状态，因此用描述性质的 useful；use 加 -ful 表示具有用途，这里不是描述使用这个动作。已给 use，只填 ful。,2026-09-27
R123,reading,complete_words,Learning a route,简单,词形与句法,landmarks / useful / recognize / appear / places / travelers / choose / directions,每份（1 篇，10 个小题）,120,question_bank/sources/expanded_reading.py,具体导航情境提供地标、识别、选择方向等常见线索。 主要依靠明确线索、常见表达或单一关系；适合作为基础练习。,读懂：“when they are easy to recognize”意为“当它们容易辨认时”，they 指前面的地标，不是还未出现的旅行者。 解析：are 前缺少被描述的一方；landmarks 是多个地标，they 可以代替它们并执行本句的主语作用，也就是说明“谁容易辨认”。已给 th，只填 ey。,2026-09-27
R124,reading,complete_words,Learning a route,简单,词形与句法,landmarks / useful / recognize / appear / places / travelers / choose / directions,每份（1 篇，10 个小题）,120,question_bank/sources/expanded_reading.py,具体导航情境提供地标、识别、选择方向等常见线索。 主要依靠明确线索、常见表达或单一关系；适合作为基础练习。,读懂：“easy to recognize”意为“容易辨认”，easy 是“容易的”。熟悉且容易认出的地标才更能帮助记住路线。 解析：are 后要说明地标具有怎样的特点，easy 描述的是辨认难度；to recognize 再说明“做什么容易”，两部分合起来才把意思说全。已给 ea，只填 sy。,2026-09-27
R125,reading,complete_words,Learning a route,简单,词形与句法,landmarks / useful / recognize / appear / places / travelers / choose / directions,每份（1 篇，10 个小题）,120,question_bank/sources/expanded_reading.py,具体导航情境提供地标、识别、选择方向等常见线索。 主要依靠明确线索、常见表达或单一关系；适合作为基础练习。,读懂：“to recognize”在这里指“去辨认、认出”，recognize 说明看到熟悉地标时知道它是什么，而非发现全新的地点。 解析：前面 easy 表示容易，to 后的 recognize 说明具体哪种行为容易；此处用动作原形，不加 -s 或 -ing。已给 reco，只填 gnize。,2026-09-27
R126,reading,complete_words,Learning a route,简单,词形与句法,landmarks / useful / recognize / appear / places / travelers / choose / directions,每份（1 篇，10 个小题）,120,question_bank/sources/expanded_reading.py,具体导航情境提供地标、识别、选择方向等常见线索。 主要依靠明确线索、常见表达或单一关系；适合作为基础练习。,读懂：“appear near places”意为“出现在一些地点附近”，appear 是“出现”。有用的地标靠近旅行者需要选择方向的位置。 解析：appear 与前面的 are 共用 they，描述地标的另一特点；they 指多个地标，说明一般情况时 appear 不加 -s，near 再引出位置。已给 app，只填 ear。,2026-09-27
R127,reading,complete_words,Learning a route,简单,词形与句法,landmarks / useful / recognize / appear / places / travelers / choose / directions,每份（1 篇，10 个小题）,120,question_bank/sources/expanded_reading.py,具体导航情境提供地标、识别、选择方向等常见线索。 主要依靠明确线索、常见表达或单一关系；适合作为基础练习。,读懂：“places where travelers must choose new directions”意为“旅行者必须选择新方向的地点”，places 是“地方、地点”。 解析：near 后需要位置名称，where 后面进一步说明这些地点发生什么；这里指路线中这类地点，用复数 places。已给 pla，只填 ces。,2026-09-27
R128,reading,complete_words,Learning a route,简单,词形与句法,landmarks / useful / recognize / appear / places / travelers / choose / directions,每份（1 篇，10 个小题）,120,question_bank/sources/expanded_reading.py,具体导航情境提供地标、识别、选择方向等常见线索。 主要依靠明确线索、常见表达或单一关系；适合作为基础练习。,读懂：“travelers must choose new directions”意为“旅行者必须选择新的方向”，travelers 是“旅行者、行路的人”。地标帮助这些人在路线变化处辨路。 解析：must choose 前需要做选择的人，travel 加 -er 可表示从事该活动的人；这里泛指多人，末尾加 -s。已给 trav，只填 elers。,2026-09-27
R129,reading,complete_words,Learning a route,简单,词形与句法,landmarks / useful / recognize / appear / places / travelers / choose / directions,每份（1 篇，10 个小题）,120,question_bank/sources/expanded_reading.py,具体导航情境提供地标、识别、选择方向等常见线索。 主要依靠明确线索、常见表达或单一关系；适合作为基础练习。,读懂：“choose new directions”意为“选择新的方向”，choose 是“选择”。地标若出现在需要改变行进方向的位置，就特别有用。 解析：must 表示“必须”，后面直接接动作原形，不因 travelers 是复数而另加词尾；new directions 正是所选择的内容。已给 cho，只填 ose。,2026-09-27
R130,reading,complete_words,Learning a route,简单,词形与句法,landmarks / useful / recognize / appear / places / travelers / choose / directions,每份（1 篇，10 个小题）,120,question_bank/sources/expanded_reading.py,具体导航情境提供地标、识别、选择方向等常见线索。 主要依靠明确线索、常见表达或单一关系；适合作为基础练习。,读懂：“new directions”意为“新的行进方向”，directions 在这里不是使用说明，而是旅行者接下来往哪里走。 解析：choose 后需要被选择的对象，new 又在描述它们；全文谈路线与地标，因此使用方向这个意思，并采用复数 directions。已给 direc，只填 tions。,2026-09-27
R131,reading,complete_words,Desert surfaces,适中,词形与句法,organisms / layers / desert / where / loose / together / reduce / erosion,每份（1 篇，10 个小题）,120,question_bank/sources/expanded_reading.py,微生物、土壤层和侵蚀之间的机制在文中呈现，需跟踪动作与地点关系。 需要同义改写、复合句理解或联系相邻信息，不能只匹配一个关键词。,读懂：“Tiny organisms”意为“微小的生物”，organisms 是“生物、有机体”。沙漠远看似乎没有生命，但这些小生物能形成覆盖层。 解析：Tiny 描述体积小，后面需要被描述的生物名称；原文概括多个生物，用复数 organisms，与后面的 form 对应。已给 orga，只填 nisms。,2026-09-27
R132,reading,complete_words,Desert surfaces,适中,词形与句法,organisms / layers / desert / where / loose / together / reduce / erosion,每份（1 篇，10 个小题）,120,question_bank/sources/expanded_reading.py,微生物、土壤层和侵蚀之间的机制在文中呈现，需跟踪动作与地点关系。 需要同义改写、复合句理解或联系相邻信息，不能只匹配一个关键词。,读懂：“form living layers”意为“形成有生命的覆盖层”，form 在这里是“形成”，不是表格这个名词意思。 解析：organisms 是产生作用的生物，layers 是形成的东西，中间需要动作；主语是复数，概括一般现象时 form 不加 -s，often 表示经常。已给 fo，只填 rm。,2026-09-27
R133,reading,complete_words,Desert surfaces,适中,词形与句法,organisms / layers / desert / where / loose / together / reduce / erosion,每份（1 篇，10 个小题）,120,question_bank/sources/expanded_reading.py,微生物、土壤层和侵蚀之间的机制在文中呈现，需跟踪动作与地点关系。 需要同义改写、复合句理解或联系相邻信息，不能只匹配一个关键词。,读懂：“living layers on desert soil”意为“沙漠土壤上有生命的覆盖层”，layers 是“层、覆盖层”。它们由微小生物形成，能帮助保护土壤。 解析：form 后需要所形成的事物名称，living 描述这些层有生命，on desert soil 补充位置；此处概括这类层，用复数 layers。已给 lay，只填 ers。,2026-09-27
R134,reading,complete_words,Desert surfaces,适中,词形与句法,organisms / layers / desert / where / loose / together / reduce / erosion,每份（1 篇，10 个小题）,120,question_bank/sources/expanded_reading.py,微生物、土壤层和侵蚀之间的机制在文中呈现，需跟踪动作与地点关系。 需要同义改写、复合句理解或联系相邻信息，不能只匹配一个关键词。,读懂：“desert soil”意为“沙漠土壤”，desert 是“沙漠”，说明这些生物覆盖层生长在哪里，不是表示放弃的动作。 解析：soil 已是土壤名称，前面的 desert 限定它所属的环境；一个事物名称也能放在另一个名称前作说明。首句 desert landscape 呼应同一环境。已给 des，只填 ert。,2026-09-27
R135,reading,complete_words,Desert surfaces,适中,词形与句法,organisms / layers / desert / where / loose / together / reduce / erosion,每份（1 篇，10 个小题）,120,question_bank/sources/expanded_reading.py,微生物、土壤层和侵蚀之间的机制在文中呈现，需跟踪动作与地点关系。 需要同义改写、复合句理解或联系相邻信息，不能只匹配一个关键词。,读懂：“where they help hold loose particles together”意为“在那里，它们帮助把松散颗粒固定在一起”，where 指前面的沙漠土壤这一位置。 解析：后面已有 they 执行动作，缺的不是“谁”，而是把这段作用与发生地点联系起来的词，因此用 where。已给 wh，只填 ere。,2026-09-27
R136,reading,complete_words,Desert surfaces,适中,词形与句法,organisms / layers / desert / where / loose / together / reduce / erosion,每份（1 篇，10 个小题）,120,question_bank/sources/expanded_reading.py,微生物、土壤层和侵蚀之间的机制在文中呈现，需跟踪动作与地点关系。 需要同义改写、复合句理解或联系相邻信息，不能只匹配一个关键词。,读懂：“help hold loose particles together”意为“帮助把松散颗粒固定在一起”，help 是“帮助”。小生物的这一作用能减少土壤表面被侵蚀。 解析：help 后可以直接接 hold，表示帮助完成固定这个动作；they 指多个生物，概括一般作用时用 help，不加 -s。已给 he，只填 lp。,2026-09-27
R137,reading,complete_words,Desert surfaces,适中,词形与句法,organisms / layers / desert / where / loose / together / reduce / erosion,每份（1 篇，10 个小题）,120,question_bank/sources/expanded_reading.py,微生物、土壤层和侵蚀之间的机制在文中呈现，需跟踪动作与地点关系。 需要同义改写、复合句理解或联系相邻信息，不能只匹配一个关键词。,读懂：“loose particles”意为“松散的颗粒”，loose 是“松的、未固定紧的”。这些颗粒需要生物层帮助固定，才不易被带走。 解析：particles 是颗粒名称，空格在其前面描述状态；hold 和 together 表示把它们固定到一起，反向提示原来是松散的。已给 lo，只填 ose。,2026-09-27
R138,reading,complete_words,Desert surfaces,适中,词形与句法,organisms / layers / desert / where / loose / together / reduce / erosion,每份（1 篇，10 个小题）,120,question_bank/sources/expanded_reading.py,微生物、土壤层和侵蚀之间的机制在文中呈现，需跟踪动作与地点关系。 需要同义改写、复合句理解或联系相邻信息，不能只匹配一个关键词。,读懂：“hold loose particles together”意为“把松散颗粒固定在一起”，together 是“在一起”。这说明生物层不是让颗粒四处散开。 解析：hold 后已有颗粒这个对象，together 再说明固定后的状态；它连接的是颗粒彼此靠在一起的关系，不是新增一个被固定的物体。已给 toge，只填 ther。,2026-09-27
R139,reading,complete_words,Desert surfaces,适中,词形与句法,organisms / layers / desert / where / loose / together / reduce / erosion,每份（1 篇，10 个小题）,120,question_bank/sources/expanded_reading.py,微生物、土壤层和侵蚀之间的机制在文中呈现，需跟踪动作与地点关系。 需要同义改写、复合句理解或联系相邻信息，不能只匹配一个关键词。,读懂：“reduce surface erosion”意为“减少表面侵蚀”，reduce 是“减少”。生物层把颗粒固定住，有助于减少表层材料流失。 解析：and 连接两种相互配合的作用，reduce 后直接接被减少的过程 erosion；这里用动作原形，与前面的固定作用相衔接。已给 red，只填 uce。,2026-09-27
R140,reading,complete_words,Desert surfaces,适中,词形与句法,organisms / layers / desert / where / loose / together / reduce / erosion,每份（1 篇，10 个小题）,120,question_bank/sources/expanded_reading.py,微生物、土壤层和侵蚀之间的机制在文中呈现，需跟踪动作与地点关系。 需要同义改写、复合句理解或联系相邻信息，不能只匹配一个关键词。,读懂：“surface erosion”意为“表面侵蚀”，erosion 指表层材料逐渐被带走。把松散颗粒固定住，就能减少这种流失。 解析：reduce 后需要说明要减少什么，因此用过程名称 erosion；surface 限定发生在表面，下一句也再次提到 reduce erosion。已给 ero，只填 sion。,2026-09-27
R141,reading,complete_words,Messages and context,困难,词形与句法,infer / intentions / contextual / while / assumptions / interpretations / might / plausible / explanation,每份（1 篇，10 个小题）,120,question_bank/sources/expanded_reading.py,通过间接请求的例子理解抽象的意图、假设与解释，并恢复派生名词和形容词。 需要处理抽象关系、限制条件、隐含态度或更复杂句法，并排除同主题的近似解释。,读懂：“Readers infer unstated intentions”意为“读者推断未明说的意图”，infer 是“根据线索推断”。消息的意思不只存在于字面内容。 解析：Readers 是推断的人，intentions 是推断出的内容，from 再引出依据；主语是复数，一般说明时 infer 不加 -s。已给 in，只填 fer。,2026-09-27
R142,reading,complete_words,Messages and context,困难,词形与句法,infer / intentions / contextual / while / assumptions / interpretations / might / plausible / explanation,每份（1 篇，10 个小题）,120,question_bank/sources/expanded_reading.py,通过间接请求的例子理解抽象的意图、假设与解释，并恢复派生名词和形容词。 需要处理抽象关系、限制条件、隐含态度或更复杂句法，并排除同主题的近似解释。,读懂：“unstated intentions”意为“没有明说的意图”，intentions 是“想表达的用意”。说房间冷，可能不只是描述，也可能是在抱怨或提出请求。 解析：infer 后需要被推断的内容，unstated 又说明这些内容未直接说出；原文概括多种可能用意，因此 intention 用复数。已给 inten，只填 tions。,2026-09-27
R143,reading,complete_words,Messages and context,困难,词形与句法,infer / intentions / contextual / while / assumptions / interpretations / might / plausible / explanation,每份（1 篇，10 个小题）,120,question_bank/sources/expanded_reading.py,通过间接请求的例子理解抽象的意图、假设与解释，并恢复派生名词和形容词。 需要处理抽象关系、限制条件、隐含态度或更复杂句法，并排除同主题的近似解释。,读懂：“contextual clues”意为“语境线索”，即消息出现时的周围情况等提示；contextual 是“与语境有关的”。这些提示帮助理解未明说的意思。 解析：clues 已表示线索，前面要说明线索来自何处；contextual 用来描述其与背景情况的关系，后文 surrounding situation 进一步解释。已给 conte，只填 xtual。,2026-09-27
R144,reading,complete_words,Messages and context,困难,词形与句法,infer / intentions / contextual / while / assumptions / interpretations / might / plausible / explanation,每份（1 篇，10 个小题）,120,question_bank/sources/expanded_reading.py,通过间接请求的例子理解抽象的意图、假设与解释，并恢复派生名词和形容词。 需要处理抽象关系、限制条件、隐含态度或更复杂句法，并排除同主题的近似解释。,读懂：“while shared assumptions constrain interpretations”意为“而共同的默认前提又限制了理解范围”，while 在这里连接理解消息的两个方面。 解析：前面讲读者从线索推测，后面讲这些推测受到共同前提限制；while 后有自己的执行者和动作，这里偏重对照，不是指某一段时间。已给 wh，只填 ile。,2026-09-27
R145,reading,complete_words,Messages and context,困难,词形与句法,infer / intentions / contextual / while / assumptions / interpretations / might / plausible / explanation,每份（1 篇，10 个小题）,120,question_bank/sources/expanded_reading.py,通过间接请求的例子理解抽象的意图、假设与解释，并恢复派生名词和形容词。 需要处理抽象关系、限制条件、隐含态度或更复杂句法，并排除同主题的近似解释。,读懂：“shared assumptions”意为“双方共同默认的前提”，assumptions 是未必明说、但交流双方当作已知的想法或情况。 解析：shared 表示共有，后面的 constrain 表示限制，空格是产生限制作用的内容名称；这里指多个前提，用复数 assumptions，与 constrain 呼应。已给 assum，只填 ptions。,2026-09-27
R146,reading,complete_words,Messages and context,困难,词形与句法,infer / intentions / contextual / while / assumptions / interpretations / might / plausible / explanation,每份（1 篇，10 个小题）,120,question_bank/sources/expanded_reading.py,通过间接请求的例子理解抽象的意图、假设与解释，并恢复派生名词和形容词。 需要处理抽象关系、限制条件、隐含态度或更复杂句法，并排除同主题的近似解释。,读懂：“constrain interpretations”意为“限制解释的范围”，interpretations 是“对意思的理解或解释”，不是把文字翻译成另一种语言。 解析：constrain 后需要受限制的对象；后文用描述、抱怨、请求展示不同理解，因此采用复数 interpretations，that 再补充这些解释的特点。已给 interpr，只填 etations。,2026-09-27
R147,reading,complete_words,Messages and context,困难,词形与句法,infer / intentions / contextual / while / assumptions / interpretations / might / plausible / explanation,每份（1 篇，10 个小题）,120,question_bank/sources/expanded_reading.py,通过间接请求的例子理解抽象的意图、假设与解释，并恢复派生名词和形容词。 需要处理抽象关系、限制条件、隐含态度或更复杂句法，并排除同主题的近似解释。,读懂：“might otherwise seem equally plausible”意为“否则可能显得同样合理”，might 是“可能”。没有共同前提时，多种解释看起来都说得通。 解析：might 放在 seem 前，表示可能性而非确定结论；中间 otherwise 说明另一种情况下，后面的 seem 仍用不加词尾的原形。已给 mi，只填 ght。,2026-09-27
R148,reading,complete_words,Messages and context,困难,词形与句法,infer / intentions / contextual / while / assumptions / interpretations / might / plausible / explanation,每份（1 篇，10 个小题）,120,question_bank/sources/expanded_reading.py,通过间接请求的例子理解抽象的意图、假设与解释，并恢复派生名词和形容词。 需要处理抽象关系、限制条件、隐含态度或更复杂句法，并排除同主题的近似解释。,读懂：“seem equally plausible”意为“看起来同样合理”，seem 是“似乎、显得”。看起来说得通，并不等于一定就是说话者的真实用意。 解析：plausible 描述解释呈现的性质，seem 把解释与这种性质连接；前面有 might，因此 seem 用原形，不加 -s。已给 se，只填 em。,2026-09-27
R149,reading,complete_words,Messages and context,困难,词形与句法,infer / intentions / contextual / while / assumptions / interpretations / might / plausible / explanation,每份（1 篇，10 个小题）,120,question_bank/sources/expanded_reading.py,通过间接请求的例子理解抽象的意图、假设与解释，并恢复派生名词和形容词。 需要处理抽象关系、限制条件、隐含态度或更复杂句法，并排除同主题的近似解释。,读懂：“equally plausible”意为“同样看似合理”，plausible 是“貌似有道理、说得通的”，不表示已经证实正确。 解析：seem 后说明各种解释显得怎样，equally 又比较它们程度相同；因此空格需要描述合理程度的词，与多种消息解读的语境一致。已给 plau，只填 sible。,2026-09-27
R150,reading,complete_words,Messages and context,困难,词形与句法,infer / intentions / contextual / while / assumptions / interpretations / might / plausible / explanation,每份（1 篇，10 个小题）,120,question_bank/sources/expanded_reading.py,通过间接请求的例子理解抽象的意图、假设与解释，并恢复派生名词和形容词。 需要处理抽象关系、限制条件、隐含态度或更复杂句法，并排除同主题的近似解释。,读懂：“without explanation”意为“没有解释说明的情况下”，explanation 是“解释、说明”。缺少说明时，不同理解可能看起来都合理。 解析：without 后要接缺少的事物或过程名称；这里泛指解释这件事，因此用 explanation，而不是直接接表示解释动作的 explain。已给 expla，只填 nation。,2026-09-27
R151,reading,complete_words,Coastal dunes,简单,词形与句法,plants / level / allow / around / stems / several / seasons,每份（1 篇，10 个小题）,120,question_bank/sources/expanded_reading.py,植物减慢风速与沙粒积累的过程清楚，常见介词和时间表达占主要部分。 主要依靠明确线索、常见表达或单一关系；适合作为基础练习。,读懂：“Coastal plants slow the wind”意为“海岸植物使风速减慢”，plants 是“植物”。首句说风和植被都会影响沿海沙丘形态。 解析：Coastal 描述生长环境，slow 是“使变慢”，空格需要执行这一作用的事物名称；这里泛指多株植物，用 plants，与 slow 呼应。已给 pla，只填 nts。,2026-09-27
R152,reading,complete_words,Coastal dunes,简单,词形与句法,plants / level / allow / around / stems / several / seasons,每份（1 篇，10 个小题）,120,question_bank/sources/expanded_reading.py,植物减慢风速与沙粒积累的过程清楚，常见介词和时间表达占主要部分。 主要依靠明确线索、常见表达或单一关系；适合作为基础练习。,读懂：“the wind near ground level”意为“贴近地面的风”，the 在这里指明植物所影响的那部分风，而不是新增一种事物。 解析：首句已经提到 wind，后面的 near ground level 又限定位置，所以用 the 把这个对象说清楚；the 后仍保留完整的 wind 名称。已给 t，只填 he。,2026-09-27
R153,reading,complete_words,Coastal dunes,简单,词形与句法,plants / level / allow / around / stems / several / seasons,每份（1 篇，10 个小题）,120,question_bank/sources/expanded_reading.py,植物减慢风速与沙粒积累的过程清楚，常见介词和时间表达占主要部分。 主要依靠明确线索、常见表达或单一关系；适合作为基础练习。,读懂：“near ground level”意为“接近地面高度的位置”，near 是“在……附近”。海岸植物减慢的尤其是贴近地面的风。 解析：ground level 是位置名称，near 直接引出它，说明风在哪里；这里不是说风的数量“几乎达到”某个数值，而是在交代空间关系。已给 ne，只填 ar。,2026-09-27
R154,reading,complete_words,Coastal dunes,简单,词形与句法,plants / level / allow / around / stems / several / seasons,每份（1 篇，10 个小题）,120,question_bank/sources/expanded_reading.py,植物减慢风速与沙粒积累的过程清楚，常见介词和时间表达占主要部分。 主要依靠明确线索、常见表达或单一关系；适合作为基础练习。,读懂：“ground level”意为“地面高度、地面位置”，level 是“高度或水平位置”。整段说植物会影响靠近地面的风。 解析：ground 限定参照面，level 与它合成一个位置名称，接在 near 后；这里不是评价好坏的“水平”，也不是新的动作。已给 le，只填 vel。,2026-09-27
R155,reading,complete_words,Coastal dunes,简单,词形与句法,plants / level / allow / around / stems / several / seasons,每份（1 篇，10 个小题）,120,question_bank/sources/expanded_reading.py,植物减慢风速与沙粒积累的过程清楚，常见介词和时间表达占主要部分。 主要依靠明确线索、常见表达或单一关系；适合作为基础练习。,读懂：“allow sand to collect”意为“让沙子得以聚积”，allow 是“使能够、让”。植物减慢近地面的风，为沙子积聚创造条件。 解析：结构是 allow + 对象 + to + 动作；sand 是被允许发生变化的对象。allow 与 slow 共用复数 plants，所以不加 -s。已给 al，只填 low。,2026-09-27
R156,reading,complete_words,Coastal dunes,简单,词形与句法,plants / level / allow / around / stems / several / seasons,每份（1 篇，10 个小题）,120,question_bank/sources/expanded_reading.py,植物减慢风速与沙粒积累的过程清楚，常见介词和时间表达占主要部分。 主要依靠明确线索、常见表达或单一关系；适合作为基础练习。,读懂：“sand to collect”在本句中接着 allow，表示“让沙子聚积”，to 连接沙子与它要发生的 collect（积聚）这个动作。 解析：allow 后先放受影响的对象 sand，再用 to 引出动作原形；sand 虽不是人，也可以出现在这个“使某物得以……”的结构里。已给 t，只填 o。,2026-09-27
R157,reading,complete_words,Coastal dunes,简单,词形与句法,plants / level / allow / around / stems / several / seasons,每份（1 篇，10 个小题）,120,question_bank/sources/expanded_reading.py,植物减慢风速与沙粒积累的过程清楚，常见介词和时间表达占主要部分。 主要依靠明确线索、常见表达或单一关系；适合作为基础练习。,读懂：“around their stems”意为“在它们的茎周围”，around 是“在……周围”。沙子会在植物茎附近逐渐积聚。 解析：collect 后需要说明积聚的位置，their stems 是参照物；around 直接接这个物体，表示四周的空间范围，不是“大约”的数量含义。已给 aro，只填 und。,2026-09-27
R158,reading,complete_words,Coastal dunes,简单,词形与句法,plants / level / allow / around / stems / several / seasons,每份（1 篇，10 个小题）,120,question_bank/sources/expanded_reading.py,植物减慢风速与沙粒积累的过程清楚，常见介词和时间表达占主要部分。 主要依靠明确线索、常见表达或单一关系；适合作为基础练习。,读懂：“their stems”意为“它们的茎”，stems 是 stem（植物的茎）的复数。风变慢后，沙子可在这些茎周围沉积。 解析：their 指前面的海岸植物，后面需要属于植物的部位名称；这里谈多株植物的茎，用复数 stems，不是表示起源于的动作。已给 st，只填 ems。,2026-09-27
R159,reading,complete_words,Coastal dunes,简单,词形与句法,plants / level / allow / around / stems / several / seasons,每份（1 篇，10 个小题）,120,question_bank/sources/expanded_reading.py,植物减慢风速与沙粒积累的过程清楚，常见介词和时间表达占主要部分。 主要依靠明确线索、常见表达或单一关系；适合作为基础练习。,读懂：“several successive seasons”意为“接连几个季节”，several 是“几个、若干”，successive 补充这些季节一个接一个。 解析：several 表示多个，后面的中心名称 seasons 是复数；即使中间隔着 successive，数量关系也不改变。原文说沙子随多个季节逐渐积聚。已给 sev，只填 eral。,2026-09-27
R160,reading,complete_words,Coastal dunes,简单,词形与句法,plants / level / allow / around / stems / several / seasons,每份（1 篇，10 个小题）,120,question_bank/sources/expanded_reading.py,植物减慢风速与沙粒积累的过程清楚，常见介词和时间表达占主要部分。 主要依靠明确线索、常见表达或单一关系；适合作为基础练习。,读懂：“over several successive seasons”意为“在接连几个季节中”，seasons 是“季节”。沙丘附近的积沙是跨越这些时段的过程。 解析：several 已表明不止一个，successive 又表示接连发生，所以 season 必须保留复数 -s；over 在这里引出时间跨度。已给 sea，只填 sons。,2026-09-27
R161,reading,complete_words,Museum labels,适中,词形与句法,select / details / visitors / attention / moving / crowded / during / visits,每份（1 篇，10 个小题）,120,question_bank/sources/expanded_reading.py,说明标签写作中的因果与时间从句，词汇来自观众和展览语境。 需要同义改写、复合句理解或联系相邻信息，不能只匹配一个关键词。,读懂：“select key details”意为“挑选关键细节”，select 是“选择、挑选”。展签作者不能把所有内容都写上，因为参观者时间和注意力有限。 解析：Writers 是挑选的人，details 是挑选的内容；描述一般做法且主语是复数，select 不加 -s。已给 sel，只填 ect。,2026-09-27
R162,reading,complete_words,Museum labels,适中,词形与句法,select / details / visitors / attention / moving / crowded / during / visits,每份（1 篇，10 个小题）,120,question_bank/sources/expanded_reading.py,说明标签写作中的因果与时间从句，词汇来自观众和展览语境。 需要同义改写、复合句理解或联系相邻信息，不能只匹配一个关键词。,读懂：“key details”意为“关键细节”，details 是“细节、具体信息”，key 在这里是“重要的”，不是开门的钥匙。 解析：select 后需要被挑选的内容名称，key 又限定其重要性；原文指多个值得保留的信息点，因此 detail 加 -s。已给 det，只填 ails。,2026-09-27
R163,reading,complete_words,Museum labels,适中,词形与句法,select / details / visitors / attention / moving / crowded / during / visits,每份（1 篇，10 个小题）,120,question_bank/sources/expanded_reading.py,说明标签写作中的因果与时间从句，词汇来自观众和展览语境。 需要同义改写、复合句理解或联系相邻信息，不能只匹配一个关键词。,读懂：“visitors usually have limited time”意为“参观者通常时间有限”，visitors 是“参观者”。作者因此需要把展签写得有重点。 解析：because 后解释原因，have 前需要拥有有限时间的人；visit 加 -or 可表示来参观的人，再加 -s 表多人，不是参观活动本身。已给 visi，只填 tors。,2026-09-27
R164,reading,complete_words,Museum labels,适中,词形与句法,select / details / visitors / attention / moving / crowded / during / visits,每份（1 篇，10 个小题）,120,question_bank/sources/expanded_reading.py,说明标签写作中的因果与时间从句，词汇来自观众和展览语境。 需要同义改写、复合句理解或联系相邻信息，不能只匹配一个关键词。,读懂：“visitors usually have limited time and attention”意为“参观者通常只有有限的时间和注意力”，have 表示“拥有、可支配”。 解析：visitors 是复数，所以一般情况用 have 而不是 has；usually 只是说明“通常”，插在中间不会改变谁拥有这些资源。已给 ha，只填 ve。,2026-09-27
R165,reading,complete_words,Museum labels,适中,词形与句法,select / details / visitors / attention / moving / crowded / during / visits,每份（1 篇，10 个小题）,120,question_bank/sources/expanded_reading.py,说明标签写作中的因果与时间从句，词汇来自观众和展览语境。 需要同义改写、复合句理解或联系相邻信息，不能只匹配一个关键词。,读懂：“limited time and attention”意为“有限的时间和注意力”，time 在这里是可用的时间，不是活动发生的次数。 解析：limited 描述资源有限，time 与 attention 都是参观者能投入的资源；这个意思的 time 不直接按一个、两个数，所以这里不加 -s。已给 ti，只填 me。,2026-09-27
R166,reading,complete_words,Museum labels,适中,词形与句法,select / details / visitors / attention / moving / crowded / during / visits,每份（1 篇，10 个小题）,120,question_bank/sources/expanded_reading.py,说明标签写作中的因果与时间从句，词汇来自观众和展览语境。 需要同义改写、复合句理解或联系相邻信息，不能只匹配一个关键词。,读懂：“time and attention”意为“时间和注意力”，attention 是能投入阅读和观察的专注力。展签需简明，因为参观者的这些资源有限。 解析：and 把两项资源连在一起，都接在 have 后；attention 表示注意力这种整体概念，通常不直接数个数，此处没有复数 -s。已给 atte，只填 ntion。,2026-09-27
R167,reading,complete_words,Museum labels,适中,词形与句法,select / details / visitors / attention / moving / crowded / during / visits,每份（1 篇，10 个小题）,120,question_bank/sources/expanded_reading.py,说明标签写作中的因果与时间从句，词汇来自观众和展览语境。 需要同义改写、复合句理解或联系相邻信息，不能只匹配一个关键词。,读懂：“while moving through crowded rooms”意为“在穿行于拥挤展厅时”，moving 是“移动、行走”。参观者一边看展一边走动，能读标签的时间有限。 解析：while 后省略了重复的参观者及相应的 are，保留 -ing 形式说明他们当时在做的事；move 变 moving 时去掉末尾 e。已给 mov，只填 ing。,2026-09-27
R168,reading,complete_words,Museum labels,适中,词形与句法,select / details / visitors / attention / moving / crowded / during / visits,每份（1 篇，10 个小题）,120,question_bank/sources/expanded_reading.py,说明标签写作中的因果与时间从句，词汇来自观众和展览语境。 需要同义改写、复合句理解或联系相邻信息，不能只匹配一个关键词。,读懂：“crowded rooms”意为“拥挤的展厅”，crowded 是“挤满人的、拥挤的”。它说明参观者移动时所处的环境。 解析：rooms 是房间名称，前面需要描述房间状态；crowded 虽以 -ed 结尾，这里是在说明拥挤的性质，而非独立叙述一个过去动作。已给 cro，只填 wded。,2026-09-27
R169,reading,complete_words,Museum labels,适中,词形与句法,select / details / visitors / attention / moving / crowded / during / visits,每份（1 篇，10 个小题）,120,question_bank/sources/expanded_reading.py,说明标签写作中的因果与时间从句，词汇来自观众和展览语境。 需要同义改写、复合句理解或联系相邻信息，不能只匹配一个关键词。,读懂：“during their visits”意为“在他们参观期间”，during 是“在……期间”。它把走动、阅读和注意力分配放在整个参观时段内。 解析：their visits 是活动的名称，不是完整的“谁做什么”；during 可以直接接这个名称，说明事情发生的期间。已给 dur，只填 ing。,2026-09-27
R170,reading,complete_words,Museum labels,适中,词形与句法,select / details / visitors / attention / moving / crowded / during / visits,每份（1 篇，10 个小题）,120,question_bank/sources/expanded_reading.py,说明标签写作中的因果与时间从句，词汇来自观众和展览语境。 需要同义改写、复合句理解或联系相邻信息，不能只匹配一个关键词。,读懂：“their visits”意为“他们的参观活动”，visits 在这里是“参观”这个活动的复数名称，不是参观的人。 解析：their 表示“他们的”，后面需要所属的事物或活动名称；during 又要求一个活动时段，所以 visit 在此作名称并加 -s，不能读成“他参观”的动作。已给 vis，只填 its。,2026-09-27
R171,reading,read_daily_life,Community research fair — agenda,简单,主旨与目的,collaboration / registration,每份（2 篇，4–6 个小题）,240–360,question_bank/sources/expanded_reading.py,议程目的和需预约的场次均有明确文字依据。 主要依靠明确线索、常见表达或单一关系；适合作为基础练习。,读懂：collaboration 是“一起合作做事”。文末说所有活动都围绕居民与大学研究者的合作，最后的圆桌会还要规划明年的伙伴关系。 解析：所以主旨是推动本地研究合作。并非只培训专业研究人员；学生展示不等于招募居民当比赛评委；规划明年也直接排除了“只展示成果、不谈未来”。,2026-09-27
R172,reading,read_daily_life,Community research fair — agenda,简单,细节定位,collaboration / registration,每份（2 篇，4–6 个小题）,240–360,question_bank/sources/expanded_reading.py,议程目的和需预约的场次均有明确文字依据。 主要依靠明确线索、常见表达或单一关系；适合作为基础练习。,读懂：Workshop places require advance registration 意思是“工作坊名额需要提前登记”；紧接着说其他活动人人都能参加。日程中工作坊在十点。 解析：要提前预约的是十点的工作坊。欢迎会、与社区伙伴共进午餐、下午圆桌会都属于其他活动，不能把工作坊的报名要求套到它们身上。,2026-09-27
R173,reading,read_daily_life,Student design showcase — flyer,简单,细节定位,accessibility / summary,每份（2 篇，4–6 个小题）,240–360,question_bank/sources/expanded_reading.py,识别访客与展示者两种身份对应的手续和截止日期。 主要依靠明确线索、常见表达或单一关系；适合作为基础练习。,读懂：accessibility requirements 指无障碍支持需求，例如参加活动时需要的便利安排。文中要求访客报名时把这类需求填进 registration form，即报名表。 解析：应在报名时说明需求。项目摘要是展示者要交的，不是访客求助的渠道；观众投票用于评奖；入口的纸质节目单也不是申请表。,2026-09-27
R174,reading,read_daily_life,Student design showcase — flyer,适中,推断与条件整合,accessibility / summary,每份（2 篇，4–6 个小题）,240–360,question_bank/sources/expanded_reading.py,识别访客与展示者两种身份对应的手续和截止日期。 需要同义改写、复合句理解或联系相邻信息，不能只匹配一个关键词。,读懂：Presenters 是展示项目的人，必须在四月二十日前交项目摘要；Visitors 是来参观的人，报名截止日是五月二日。 解析：四月二十日的要求只对应展示项目的学生。所有访客有另一个截止日；投票者和领取节目单的人也没有被要求在四月二十日前完成这些活动。,2026-09-27
R175,reading,read_daily_life,Email about a book order,简单,细节定位,edition / valid,每份（2 篇，4–6 个小题）,240–360,question_bank/sources/expanded_reading.py,根据延迟到货安排阅读，理解原订单有效的含义。 主要依靠明确线索、常见表达或单一关系；适合作为基础练习。,读懂：“the first chapter posted on the course site”是课程网站上的第一章，周一研讨课前要读它；纸质读本周二才到。旧版的页码和案例不同，老师明确说不要购买。 解析：课前应读网站上的章节。读完整旧版既不是要求，也与提醒相反；书店订购政策不是课程内容；周二才到的借阅本赶不上周一，且邮件没有这样安排。,2026-09-27
R176,reading,read_daily_life,Email about a book order,适中,推断与条件整合,edition / valid,每份（2 篇，4–6 个小题）,240–360,question_bank/sources/expanded_reading.py,根据延迟到货安排阅读，理解原订单有效的含义。 需要同义改写、复合句理解或联系相邻信息，不能只匹配一个关键词。,读懂：your order remains valid 意思是“你的订单仍然有效”。这句话专门对已经向书店付款的学生说，延迟的是书到货的时间。 解析：既然原订单有效，就不必重新下单。它没有被取消；旧版也不会自动替代新版，老师反而提醒别买旧版；邮件更没有要求周一再付款。,2026-09-27
R177,reading,read_daily_life,Bicycle repair service,简单,细节定位,replacement / appointment,每份（2 篇，4–6 个小题）,240–360,question_bank/sources/expanded_reading.py,费用和长时维修预约规则直接给出。 主要依靠明确线索、常见表达或单一关系；适合作为基础练习。,读懂：A safety check is free 是“安全检查免费”，包括刹车、车灯和胎压；Replacement parts are charged separately 是“更换用的零件另收费”。 解析：可能要付的是替换零件的钱。查胎压已经包含在免费检查内；并非每次安全检查都收费；文中提到室外车架，但没有任何停车收费规定。,2026-09-27
R178,reading,read_daily_life,Bicycle repair service,简单,细节定位,replacement / appointment,每份（2 篇，4–6 个小题）,240–360,question_bank/sources/expanded_reading.py,费用和长时维修预约规则直接给出。 主要依靠明确线索、常见表达或单一关系；适合作为基础练习。,读懂：Repairs taking more than twenty minutes 指超过二十分钟的维修，require an appointment 表示必须预约。随到随查说的是安全检查。 解析：长时间维修应先预约。直接排免费检查的队不满足维修要求；室外车架被明确说成不是交车点；大雨时工作区关闭，不能挑停业时来修。,2026-09-27
R179,reading,read_daily_life,Messages about a rehearsal,简单,细节定位,dialogue / scene changes,每份（2 篇，4–6 个小题）,240–360,question_bank/sources/expanded_reading.py,根据场地容纳限制区分台词练习和布景转换。 主要依靠明确线索、常见表达或单一关系；适合作为基础练习。,读懂：音乐教室容得下演员，却放不下布景。practice dialogue 是练习对白；leave the scene changes until Friday 是把换景练习留到周五。 解析：今晚保留排练，但只练台词。不安排工作人员重搭布景，也不练换景；场地改变并不等于取消全部练习，Jules 明确决定照常排练。,2026-09-27
R180,reading,read_daily_life,Messages about a rehearsal,适中,推断与条件整合,dialogue / scene changes,每份（2 篇，4–6 个小题）,240–360,question_bank/sources/expanded_reading.py,根据场地容纳限制区分台词练习和布景转换。 需要同义改写、复合句理解或联系相邻信息，不能只匹配一个关键词。,读懂：they needn't come tonight 是“他们今晚不必来”，这里的 they 指前面的舞台工作人员。随后又说演员仍应六点到。 解析：被免除今晚出席要求的是舞台工作人员，不是所有演员；对话没有单独豁免 Jules 和 Priya，也没有给音乐学生安排出席任务。音乐教室只是借用场地。,2026-09-27
R181,reading,read_daily_life,Laboratory induction notice,适中,推断与条件整合,induction / activate,每份（2 篇，4–6 个小题）,240–360,question_bank/sources/expanded_reading.py,在线测试、现场培训与开卡记录构成先后条件。 需要同义改写、复合句理解或联系相邻信息，不能只匹配一个关键词。,读懂：Passing the quiz alone does not activate your access card 是“只通过网上测验不会启用门禁卡”。还要完成现场培训，并由技术员登记，通常次日上午生效。 解析：卡不能用，可能是现场培训尚未登记。材料没说每次进实验室都重考；预约不等于完成培训；也不是等到上完周一的课才激活。,2026-09-27
R182,reading,read_daily_life,Laboratory induction notice,适中,推断与条件整合,induction / activate,每份（2 篇，4–6 个小题）,240–360,question_bank/sources/expanded_reading.py,在线测试、现场培训与开卡记录构成先后条件。 需要同义改写、复合句理解或联系相邻信息，不能只匹配一个关键词。,读懂：no later than Friday 是“最迟周五”。要在周一上实验课的学生，应在周五或之前参加并完成现场培训，让技术员记录完成情况。 解析：应最迟周五完成培训。周日只通过网上测验还不够；周一上完课再培训来不及解决进门问题；周五去了却中途离开，也不算完成。,2026-09-27
R183,reading,read_daily_life,Café menu update,简单,细节定位,separately / discount,每份（2 篇，4–6 个小题）,240–360,question_bank/sources/expanded_reading.py,先查午餐时段，再区分套餐和单独饮品适用的优惠。 主要依靠明确线索、常见表达或单一关系；适合作为基础练习。,读懂：any lunch item 表示任意一种午餐食品；11:30 到 13:00 之间购买，都会包含一杯热饮。noon 是中午十二点，在这个时段内。 解析：所以十二点买蔬菜碗会附带热饮。材料没有说送第二碗或三明治；可重复使用的杯子要自己带，它是另一条折扣规则中的物品，不是赠品。,2026-09-27
R184,reading,read_daily_life,Café menu update,适中,推断与条件整合,separately / discount,每份（2 篇，4–6 个小题）,240–360,question_bank/sources/expanded_reading.py,先查午餐时段，再区分套餐和单独饮品适用的优惠。 需要同义改写、复合句理解或联系相邻信息，不能只匹配一个关键词。,读懂：a separately purchased drink 是“单独购买的饮品”。自带可重复使用的杯子，这类饮品可减五十美分；午餐套餐不能用这项折扣。 解析：条件是饮品单独计价，不是只要买套餐就打折。汤只是菜单中的食品，不决定杯子折扣；文中也没有把优惠限制在十一点半之前。,2026-09-27
R185,reading,read_daily_life,Volunteer river survey,简单,细节定位,supplied / postponed,每份（2 篇，4–6 个小题）,240–360,question_bank/sources/expanded_reading.py,物资和天气规则明确，不需要水文知识。 主要依靠明确线索、常见表达或单一关系；适合作为基础练习。,读懂：Gloves and collection bags are supplied 是“手套和收集袋由组织方提供”；bring drinking water 是“自带饮用水”。活动只在岸边计数垃圾，不准下水。 解析：选项中需要志愿者自带的是饮用水。收集袋和手套已经提供，不必把它们当作自备要求；潜水装备不仅未被要求，还与禁止下水的安排不合。,2026-09-27
R186,reading,read_daily_life,Volunteer river survey,简单,细节定位,supplied / postponed,每份（2 篇，4–6 个小题）,240–360,question_bank/sources/expanded_reading.py,物资和天气规则明确，不需要水文知识。 主要依靠明确线索、常见表达或单一关系；适合作为基础练习。,读懂：postponed only if a flood warning is issued 意思是“只有发布洪水警报，活动才会延期”。天气消息会在七点公布，但公布消息本身不表示取消。 解析：能导致延期的是洪水警报。新人到场有简短说明会接待，不构成延期理由；仅仅多云不满足条件；活动禁止下水，因此潜水装备短缺也不是理由。,2026-09-27
R187,reading,read_daily_life,Museum membership message,简单,细节定位,expires / renew,每份（2 篇，4–6 个小题）,240–360,question_bank/sources/expanded_reading.py,区分续费奖励期限、会员到期日和活动限制。 主要依靠明确线索、常见表达或单一关系；适合作为基础练习。,读懂：“expires on June 30”是六月三十日到期；“Renew by June 15”是六月十五日前续费。提前续费可获两张展览访客票，所以六月十五日是奖励截止日，不是会员到期日。 解析：六月十五日重要在于赶上赠票资格。会籍到期是另一个日期；今年价格不变，谈不上当天涨价；纸质卡下次到馆可领，也没有限定只能当天领。,2026-09-27
R188,reading,read_daily_life,Museum membership message,适中,推断与条件整合,expires / renew,每份（2 篇，4–6 个小题）,240–360,question_bank/sources/expanded_reading.py,区分续费奖励期限、会员到期日和活动限制。 需要同义改写、复合句理解或联系相邻信息，不能只匹配一个关键词。,读懂：Guest passes cannot be used for ticketed evening events 是“访客票不能用于需另外购票的晚间活动”。赠票本来是为夏季展览提供的。 解析：因此明确不能用的是另行售票的晚间活动，而不是夏展正常开放时的参观。与会员一起入馆或参观普通教育展览，也都没有被这条规定列为禁用情形。,2026-09-27
R189,reading,read_daily_life,Room exchange messages,适中,细节定位,conflicts / before Wednesday,每份（2 篇，4–6 个小题）,240–360,question_bank/sources/expanded_reading.py,困难项需追踪两位发言人各自的确认责任和共同截止时间。 需要同义改写、复合句理解或联系相邻信息，不能只匹配一个关键词。,读懂：Nora 的展示原定九点开始，火车却九点二十才到。她想与十点展示的 Sam 交换，解决无法按时到场的问题。 解析：请求的原因是交通时间与展示冲突。没有提到幻灯片没做完；九点时段也没被老师取消；提出换时段的是 Nora，不是 Sam 想晚到。,2026-09-27
R190,reading,read_daily_life,Room exchange messages,困难,推断与条件整合,conflicts / before Wednesday,每份（2 篇，4–6 个小题）,240–360,question_bank/sources/expanded_reading.py,困难项需追踪两位发言人各自的确认责任和共同截止时间。 需要处理抽象关系、限制条件、隐含态度或更复杂句法，并排除同主题的近似解释。,读懂：both speakers email her before Wednesday 是“两名展示者都须在周三之前给老师发邮件”。Sam 已发，不代表两人的义务都完成。 解析：剩下的是 Nora 也要在周三前发邮件。她不能拖到周三之后；等火车到了再申请不是规定步骤；两人是交换原有时段，无须新建第三个时段。,2026-09-27
R191,reading,read_daily_life,Community garden allocation,简单,细节定位,lottery / household,每份（2 篇，4–6 个小题）,240–360,question_bank/sources/expanded_reading.py,抽签规则和未中签后续动作直接说明。 主要依靠明确线索、常见表达或单一关系；适合作为基础练习。,读懂：assigned by lottery 是“用抽签决定分配”，not by application time 是“不按申请时间先后”。申请窗口为三月一日至十四日。 解析：在三月一日申请不会因更早而增加中签机会。先到先得和早申请能拿更大地块都没有依据；虽然“不增加机会”正确，但说只能三月十四日申请也错，因为窗口有十四天。,2026-09-27
R192,reading,read_daily_life,Community garden allocation,简单,细节定位,lottery / household,每份（2 篇，4–6 个小题）,240–360,question_bank/sources/expanded_reading.py,抽签规则和未中签后续动作直接说明。 主要依靠明确线索、常见表达或单一关系；适合作为基础练习。,读懂：those not selected will automatically join the waiting list 意思是“未被选中的人会自动加入候补名单”。候补是等待将来可能空出的名额，不是已分到地块。 解析：落选者会进入候补，无须立即重新申请；每户本来也只许交一份。没有永久禁止借工具的处罚；三月二十日是通知成功申请者的日期，不保证落选者当天获地。,2026-09-27
R193,reading,read_daily_life,Career clinic appointment,适中,推断与条件整合,beforehand / consultation,每份（2 篇，4–6 个小题）,240–360,question_bank/sources/expanded_reading.py,将至少提前一天换算成日期，区分咨询与拍照服务。 需要同义改写、复合句理解或联系相邻信息，不能只匹配一个关键词。,读懂：预约在周四十四点十五分；at least one day beforehand 是“至少提前一天”。简历须让顾问提前阅读，所以最迟周三十四点十五分上传。 解析：周四十二点十五分仅提前两小时，那是取消预约规则中的时长，不是交简历的期限；咨询开始时才交太晚；周五拍照属于另一项服务。,2026-09-27
R194,reading,read_daily_life,Career clinic appointment,适中,主旨与目的,beforehand / consultation,每份（2 篇，4–6 个小题）,240–360,question_bank/sources/expanded_reading.py,将至少提前一天换算成日期，区分咨询与拍照服务。 需要同义改写、复合句理解或联系相邻信息，不能只匹配一个关键词。,读懂：consultation 是咨询会面；邮件说本次是 résumé and interview advice，即简历与面试方面的指导。拍个人资料照片要去周五另设的随到随拍服务台。 解析：周四预约用于讨论简历、准备面试，不是拍照。上传简历只是会面前的准备，不是见顾问的全部目的；取消规定是提醒，也不是预约要谈的唯一内容。,2026-09-27
R195,reading,read_daily_life,Shuttle service change,简单,细节定位,diversion / unless,每份（2 篇，4–6 个小题）,240–360,question_bank/sources/expanded_reading.py,定位临时站点，理解改道与时刻表是不同的变更维度。 主要依靠明确线索、常见表达或单一关系；适合作为基础练习。,读懂：周末因 Oak Street 修路，博物馆站关闭。公告让去博物馆的乘客改用邮局外的临时站，再步行五分钟。 解析：应在邮局临时站下车，不能继续用已关闭的博物馆站；修路入口不是指定下车点；馆内新站也没有出现在安排中。River Road 是改道经过的道路，不是题目所问的下车站名。,2026-09-27
R196,reading,read_daily_life,Shuttle service change,适中,推断与条件整合,diversion / unless,每份（2 篇，4–6 个小题）,240–360,question_bank/sources/expanded_reading.py,定位临时站点，理解改道与时刻表是不同的变更维度。 需要同义改写、复合句理解或联系相邻信息，不能只匹配一个关键词。,读懂：Departure times and fares are unchanged 是“发车时间和票价不变”。变化的是周末行车路线与博物馆站的使用安排。 解析：选项中保持不变的是发车时刻表。车辆不再沿 Oak Street 行驶；博物馆站由临时站替代，不能说所有站点位置不变。公告虽提示查看更新，却未比较改道前后的查看要求。,2026-09-27
R197,reading,read_daily_life,Archive access instructions,适中,细节定位,archival / fragile,每份（2 篇，4–6 个小题）,240–360,question_bank/sources/expanded_reading.py,整合实体档案预约与电子副本免预约两套规则。 需要同义改写、复合句理解或联系相邻信息，不能只匹配一个关键词。,读懂：the working day before their visit 是“参观前一个工作日”，而不是参观当天。调阅档案箱要在那天下午三点前提出申请。 解析：到馆前应按这个期限申请箱子。当天下午三点才申请太晚；笔必须放在储物柜里，不能拿来标注文件；只用已有数字副本则不必预约阅览室。,2026-09-27
R198,reading,read_daily_life,Archive access instructions,困难,推断与条件整合,archival / fragile,每份（2 篇，4–6 个小题）,240–360,question_bank/sources/expanded_reading.py,整合实体档案预约与电子副本免预约两套规则。 需要处理抽象关系、限制条件、隐含态度或更复杂句法，并排除同主题的近似解释。,读懂：“without a reading-room appointment”说明使用数字副本无需预约阅览室；实体档案箱须在到访前一个工作日十五点前申请。“working day”是工作日，两类材料别混用流程。 解析：因此可直接用数字副本，同时按期限预约调箱。周二到场才申请箱子太晚；数字副本不用等实体箱送来；给数字材料预约、实物箱却等到参观后才申请，顺序和对象都弄反了。,2026-09-27
R199,reading,read_daily_life,Apartment viewing message,简单,细节定位,excludes / until,每份（2 篇，4–6 个小题）,240–360,question_bank/sources/expanded_reading.py,困难项要求同时满足先看房后申请和改约手续。 主要依靠明确线索、常见表达或单一关系；适合作为基础练习。,读懂：rent includes water 是“房租含水费”，excludes electricity and internet 是“不含电费和网费”。includes 与 excludes 的方向相反。 解析：已包含的支出是水费。电费、网费被明确排除；“所有家庭支出”把仅有的一项扩大成了全部，和排除条款直接冲突。不要因为这些账单都与住房有关就认为房租全包。,2026-09-27
R200,reading,read_daily_life,Apartment viewing message,困难,推断与条件整合,excludes / until,每份（2 篇，4–6 个小题）,240–360,question_bank/sources/expanded_reading.py,困难项要求同时满足先看房后申请和改约手续。 需要处理抽象关系、限制条件、隐含态度或更复杂句法，并排除同主题的近似解释。,读懂：房东说看过房才能接受申请，文件齐全也不能替代看房。若周二不行，应回复两个可行时段，房东会尝试另约。 解析：所以应先提出两个时间安排另一次看房。先交材料等批准后再看，颠倒了条件顺序；直接周三到场没有确认；预付租金代替看房也不是房东允许的办法。,2026-09-27
R201,reading,read_daily_life,Language exchange bulletin,简单,细节定位,equal / matching,每份（2 篇，4–6 个小题）,240–360,question_bank/sources/expanded_reading.py,时间平分和无匹配对象时的备选活动均在通知中明确。 主要依靠明确线索、常见表达或单一关系；适合作为基础练习。,读懂：每周一次会面总共四十分钟，spending equal time in each language 是“两种语言用同样长的时间”。四十分钟是总时长，不是每种语言各四十分钟。 解析：四十除以二，每种语言二十分钟。十分钟加起来只有二十分钟；三十分钟加起来要一小时；每种四十分钟则要八十分钟，都与总时长不符。,2026-09-27
R202,reading,read_daily_life,Language exchange bulletin,简单,细节定位,equal / matching,每份（2 篇，4–6 个小题）,240–360,question_bank/sources/expanded_reading.py,时间平分和无匹配对象时的备选活动均在通知中明确。 主要依靠明确线索、常见表达或单一关系；适合作为基础练习。,读懂：submitting a form does not guarantee a partner 是“交表不保证配到伙伴”。没有配成对的申请者，可以参加开放式的会话小组。 解析：替代方案是参加开放会话圈，而不是一定再安排时间匹配的搭档。活动明确不是批改计分作业的服务；下次语言课优先报名也没有被提供。,2026-09-27
R203,reading,read_daily_life,Equipment return reminder,适中,推断与条件整合,export / cleared,每份（2 篇，4–6 个小题）,240–360,question_bank/sources/expanded_reading.py,困难项需同时满足备份、指定归还位置、邮件报号三个条件。 需要同义改写、复合句理解或联系相邻信息，不能只匹配一个关键词。,读懂：export your measurements 是“把测量数据导出保存”；devices are cleared when checked in 是“设备交还登记时会被清空”。所以要在归还前留好自己的副本。 解析：导出的原因是设备数据会被删除，不是要求内存保持满。导出文件不能替代异常关门时发送设备编号的邮件；归还抽屉能否使用也不取决于图书馆何时关门。,2026-09-27
R204,reading,read_daily_life,Equipment return reminder,困难,推断与条件整合,export / cleared,每份（2 篇，4–6 个小题）,240–360,question_bank/sources/expanded_reading.py,困难项需同时满足备份、指定归还位置、邮件报号三个条件。 需要处理抽象关系、限制条件、隐含态度或更复杂句法，并排除同主题的近似解释。,读懂：“export your measurements”是导出测量数据；“devices are cleared”说明归还时设备会被清空。办公室意外关门则改用十二号房旁的安全归还抽屉，并邮件告知设备编号。 解析：完整做法是先导出、再用指定抽屉、再发编号邮件。图书馆还书口明确不能用；只留设备内一份数据会丢失；等重新开门再还，则没有按备用流程及时归还。,2026-09-27
R205,reading,read_daily_life,Film society schedule,简单,细节定位,documentary / forecast,每份（2 篇，4–6 个小题）,240–360,question_bank/sources/expanded_reading.py,时间表检索与明确的雨天替代安排。 主要依靠明确线索、常见表达或单一关系；适合作为基础练习。,读懂：九月十二日安排 Documentary and director conversation，即“纪录片放映及与导演交流”。后面还说明纪录片票已包含交流环节，不能单独预订。 解析：带导演讨论的是十二日的纪录片。五日是钢琴现场伴奏的默片；十九日是学生短片；二十六日是户外放映，这些活动都没有被标注导演交流。,2026-09-27
R206,reading,read_daily_life,Film society schedule,简单,细节定位,documentary / forecast,每份（2 篇，4–6 个小题）,240–360,question_bank/sources/expanded_reading.py,时间表检索与明确的雨天替代安排。 主要依靠明确线索、常见表达或单一关系；适合作为基础练习。,读懂：The outdoor event moves indoors if rain is forecast by noon 是“若中午前的预报显示会下雨，户外活动改到室内”。受影响的是九月二十六日那一场。 解析：放映会转为室内，不是取消整个九月的活动。noon 是查看预报的时间界限，不是放映开始时间；纪录片交流属于十二日，与本次改场地和是否免费无关。,2026-09-27
R207,reading,read_daily_life,Message about peer review,简单,细节定位,argument / criticism,每份（2 篇，4–6 个小题）,240–360,question_bank/sources/expanded_reading.py,根据对话中的直接建议识别审阅重点和反馈形式。 主要依靠明确线索、常见表达或单一关系；适合作为基础练习。,读懂：argument and organization 是“论点与文章组织结构”。Elena 说先评论这两方面，反复出现的语法问题可以 afterward，也就是之后再标出。 解析：优先关注内容论证和结构，不是先逐句改语法。提到第三段例子弱，是说它支持不了论点，不是只数例子多少；也没有要求先换掉整篇文章的主题。,2026-09-27
R208,reading,read_daily_life,Message about peer review,简单,细节定位,argument / criticism,每份（2 篇，4–6 个小题）,240–360,question_bank/sources/expanded_reading.py,根据对话中的直接建议识别审阅重点和反馈形式。 主要依靠明确线索、常见表达或单一关系；适合作为基础练习。,"读懂：Add a suggestion, not just a criticism 是“除了指出问题，还要提出改进建议”。Tariq 找到例子不能支持论点的问题，Elena 希望反馈能帮助修改。 解析：应在批评后补上改进办法。按语法打总分不等于提供建议；不解释弱点就换主张，不能让作者明白原因；只要求删段落却不提出改善方向，仍是不完整的反馈。",2026-09-27
R209,reading,read_daily_life,Reuse store collection policy,简单,细节定位,intact / curb,每份（2 篇，4–6 个小题）,240–360,question_bank/sources/expanded_reading.py,把预约失效期限与志愿者搬运边界结合起来判断后果。 主要依靠明确线索、常见表达或单一关系；适合作为基础练习。,读懂：灯具只有能正常工作，并且电线完好，才会被接受。intact cable 是“没有破损的电线”；床垫和食物则属于不接收的类别。 解析：符合条件的是功能正常且电线无损的灯。床垫未拆封也不改变类别限制；食物新鲜也仍被排除；电线坏了的灯不满足两项必要条件中的一项。,2026-09-27
R210,reading,read_daily_life,Reuse store collection policy,困难,推断与条件整合,intact / curb,每份（2 篇，4–6 个小题）,240–360,question_bank/sources/expanded_reading.py,把预约失效期限与志愿者搬运边界结合起来判断后果。 需要处理抽象关系、限制条件、隐含态度或更复杂句法，并排除同主题的近似解释。,读懂：“within two working days”是两个工作日内；逾期未领的物品会重新开放。志愿者可搬到“the curb”（路边），之后的运输由领取者自己安排，不能因此延长预留时间。 解析：等到下周不一定仍能保留，且没有送货保证。志愿者不会因搬到路边就继续送到家；两日规定管的是预订后的领取，不是捐赠；网上预订也不能无限延长保留期。,2026-09-27
R211,reading,read_academic_passage,The value of urban wetlands,适中,主旨与目的,hydrology / fluctuations / premature,每份（1 篇，5 个小题）,300,question_bank/sources/expanded_reading.py,水文和恢复速度均有解释，需要区分外观、生态功能和多种评估指标。 需要同义改写、复合句理解或联系相邻信息，不能只匹配一个关键词。,读懂：文章先说湿地可暂存雨水、减缓径流，也能有限地截留污染物；随后解释恢复水流规律比做出湿地外观更难，评估还要长期看多项指标。 解析：主旨是湿地的作用及恢复这些作用的困难。只凭外观评价与原文相反；吸引鸟类不能代替水位监测；结尾也明确说不必完全复制从前的生态系统，仍可能有价值。,2026-09-27
R212,reading,read_academic_passage,The value of urban wetlands,适中,细节定位,hydrology / fluctuations / premature,每份（1 篇，5 个小题）,300,question_bank/sources/expanded_reading.py,水文和恢复速度均有解释，需要区分外观、生态功能和多种评估指标。 需要同义改写、复合句理解或联系相邻信息，不能只匹配一个关键词。,读懂：hold water temporarily and release it slowly 是“暂时蓄住水，再慢慢释放”。雨水到河流的速度因此减慢，这才是减缓径流的机制。 解析：答案是暂存后逐步放水。让水加速与效果相反；全年保持水位不变属于后文可能导致恢复失败的情形；过滤污染物是另一项作用，不是减慢水流的这条因果链。,2026-09-27
R213,reading,read_academic_passage,The value of urban wetlands,困难,推断与条件整合,hydrology / fluctuations / premature,每份（1 篇，5 个小题）,300,question_bank/sources/expanded_reading.py,水文和恢复速度均有解释，需要区分外观、生态功能和多种评估指标。 需要处理抽象关系、限制条件、隐含态度或更复杂句法，并排除同主题的近似解释。,读懂：hydrology 指维持湿地的水流运动规律。有些生物需要水位随季节涨落；即使池塘周围植物合适，水位一直不变仍可能让修复失败。 解析：问题在于水文条件不合生物需要，而非鸟先来、植物尚未长高；也不是外观与旧湿地稍有不同就失败。暂存雨水本是湿地的有益功能，不应反说必须保持恒定水位。,2026-09-27
R214,reading,read_academic_passage,The value of urban wetlands,适中,语境词义,hydrology / fluctuations / premature,每份（1 篇，5 个小题）,300,question_bank/sources/expanded_reading.py,水文和恢复速度均有解释，需要区分外观、生态功能和多种评估指标。 需要同义改写、复合句理解或联系相邻信息，不能只匹配一个关键词。,读懂：前句说评估成功要有耐心，后面说只看较快出现的变化，会导致 premature claims，也就是证据尚未等充分就急着下结论。 解析：premature 在这里指“时间还不够就作出的”，不是等了足够久才作出。独立于先前评估说的是评估之间的关系；多个指标一致说的是证据条件，都不是这个词强调的过早。,2026-09-27
R215,reading,read_academic_passage,The value of urban wetlands,困难,句子插入与篇章衔接 / 指代与论证顺序,hydrology / fluctuations / premature,每份（1 篇，5 个小题）,300,question_bank/sources/expanded_reading.py,Requires connecting the candidate sentence with both its antecedent and the following argument; the alternative positions disrupt that connection.,读懂：待插句说新修复湿地可能很快吸引鸟类，但土壤过程的改变要多年；这是两种恢复速度的对比。 解析：选 Position C：前句说评估要耐心，插句解释原因；后句的 different rates 指这两种速度。Position A、Position B 仍在讲功能或水文，插入会打断；Position D 太晚，使前句先谈速度差却没有先说明两类变化。,2026-09-27
R216,reading,read_academic_passage,Why borrowed words change,适中,主旨与目的,grammatical / transmitted / bilingualism,每份（1 篇，5 个小题）,300,question_bank/sources/expanded_reading.py,由音形义变化推断传播路径，避免把借词过度解释为广泛直接接触。 需要同义改写、复合句理解或联系相邻信息，不能只匹配一个关键词。,读懂：“borrowed expression”指借入的词语。它进入新语言后，发音、语法和词义都可能变化；末段的“interpreted carefully”（谨慎解读）提醒：还须结合历史等证据判断借词如何传入。 解析：全文讲借词会变化，理解它需看背景。并未比较词义比发音保存得更可靠；词义变化也不一定是双语者犯错；只凭词汇就判定群体接触程度，恰是末段提醒不能做的事。,2026-09-27
R217,reading,read_academic_passage,Why borrowed words change,适中,细节定位,grammatical / transmitted / bilingualism,每份（1 篇，5 个小题）,300,question_bank/sources/expanded_reading.py,由音形义变化推断传播路径，避免把借词过度解释为广泛直接接触。 需要同义改写、复合句理解或联系相邻信息，不能只匹配一个关键词。,读懂：adjust unfamiliar sounds to fit their existing sound system 是“调整不熟悉的声音，让它符合自己语言已有的发音体系”。这里的调整对象是声音。 解析：改发音是为了适应本族语言已有的声音。复数构成属语法，不是发音目的；缩小词义是另一个变化；突出外来语法体系也与融入新语言环境的方向相反。,2026-09-27
R218,reading,read_academic_passage,Why borrowed words change,适中,篇章作用与结构,grammatical / transmitted / bilingualism,每份（1 篇，5 个小题）,300,question_bank/sources/expanded_reading.py,由音形义变化推断传播路径，避免把借词过度解释为广泛直接接触。 需要同义改写、复合句理解或联系相邻信息，不能只匹配一个关键词。,读懂：“a general cooking method”是一般烹饪方法，“one particular dish”是某一道特定的菜。原来涵盖一种做法的词，借入后只指一道菜，说明词义范围缩小。 解析：它说明宽泛词义可以专门化，而不是发音变化阻止了词义变化。把特殊用法恢复为一般意义，方向正好相反；语法如何决定传播路线也不是这个例子讨论的问题。,2026-09-27
R219,reading,read_academic_passage,Why borrowed words change,困难,推断与条件整合,grammatical / transmitted / bilingualism,每份（1 篇，5 个小题）,300,question_bank/sources/expanded_reading.py,由音形义变化推断传播路径，避免把借词过度解释为广泛直接接触。 需要处理抽象关系、限制条件、隐含态度或更复杂句法，并排除同主题的近似解释。,读懂：“direct conversation”是直接交谈，“indirectly”是间接地：词也可能经过贸易、书籍或第三种语言传来。仅有一个借词，不能判断双语者多少或双方关系是否友好。 解析：因此，词可以在没有广泛直接接触的情况下传播。相似词汇不证明政治友好，也不证明普遍双语；历史记录是与发音证据合用，不是取代它。,2026-09-27
R220,reading,read_academic_passage,Why borrowed words change,适中,语境词义,grammatical / transmitted / bilingualism,每份（1 篇，5 个小题）,300,question_bank/sources/expanded_reading.py,由音形义变化推断传播路径，避免把借词过度解释为广泛直接接触。 需要同义改写、复合句理解或联系相邻信息，不能只匹配一个关键词。,读懂：词可能通过 direct conversation，即直接交谈，被 transmitted，也可能间接通过贸易或书籍到达另一种语言。句子讨论的是词从哪里、通过何种途径传来。 解析：transmitted 指“从一个来源传到另一个”，不是改成新语法、把意义缩小，或原样保存发音。后三项都在谈词本身是否变化，不是传播过程。,2026-09-27
R221,reading,read_academic_passage,Measuring a glacier,困难,推断与条件整合,accumulation / density / persistent,每份（1 篇，5 个小题）,300,question_bank/sources/expanded_reading.py,区分冰川前缘、总质量与短期高度变化，对多方法不一致作有边界的解释。 需要处理抽象关系、限制条件、隐含态度或更复杂句法，并排除同主题的近似解释。,读懂：“front edge advances”是前缘向前推进，“becomes thinner”是冰体变薄，两者可以同时发生。上游冰流加快可暂时把前缘推向前，但整条冰川仍在损失冰量。 解析：所以“前进”与“总量减少”可以同时发生。前缘前进不证明积累超过融化；文中没说冰密度必然上升；冰流减慢、降雪让全体变厚也不是这里给出的机制。,2026-09-27
R222,reading,read_academic_passage,Measuring a glacier,适中,细节定位,accumulation / density / persistent,每份（1 篇，5 个小题）,300,question_bank/sources/expanded_reading.py,区分冰川前缘、总质量与短期高度变化，对多方法不一致作有边界的解释。 需要同义改写、复合句理解或联系相邻信息，不能只匹配一个关键词。,读懂：表面标杆能显示当地的积雪增加与融化，但 stakes cover only small locations，意思是“标杆只覆盖很小的局部位置”，不能单凭它概括整条冰川。 解析：局限是测量地点的覆盖有限。受云层影响是卫星观测的问题，不是标杆的主要限制；原文说标杆能显示积累和融化；它也不比局部变化更直接代表总冰量。,2026-09-27
R223,reading,read_academic_passage,Measuring a glacier,困难,篇章作用与结构,accumulation / density / persistent,每份（1 篇，5 个小题）,300,question_bank/sources/expanded_reading.py,区分冰川前缘、总质量与短期高度变化，对多方法不一致作有边界的解释。 需要处理抽象关系、限制条件、隐含态度或更复杂句法，并排除同主题的近似解释。,读懂：“temporarily increase surface height”是暂时抬高表面；“without reversing a long-term loss of ice”是不扭转冰量长期减少。大雪后的高度上升，不等于冰川整体已恢复。 解析：例子用于区分短期升高与长期恢复，不是说升高必因冰流加快。文中也未说大雪后可以忽略密度；标杆能观察当地积累，所以“不能发现新增积雪”不符合前文。,2026-09-27
R224,reading,read_academic_passage,Measuring a glacier,适中,语境词义,accumulation / density / persistent,每份（1 篇，5 个小题）,300,question_bank/sources/expanded_reading.py,区分冰川前缘、总质量与短期高度变化，对多方法不一致作有边界的解释。 需要同义改写、复合句理解或联系相邻信息，不能只匹配一个关键词。,读懂：末句要求区分 short-term variation，即短期波动，与 persistent trends，即持续一段时间的趋势；不能用一个季节概括整个系统。 解析：persistent 在这里是“随时间持续的”。规律性地间隔变化强调周期，不等于持续；局限在某些地点讲空间；没有可识别原因讲成因，都偏离这里的时间对比。,2026-09-27
R225,reading,read_academic_passage,Measuring a glacier,困难,句子插入与篇章衔接 / 指代与论证顺序,accumulation / density / persistent,每份（1 篇，5 个小题）,300,question_bank/sources/expanded_reading.py,Requires connecting the candidate sentence with both its antecedent and the following argument; the alternative positions disrupt that connection.,读懂：待插句说“它”可能暴露错误，也可能说明异常事件只影响冰川的一部分。先要找清 It 指什么。 解析：选 Position C：前句刚说不同方法结果不一致也有用，It 就回指这种不一致；后句的大雪是异常事件的例子。Position A、Position B 都还没介绍结果不一致，指代无着落；Position D 已在例子后，破坏“总体解释→具体例子”的顺序。,2026-09-27
R226,reading,read_academic_passage,How markets share information,困难,主旨与目的,transaction / external / coordinating,每份（1 篇，5 个小题）,300,question_bank/sources/expanded_reading.py,理解价格信号和外部成本的抽象关系，区分收费收入与行为变化。 需要处理抽象关系、限制条件、隐含态度或更复杂句法，并排除同主题的近似解释。,读懂：第一段说价格能促使买卖双方调整行动；后文转而指出，价格可能漏掉污染等由外人承担的成本，需要额外制度和信息补足。 解析：主旨是价格传递的信息及其局限。价格不直接揭示短缺原因；污染收费只是补充说明，不是全文主要比较收费收入；认为市场信号使其他制度多余，与结尾相反。,2026-09-27
R227,reading,read_academic_passage,How markets share information,适中,细节定位,transaction / external / coordinating,每份（1 篇，5 个小题）,300,question_bank/sources/expanded_reading.py,理解价格信号和外部成本的抽象关系，区分收费收入与行为变化。 需要同义改写、复合句理解或联系相邻信息，不能只匹配一个关键词。,读懂：供给减少时，更高价格可能鼓励 consumers to use less，也就是让消费者少用；同一句对生产者说的则是多提供一些。 解析：消费者的反应是减少使用，不是趁稳定前多买。下游污染成本可能根本没体现在价格中；人们也不必先知道短缺原因才行动，原文明确说不用知道得很精确。,2026-09-27
R228,reading,read_academic_passage,How markets share information,适中,篇章作用与结构,transaction / external / coordinating,每份（1 篇，5 个小题）,300,question_bank/sources/expanded_reading.py,理解价格信号和外部成本的抽象关系，区分收费收入与行为变化。 需要同义改写、复合句理解或联系相邻信息，不能只匹配一个关键词。,读懂：“downstream community”是下游居民；“absent from the product's market price”是未计入产品市场价。居民并非买卖双方，却承担河流污染损失，说明价格可能漏掉第三方成本。 解析：河流例子说明价格漏计了外部承担的成本。不是工厂已付清的生产费用；也没有消费者直接赔偿居民的安排；更未建立“供给减少必然增加河流污染”的因果关系。,2026-09-27
R229,reading,read_academic_passage,How markets share information,困难,推断与条件整合,transaction / external / coordinating,每份（1 篇，5 个小题）,300,question_bank/sources/expanded_reading.py,理解价格信号和外部成本的抽象关系，区分收费收入与行为变化。 需要处理抽象关系、限制条件、隐含态度或更复杂句法，并排除同主题的近似解释。,读懂：A fee too small to influence behavior 是“费用低到不足以影响行为”。它可能增加收费收入，却没有减少污染损害。 解析：因此很小的污染费可能收到了钱，却没让生产选择改变。不能保证生产不变也会减害；收费效果仍依赖测量与执行，不能省掉成本估计；解释供给变化原因也不是这项费用的作用。,2026-09-27
R230,reading,read_academic_passage,How markets share information,适中,语境词义,transaction / external / coordinating,每份（1 篇，5 个小题）,300,question_bank/sources/expanded_reading.py,理解价格信号和外部成本的抽象关系，区分收费收入与行为变化。 需要同义改写、复合句理解或联系相邻信息，不能只匹配一个关键词。,读懂：价格上涨时，消费者可能少用、生产者可能多供应；他们不必拥有同样的信息，也能调整彼此相关的决定。这就是文中的 coordinating。 解析：它指“让分散的行动配合起来”，不是找出事件最初原因，也不是汇编历史记录。消费者与生产者的行动不同，所以也不要求所有参与者设定完全相同的目标。,2026-09-27
R231,reading,read_academic_passage,The timing of bird migration,适中,主旨与目的,rhythms / cues / breeding,每份（1 篇，5 个小题）,300,question_bank/sources/expanded_reading.py,区分季节准备与即时起飞，并用繁殖结果判断是否成功适应。 需要同义改写、复合句理解或联系相邻信息，不能只匹配一个关键词。,读懂：“day length”是日照时长，帮助鸟提前准备迁徙；风况影响具体哪天出发，目的地食物影响繁殖。“different time scales”是不同时间尺度，季节准备不等于立即出发。 解析：全文关注不同信号和时间尺度怎样影响迁徙。不是日长决定每只鸟的精确出发日；目的地条件也没取代体内节律；仅用短期天气更解释不了整套过程。,2026-09-27
R232,reading,read_academic_passage,The timing of bird migration,简单,细节定位,rhythms / cues / breeding,每份（1 篇，5 个小题）,300,question_bank/sources/expanded_reading.py,区分季节准备与即时起飞，并用繁殖结果判断是否成功适应。 主要依靠明确线索、常见表达或单一关系；适合作为基础练习。,读懂：Changes in day length 是白昼长短的变化，它比某一天突然暖或冷更能稳定地提示季节，所以是较可预测的迁徙准备信号。 解析：日长有用在于比短期天气更可预测，不是能反映沿途此刻的风；它也不随目的地食物突然丰富而立刻改变，更不是对异常气温反应更快。,2026-09-27
R233,reading,read_academic_passage,The timing of bird migration,适中,细节定位,rhythms / cues / breeding,每份（1 篇，5 个小题）,300,question_bank/sources/expanded_reading.py,区分季节准备与即时起飞，并用繁殖结果判断是否成功适应。 需要同义改写、复合句理解或联系相邻信息，不能只匹配一个关键词。,读懂：鸟即使已经准备好迁徙，也可能因强风推迟出发。costly 在飞行语境里是“耗能很大”，不是指需要多付钱。 解析：不利风况会增加飞行代价，所以鸟可能等待。准备已经完成，不能说日短阻止了准备；文中没有能量一延迟就自动消失的机制；已适应目的地食物高峰也不是这里的推迟原因。,2026-09-27
R234,reading,read_academic_passage,The timing of bird migration,困难,推断与条件整合,rhythms / cues / breeding,每份（1 篇，5 个小题）,300,question_bank/sources/expanded_reading.py,区分季节准备与即时起飞，并用繁殖结果判断是否成功适应。 需要处理抽象关系、限制条件、隐含态度或更复杂句法，并排除同主题的近似解释。,读懂：目的地食物最丰富的时段可能变得更快，而远方鸟依赖的日长信号没有同样跟上。仍按老时间表抵达，就可能错过食物高峰。 解析：错配发生在食物高峰与既定到达时间之间，不是天气与日长同速变化；储能增加不是文中这条关系；各群体调整能力不同，不能说全部每年都提前一样多。,2026-09-27
R235,reading,read_academic_passage,The timing of bird migration,困难,篇章作用与结构,rhythms / cues / breeding,每份（1 篇，5 个小题）,300,question_bank/sources/expanded_reading.py,区分季节准备与即时起飞，并用繁殖结果判断是否成功适应。 需要处理抽象关系、限制条件、隐含态度或更复杂句法，并排除同主题的近似解释。,读懂：“breeding outcomes”是繁殖结果，“a successful adjustment”是成功适应。研究者要把到达时间、食物高峰与繁殖结果一起比较，才能知道提前到达有没有实际帮助。 解析：测繁殖结果是为了评估改变时间是否带来实际好处。不是检验日长是否变得不可预测；也没研究翅膀大小与储能的分别影响；仅凭日期变化就认定适应成功，正是原文要避免的做法。,2026-09-27
R236,reading,read_academic_passage,Printing and the survival of texts,困难,主旨与目的,preservation / fragments / abundance,每份（1 篇，5 个小题）,300,question_bank/sources/expanded_reading.py,幸存文本存在选择偏差；从出版账目和残页推断缺失材料的存在。 需要处理抽象关系、限制条件、隐含态度或更复杂句法，并排除同主题的近似解释。,读懂：“abundance did not guarantee survival”意为印得多不保证留存得多。日常印刷品可能用完就丢，贵重馆藏却能留存几百年；现存资料不是过去读物的随机样本。 解析：存世文本不能直接代表当年人们读过的一切。存量不一定反映原先流行度；廉价读物并非很少流出图书馆；出版记录能补充印量信息，却不能比原件提供更完整的正文。,2026-09-27
R237,reading,read_academic_passage,Printing and the survival of texts,适中,细节定位,preservation / fragments / abundance,每份（1 篇，5 个小题）,300,question_bank/sources/expanded_reading.py,幸存文本存在选择偏差；从出版账目和残页推断缺失材料的存在。 需要同义改写、复合句理解或联系相邻信息，不能只匹配一个关键词。,读懂：notices and inexpensive song sheets 是通知、廉价歌页等日常印刷品；它们完成眼前用途后常被 discarded，也就是扔掉。 解析：失传原因是用完即弃。没有说价格低导致图书馆一份也不能收；装订者保存完整本而不再用散页，也不是这里的丢失原因；说原定用途让人不愿丢弃，恰好反转了原文的关系。,2026-09-27
R238,reading,read_academic_passage,Printing and the survival of texts,简单,句子插入与篇章衔接 / 指代与论证顺序,preservation / fragments / abundance,每份（1 篇，5 个小题）,300,question_bank/sources/expanded_reading.py,Requires connecting the candidate sentence with both its antecedent and the following argument; the alternative positions disrupt that connection.,读懂：待插句说装订者用废纸加固旧书，因此历史学家有时能在装订内部找到普通印刷纸张。它提供了再利用后留下的具体碎片。 解析：选 Position B：前句提到 reuse，即再利用，插句举例；后句 Such fragments 正好回指这些纸片。Position A 过早，割开存留不均的说明；Position C、Position D 都在 Such fragments 后，所指对象出现太晚。,2026-09-27
R239,reading,read_academic_passage,Printing and the survival of texts,困难,篇章作用与结构,preservation / fragments / abundance,每份（1 篇，5 个小题）,300,question_bank/sources/expanded_reading.py,幸存文本存在选择偏差；从出版账目和残页推断缺失材料的存在。 需要处理抽象关系、限制条件、隐含态度或更复杂句法，并排除同主题的近似解释。,读懂：publishers' accounts 是出版商的账目记录。即使某作品的纸本已不见，这类记录仍可能显示它当年印了很多份。 解析：提到账目是为了补充已失传作品的证据。账目并不能认出所有读者；它也不证明保存最多的书原来印量最大，作者正质疑这种等同；更无法还原每张缺页的原句。,2026-09-27
R240,reading,read_academic_passage,Printing and the survival of texts,适中,语境词义,preservation / fragments / abundance,每份（1 篇，5 个小题）,300,question_bank/sources/expanded_reading.py,幸存文本存在选择偏差；从出版账目和残页推断缺失材料的存在。 需要同义改写、复合句理解或联系相邻信息，不能只匹配一个关键词。,读懂：开头说印刷让更多副本流通，紧接着说 abundance 不保证存留下来。因此这个词承接的是 copies 的数量多，而不是保存得好。 解析：abundance 指“大量”。精心保存是另一回事；历史影响广与数量多并不等同；价值高也不合此处，因为后面恰用大量廉价印刷品消失作对比。,2026-09-27
R241,reading,read_academic_passage,The role of sleep in learning,适中,细节定位,consolidation / interference / vulnerable,每份（1 篇，5 个小题）,300,question_bank/sources/expanded_reading.py,考虑睡眠研究的混杂变量，限制从单一任务推广的范围。 需要同义改写、复合句理解或联系相邻信息，不能只匹配一个关键词。,读懂：memory consolidation 是记忆巩固，让刚学到的信息更稳定、更不容易被其他信息干扰。文章说，进步有时会在包含睡眠的一段间隔后出现。 解析：作用是稳定新学信息，不是让每段新记忆都同样抗干扰；也不能在从未接触知识的情况下凭睡眠生成知识；说改善只发生在练习当时，与开头的对比相反。,2026-09-27
R242,reading,read_academic_passage,The role of sleep in learning,适中,细节定位,consolidation / interference / vulnerable,每份（1 篇，5 个小题）,300,question_bank/sources/expanded_reading.py,考虑睡眠研究的混杂变量，限制从单一任务推广的范围。 需要同义改写、复合句理解或联系相邻信息，不能只匹配一个关键词。,"读懂：“time of day, fatigue, and previous experience”分别是时段、疲劳和以往经验。早晨组与深夜组不只差在是否睡过，因此后测差异不能全算在睡眠头上。 解析：难比较是因为时段和疲劳等因素可能干扰判断。没有说后测必然换任务；也不能认定两组疲劳完全相同；“先前经验必须一模一样”不是文中给出的事实或困难原因。",2026-09-27
R243,reading,read_academic_passage,The role of sleep in learning,困难,句子插入与篇章衔接 / 指代与论证顺序,consolidation / interference / vulnerable,每份（1 篇，5 个小题）,300,question_bank/sources/expanded_reading.py,Requires connecting the candidate sentence with both its antecedent and the following argument; the alternative positions disrupt that connection.,读懂：待插句说严谨研究会加设比较组，把 these influences，即这些影响因素，分开考察。它是在回应前文的实验比较难题。 解析：选 Position C：前面已经点出时段、疲劳和经验，并用早晚训练说明多种解释；插句补上控制办法，后段再转向任务差异。Position A、Position B 尚未列出这些因素；Position D 已在谈练习与知识，回头讲实验分组会打断论述。,2026-09-27
R244,reading,read_academic_passage,The role of sleep in learning,困难,推断与条件整合,consolidation / interference / vulnerable,每份（1 篇，5 个小题）,300,question_bank/sources/expanded_reading.py,考虑睡眠研究的混杂变量，限制从单一任务推广的范围。 需要处理抽象关系、限制条件、隐含态度或更复杂句法，并排除同主题的近似解释。,读懂：“the schedule surrounding practice”是练习前后的时间安排；“knowledge that was never learned”是从未学过的知识。睡眠可帮助巩固已学内容，却不能替代学习本身，不同任务收益也未必相同。 解析：合理做法是既安排练习，也考虑练习前后的时段。不能把一种任务的结果套给所有学习；只看练习当时是否轻松会漏掉延后变化；改变训练时间后也不能忽视疲劳。,2026-09-27
R245,reading,read_academic_passage,The role of sleep in learning,适中,语境词义,consolidation / interference / vulnerable,每份（1 篇，5 个小题）,300,question_bank/sources/expanded_reading.py,考虑睡眠研究的混杂变量，限制从单一任务推广的范围。 需要同义改写、复合句理解或联系相邻信息，不能只匹配一个关键词。,读懂：信息变得 less vulnerable to interference，意思是“更不容易受干扰影响”。vulnerable 本身说的是容易受影响，less 才把这种程度降低。 解析：词义是“容易受到影响的”，不是可被主动加强，也不是永久不变，或难与旧知识区分。记忆巩固可能使信息更稳定，但不能把整句的效果当成 vulnerable 单独的意思。,2026-09-27
R246,reading,read_academic_passage,Natural ventilation in buildings,适中,主旨与目的,ventilation / humidity / occupants,每份（1 篇，5 个小题）,300,question_bank/sources/expanded_reading.py,机制与限制清晰展开，最后把用户操作联系到预测效率。 需要同义改写、复合句理解或联系相邻信息，不能只匹配一个关键词。,读懂：“combine natural and mechanical systems”是结合自然与机械通风。全文先介绍空气流动，再讲噪声、污染、湿度等限制，最后谈混合系统及实际操作，重点是方法及适用条件。 解析：主旨是自然通风的机制与适用局限。不是强调压力比实际使用更重要；也不是所有气候都能不用机械设备；设计计算更不能替代对住户操作的观察。,2026-09-27
R247,reading,read_academic_passage,Natural ventilation in buildings,适中,细节定位,ventilation / humidity / occupants,每份（1 篇，5 个小题）,300,question_bank/sources/expanded_reading.py,机制与限制清晰展开，最后把用户操作联系到预测效率。 需要同义改写、复合句理解或联系相邻信息，不能只匹配一个关键词。,读懂：“escape near the roof”是从屋顶附近排出，“drawing cooler air into lower levels”是带动凉空气进入较低楼层。上升暖空气排出与下部凉空气进入构成连贯过程。 解析：上升暖空气能促使凉空气从低处进入，不是阻止它进入。文中没说这能不受室外条件影响地除湿；入口和出口也不必同高，这个例子恰是一高一低。,2026-09-27
R248,reading,read_academic_passage,Natural ventilation in buildings,适中,细节定位,ventilation / humidity / occupants,每份（1 篇，5 个小题）,300,question_bank/sources/expanded_reading.py,机制与限制清晰展开，最后把用户操作联系到预测效率。 需要同义改写、复合句理解或联系相邻信息，不能只匹配一个关键词。,读懂：“Outdoor noise”是室外噪声，“polluted air”是受污染空气，它们会让开窗不实用；“without removing enough moisture”是未除掉足够水分，说明凉快不一定等于除湿达标。 解析：噪声或污染会降低开窗的实用价值。节能不必然让人不舒服；压力差并没有被说成能隔音；湿空气也不是更能带走敏感材料的水分，这与除湿不足的提醒相反。,2026-09-27
R249,reading,read_academic_passage,Natural ventilation in buildings,适中,篇章作用与结构,ventilation / humidity / occupants,每份（1 篇，5 个小题）,300,question_bank/sources/expanded_reading.py,机制与限制清晰展开，最后把用户操作联系到预测效率。 需要同义改写、复合句理解或联系相邻信息，不能只匹配一个关键词。,读懂：“during suitable weather”是天气合适时，“when outdoor conditions become unfavorable”是室外条件变差时。前者可开窗，后者启用设备，让自然与机械方式各用在合适条件下。 解析：因此是随室外情况选用不同办法，不是任何天气都边开窗边制冷。住户操作仍会影响耗能；系统也不能只依设计预测而不查看现实条件。后文把误开窗又开制冷当作增加耗能的例子。,2026-09-27
R250,reading,read_academic_passage,Natural ventilation in buildings,适中,推断与条件整合,ventilation / humidity / occupants,每份（1 篇，5 个小题）,300,question_bank/sources/expanded_reading.py,机制与限制清晰展开，最后把用户操作联系到预测效率。 需要同义改写、复合句理解或联系相邻信息，不能只匹配一个关键词。,读懂：“actual operation”是实际运行，“design calculations”是设计计算。说明不清时，人可能边开窗边用制冷设备，反而费电，所以判断效果不能只看纸面预测。 解析：可推断人的操作会影响设计能否达到预期效率。计算达标不代表无需清晰说明；有机械制冷时实际操作照样重要；开窗也不是永远提高制冷效率，文中的例子正好否定了这一点。,2026-09-27
R251,reading,read_daily_life,Email about an exhibition booking,适中,主旨与目的,provisionally / finalize,每份（2 篇，4–6 个小题）,240–360,question_bank/sources/daily_life_long.py,区分暂留场地与已完成预订，概括整封邮件的沟通目的。,读懂：provisionally hold 是“暂时保留”，还不是正式订好。要确认五月十八日的展览，Mina 须在四月三十日前交安全表并付押金，邮件还交代布展和设备安排。 解析：Jon 是说明如何完成预订，不是说所有要求已满足；也没让她改展览日期。保持房间原状关系到活动后退押金，不表示已经发现损坏。,2026-09-27
R252,reading,read_daily_life,Email about an exhibition booking,适中,细节定位 / 条件整合,technical assistance / separately,每份（2 篇，4–6 个小题）,240–360,question_bank/sources/daily_life_long.py,区分设备包含在费用中与技术人员须单独预约两条安排。,读懂：投影仪含在场地费里，但 technical assistance，即操作技术支持，要另外预约，至少提前一周。五月十八日举办，最迟应在五月十一日预约。 解析：应提前申请技术帮助，不是再付一笔押金。五月十六日确认的是能否提前进场，此时才订技术人员已不足一周；只在预计人数的回复里提一句，也不等于完成单独预约。,2026-09-27
R253,reading,read_daily_life,Email about an exhibition booking,困难,推断与条件整合,payment alone / on time,每份（2 篇，4–6 个小题）,240–360,question_bank/sources/daily_life_long.py,同时核对付款、表格和上一组结束时间，判断两个安排均未确定。,读懂：Payment alone does not secure the space 是“仅付款不能确保场地订妥”，还需安全表。前晚布展也要等上一组准时结束，五月十六日才会确认能否进场。 解析：两项都还不能确定：题干只确认付了押金，没说已交表；期待五月十七日布展也不是获准。只剩预订不确定或只剩进场不确定，都漏掉另一条件；房间无损只关系退押金。,2026-09-27
R254,reading,read_daily_life,Messages about a field trip,适中,因果与目的,arrives / start later,每份（2 篇，4–6 个小题）,240–360,question_bank/sources/daily_life_long.py,把公共汽车抵达时间与原定参观开始时间联系起来判断联系博物馆的原因。,读懂：博物馆原提议十点开始导览，但备用公共巴士十点二十分才到，比开场晚二十分钟。Ava 因此要问导览能否推迟。 解析：再联系博物馆是为解决到达与开始时间冲突。馆方没改报人数的期限；大巴还没预订；十二人的门槛属于能否订大巴，不是导游拒接小团的规定。,2026-09-27
R255,reading,read_daily_life,Messages about a field trip,困难,推断与条件整合,at least twelve / until,每份（2 篇，4–6 个小题）,240–360,question_bank/sources/daily_life_long.py,达到人数门槛仍不等于获得预订许可，需追踪两位发言人的责任和附加条件。,读懂：Ben 可以在至少十二人确认时预订大巴，但 Ava 又明确要求，在她收到博物馆回复前不要订任何交通；Ben 也答应等她的消息。 解析：即使十二人的回复满足人数门槛，仍应汇总报告并等待 Ava，而非立刻订车。此时直接给博物馆报最终人数不是约定的下一步；公共巴士也没有因此被正式排除。,2026-09-27
R256,reading,read_daily_life,Messages about a field trip,困难,细节整合 / 时间条件,Wednesday evening / Thursday noon,每份（2 篇，4–6 个小题）,240–360,question_bank/sources/daily_life_long.py,区分小组内部回复期限和博物馆接收人数的外部期限。,读懂：馆方要周四中午前收到最终人数，但 Ava 给同学的回复期限是周三晚上。她说无论用哪种交通，没按这个时间回复的人都不计入。 解析：周四早上虽未过馆方期限，却已错过小组内部期限，所以仍被排除。多付五美元是大巴的潜在费用，不能买回名额；导览是否十点二十分开始也不改变回复规则。,2026-09-27
R257,reading,read_daily_life,Notice about travel reimbursements,适中,条件整合,approved / acceptance,每份（2 篇，4–6 个小题）,240–360,question_bank/sources/daily_life_long.py,区分会议录用与资助审批，判断购票操作顺序。,读懂：applications must be approved before tickets are purchased 是“申请须先获批，再买票”。会议接受研究成果，不等于旅行资助也已获批；这是两种不同批准。 解析：合规者等到基金批准后才买经济舱票。会议接受后立刻买票缺少基金许可；票价低于上限也不能免掉先审批；回程后才获批准更不能补成购票前已批准。,2026-09-27
R258,reading,read_daily_life,Notice about travel reimbursements,适中,条件与后续行动,additional time / initial claim deadline,每份（2 篇，4–6 个小题）,240–360,question_bank/sources/daily_life_long.py,按明确说明处理缺失收据，并区分申请截止日期与附件补交安排。,读懂：“submit the claim on time with an explanation”是按时交申请并说明缺件；“the initial claim deadline”是首次申请截止日。收据可能获准晚补，但主申请仍须回程后三十天内交。 解析：应先提交说明缺收据的申请。等收据齐全再申请可能逾期；会议方不是批准报销延期的机构；提交却不说明缺件，也没有照规定做。,2026-09-27
R259,reading,read_daily_life,Notice about travel reimbursements,困难,信息整合,deducted / approved limit,每份（2 篇，4–6 个小题）,240–360,question_bank/sources/daily_life_long.py,理解补贴上限并非固定金额，实际费用须先扣除其他来源支持。,读懂：“the amount actually paid”是实际支付金额，“up to the approved limit”是不超过批准上限；其他机构资助还要扣除。因此三百美元是封顶额，不是每人固定可领三百。 解析：票价二百四十减去已获的八十，剩一百六十美元，低于三百上限，所以报一百六十。二百二十是错误地用上限减资助；二百四十漏扣外部支持；三百则把上限当成付款额。,2026-09-27
R260,reading,read_daily_life,Email about a revised work placement,适中,细节定位 / 顺序条件,provided / before accepting,每份（2 篇，4–6 个小题）,240–360,question_bank/sources/daily_life_long.py,识别接受修订安排前必须取得课程负责人许可的条件。,读懂：原来的周一实习不能安排了，可改周三，但 provided your course coordinator approves the change 表示必须先取得课程协调员批准，而且要在接受新安排之前。 解析：Omar 应先获准改到周三。延期还需另查主管有无时间，不能要求先保证；每次外访交通要自行安排，但不是接受前必须全部订好；电脑由办公室提供，无须先买。,2026-09-27
R261,reading,read_daily_life,Email about a revised work placement,适中,信息整合,partner sites / remain on site,每份（2 篇，4–6 个小题）,240–360,question_bank/sources/daily_life_long.py,结合月度外出职责与设备使用范围，区分工作地点和电脑携带权限。,读懂：大部分工作在办公室看问卷回复，但每月有一个下午要去合作地点；提供的电脑 must remain on site，即必须留在办公室，不能跟着外带。 解析：两项规则合起来说明，有外出职责，但不能把这台电脑带去。并非所有调查工作都在家做；每月一次访问不取代每周办公室工作；电脑不能带走也不代表外访可以不去。,2026-09-27
R262,reading,read_daily_life,Email about a revised work placement,适中,推断与证据边界,cannot promise / availability,每份（2 篇，4–6 个小题）,240–360,question_bank/sources/daily_life_long.py,根据明确的条件性措辞，区分可以讨论延期与已经保证延期。,读懂：若新安排导致课程要求的时数不够，办公室可以讨论延长实习，但要先查主管是否有空，才可能作出承诺。 解析：所以延期有可能，但仍取决于尚待核查的条件。协调员批准周三时间不自动保证延长；办公室也没同意降低课程时数；说只能拒绝、绝不能延长，又把尚未保证误读成完全禁止。,2026-09-27
R263,reading,read_daily_life,Notice about a repair workshop,适中,细节整合,reserves / approval,每份（2 篇，4–6 个小题）,240–360,question_bank/sources/daily_life_long.py,区分报名成功和物品审核，不把两个程序视作同一承诺。,读懂：“reserves a place for you”是给你留名额；“not approval for the item”是不代表物品获准。志愿者还要检查工具是否合适，再单独回复能否带来该物品。 解析：成功报名表示人有位置、物品待审批。不能推成物品已检查通过；教学活动不保证修好；替换零件需要参加者另付费，报名成功也不等于零件已付款。,2026-09-27
R264,reading,read_daily_life,Notice about a repair workshop,适中,条件与后续行动,demonstration items / refund,每份（2 篇，4–6 个小题）,240–360,question_bank/sources/daily_life_long.py,在物品被拒收时定位允许的替代活动，排除未经说明的退款和维修承诺。,读懂：“you may still attend”是仍可参加；“demonstration items”是主办方的演示物品。个人物品因缺工具未获准，不会取消人的名额，可以改用演示物品练习。 解析：可参加并改用演示物品。拆掉电池只是安全要求，不能推翻物品未获准的决定；退费需在周五中午前取消，不会自动发生；也不能自借工具后要求志愿者保证代修。,2026-09-27
R265,reading,read_daily_life,Notice about a repair workshop,适中,推断与范围限定,replacement parts / guarantee,每份（2 篇，4–6 个小题）,240–360,question_bank/sources/daily_life_long.py,联系零件付费与不保证维修成功两句说明，排除费用等于结果保证的误读。,读懂：活动是教人维修，志愿者明确说不能保证修好。替换零件虽另收费，但付零件钱与维修能否成功是两件事。 解析：题目找“不符合条款”的期待，所以是“付了零件费就保证修好”。周五中午前取消可退报名费、现场可用提供的工具、物品审批与报名分开，这三项都与公告一致，不能选作冲突项。,2026-09-27
R266,reading,complete_words,Mud among marsh grasses,适中,主谓一致,particles / fine,每份（1 篇，10 个小题）,120,question_bank/sources/expansion_2026_09/complete_words.json,细小的东西是沉降的主体；后接 settle（沉降）而非单数形式 settles，要求复数名词。,Fine particles,2026-09-27
R267,reading,complete_words,Mud among marsh grasses,简单,空间介词,between / plant / stems,每份（1 篇，10 个小题）,120,question_bank/sources/expansion_2026_09/complete_words.json,这里说明颗粒落在哪些物体之间，后接复数茎秆，需要表示中间位置的介词。,between plant stems,2026-09-27
R268,reading,complete_words,Mud among marsh grasses,适中,名词修饰,stems / plant,每份（1 篇，10 个小题）,120,question_bank/sources/expansion_2026_09/complete_words.json,plant 修饰具体部位而不是表示种植；一片植被里有多根茎，用复数。,plant stems,2026-09-27
R269,reading,complete_words,Mud among marsh grasses,简单,因果与主语,water / flows / slowly,每份（1 篇，10 个小题）,120,question_bank/sources/expansion_2026_09/complete_words.json,because（因为）引出沉降原因；与 flows 搭配的主语是水这一不可数名词。,water flows slowly,2026-09-27
R270,reading,complete_words,Mud among marsh grasses,简单,副词词形,slowly / flows,每份（1 篇，10 个小题）,120,question_bank/sources/expansion_2026_09/complete_words.json,茎秆阻挡水流，使颗粒有时间沉降；这里修饰 flows，要用副词而不是形容词。,flows slowly,2026-09-27
R271,reading,complete_words,Mud among marsh grasses,适中,限定结构,such / dense / vegetation,每份（1 篇，10 个小题）,120,question_bank/sources/expansion_2026_09/complete_words.json,such 后可直接接形容词加不可数名词，概括前面成片茎秆造成的阻挡。,such dense vegetation,2026-09-27
R272,reading,complete_words,Mud among marsh grasses,适中,集合名词,vegetation / dense,每份（1 篇，10 个小题）,120,question_bank/sources/expansion_2026_09/complete_words.json,dense 修饰一整片植物，不是单株的种类；vegetation 作为整体名称不加复数词尾。,dense vegetation,2026-09-27
R273,reading,complete_words,Mud among marsh grasses,适中,过程与结果,sediment / leaving / behind,每份（1 篇，10 个小题）,120,question_bank/sources/expansion_2026_09/complete_words.json,前面颗粒落下，结果成为留下的沉积物；leaving 后需要作宾语的名词。,leaving sediment behind,2026-09-27
R274,reading,complete_words,Mud among marsh grasses,适中,对比连接,rather / than,每份（1 篇，10 个小题）,120,question_bank/sources/expansion_2026_09/complete_words.json,这里比较留下与带走两种相反结果；rather 与后面的 than 构成固定连接。,rather than,2026-09-27
R275,reading,complete_words,Mud among marsh grasses,困难,平行结构,carrying / than / everything,每份（1 篇，10 个小题）,120,question_bank/sources/expansion_2026_09/complete_words.json,与 leaving（留下）并列比较的动作保持相同形式，所以 carry（带走）改为 carrying，保留 y。,than carrying everything away,2026-09-27
R276,reading,complete_words,A neighborhood seed shelf,简单,限定词与单数,packet / each / carries,每份（1 篇，10 个小题）,120,question_bank/sources/expansion_2026_09/complete_words.json,each 指逐个看的一包，因此名词用单数，与 carries 对应。,Each packet carries,2026-09-27
R277,reading,complete_words,A neighborhood seed shelf,简单,形容词修饰,clear / instructions,每份（1 篇，10 个小题）,120,question_bank/sources/expansion_2026_09/complete_words.json,空处修饰说明的性质，需要形容词；说明要让借种者知道如何操作。,clear instructions,2026-09-27
R278,reading,complete_words,A neighborhood seed shelf,简单,介词搭配,about / instructions / planting,每份（1 篇，10 个小题）,120,question_bank/sources/expansion_2026_09/complete_words.json,说明的主题是播种深度；about 接名词性内容，表示关于什么。,instructions about planting depth,2026-09-27
R279,reading,complete_words,A neighborhood seed shelf,适中,词性与语义,depth / planting,每份（1 篇，10 个小题）,120,question_bank/sources/expansion_2026_09/complete_words.json,需要告诉种子埋多深；planting 修饰名词 depth，不能用表示深的形容词。,planting depth,2026-09-27
R280,reading,complete_words,A neighborhood seed shelf,适中,活动名词,watering / planting / depth,每份（1 篇，10 个小题）,120,question_bank/sources/expansion_2026_09/complete_words.json,这里并列列出两项栽培说明；water 作浇水这个动词时，加 ing 可变成活动名称 watering。,planting depth and watering,2026-09-27
R281,reading,complete_words,A neighborhood seed shelf,适中,人物角色,donors / while / record,每份（1 篇，10 个小题）,120,question_bank/sources/expansion_2026_09/complete_words.json,记录种子来源的人是捐赠者；record 是复数主语对应的现在时形式。,while donors record,2026-09-27
R282,reading,complete_words,A neighborhood seed shelf,适中,地点从句,where / plants / originally,每份（1 篇，10 个小题）,120,question_bank/sources/expansion_2026_09/complete_words.json,记录的是种子来源植株的生长地点，不是种植时间；where 后用陈述语序。,where the plants originally grew,2026-09-27
R283,reading,complete_words,A neighborhood seed shelf,简单,主语与语境,plants / originally / grew,每份（1 篇，10 个小题）,120,question_bank/sources/expansion_2026_09/complete_words.json,捐赠者登记种子来源植株的生长地点；plants 是生长的主体，使用复数。,the plants originally grew,2026-09-27
R284,reading,complete_words,A neighborhood seed shelf,适中,不规则过去式,grew / originally,每份（1 篇，10 个小题）,120,question_bank/sources/expansion_2026_09/complete_words.json,这里追溯捐赠前的来源，时间在过去；grow 的过去式是 grew，不是规则加词尾。,originally grew,2026-09-27
R285,reading,complete_words,A neighborhood seed shelf,适中,形容词修饰,private / gardens,每份（1 篇，10 个小题）,120,question_bank/sources/expansion_2026_09/complete_words.json,private 是修饰 gardens 的形容词，说明这些花园属于私人而非公共机构。,private gardens,2026-09-27
R286,reading,complete_words,Hidden labels in a laboratory,适中,动名词,testing / before,每份（1 篇，10 个小题）,120,question_bank/sources/expansion_2026_09/complete_words.json,before 在这里接表示活动的词，test 要用 testing；先编码才能在观察时隐藏身份。,Before testing,2026-09-27
R287,reading,complete_words,Hidden labels in a laboratory,适中,动词搭配,replace / descriptive / labels,每份（1 篇，10 个小题）,120,question_bank/sources/expansion_2026_09/complete_words.json,固定结构是 replace 原物 with 新物；技术员换掉会泄露身份的标签。,replace descriptive labels with codes,2026-09-27
R288,reading,complete_words,Hidden labels in a laboratory,适中,宾语与复数,labels / descriptive,每份（1 篇，10 个小题）,120,question_bank/sources/expansion_2026_09/complete_words.json,被换掉的是样本上描述身份的标签；多个样本的标签用复数。,descriptive labels,2026-09-27
R289,reading,complete_words,Hidden labels in a laboratory,适中,搭配与词义,codes / with,每份（1 篇，10 个小题）,120,question_bank/sources/expansion_2026_09/complete_words.json,代码代替能说明身份的文字，是新的标识；前有多个标签，这里也用复数名词。,with codes,2026-09-27
R290,reading,complete_words,Hidden labels in a laboratory,困难,关系从句一致,reveal / codes / that,每份（1 篇，10 个小题）,120,question_bank/sources/expansion_2026_09/complete_words.json,that 指复数 codes，谓语用 reveal；nothing 把透露的内容否定掉。,codes that reveal nothing,2026-09-27
R291,reading,complete_words,Hidden labels in a laboratory,适中,介词搭配,about / nothing / treatment,每份（1 篇，10 个小题）,120,question_bank/sources/expansion_2026_09/complete_words.json,about 引出没有透露的内容主题，不表示来源或用途。,nothing about the treatment,2026-09-27
R292,reading,complete_words,Hidden labels in a laboratory,困难,语境词义,treatment / each / sample,每份（1 篇，10 个小题）,120,question_bank/sources/expansion_2026_09/complete_words.json,实验里 treatment 是施加的实验条件，不一定指医疗；它是 received 的宾语。,the treatment each sample received,2026-09-27
R293,reading,complete_words,Hidden labels in a laboratory,适中,限定词与单数,sample / each / received,每份（1 篇，10 个小题）,120,question_bank/sources/expansion_2026_09/complete_words.json,each 要求单数名词；received 描述此前已给样本的处理。,each sample received,2026-09-27
R294,reading,complete_words,Hidden labels in a laboratory,困难,结果分词,preventing / observers / from,每份（1 篇，10 个小题）,120,question_bank/sources/expansion_2026_09/complete_words.json,逗号后的 preventing 表示编码产生的结果，并与 from 连用；不是另起一个过去时谓语。,preventing observers from favoring,2026-09-27
R295,reading,complete_words,Hidden labels in a laboratory,适中,动词介词搭配,from / observers / favoring,每份（1 篇，10 个小题）,120,question_bank/sources/expansion_2026_09/complete_words.json,prevent 后接人、from 和动名词；favoring 证实这里需要 from。,preventing observers from favoring a predicted result,2026-09-27
R296,reading,complete_words,Drying clothes in shared housing,简单,动词语义,hang / damp / clothes,每份（1 篇，10 个小题）,120,question_bank/sources/expansion_2026_09/complete_words.json,想少用烘干机，就把衣服悬挂晾干；They（他们）后用动词原形 hang。,hang damp clothes,2026-09-27
R297,reading,complete_words,Drying clothes in shared housing,简单,名词拼写,clothes / damp,每份（1 篇，10 个小题）,120,question_bank/sources/expansion_2026_09/complete_words.json,damp 修饰的是洗后要晾的衣服；clothes 本身是常用复数形式，别漏末尾 s。,damp clothes,2026-09-27
R298,reading,complete_words,Drying clothes in shared housing,简单,空间语境,windows / near,每份（1 篇，10 个小题）,120,question_bank/sources/expansion_2026_09/complete_words.json,后面说空气可流通，位置应是窗户旁；这里泛指可利用的窗户，用复数。,near windows,2026-09-27
R299,reading,complete_words,Drying clothes in shared housing,简单,不可数名词,air / moves / freely,每份（1 篇，10 个小题）,120,question_bank/sources/expansion_2026_09/complete_words.json,让水分散去的是空气流动；air 是不可数主语，搭配 moves。,air moves freely,2026-09-27
R300,reading,complete_words,Drying clothes in shared housing,适中,副词与对照,freely / moves,每份（1 篇，10 个小题）,120,question_bank/sources/expansion_2026_09/complete_words.json,修饰 moves 的方式要用副词；通风顺畅与下文拥挤衣架形成对照。,moves freely,2026-09-27
R301,reading,complete_words,Drying clothes in shared housing,简单,并列谓语,leave / enough / space,每份（1 篇，10 个小题）,120,question_bank/sources/expansion_2026_09/complete_words.json,but（但是）连接挂衣和留空两个动作；主语仍是 They（他们），所以 leave 不加单数词尾。,leave enough space,2026-09-27
R302,reading,complete_words,Drying clothes in shared housing,简单,数量与名词,space / enough,每份（1 篇，10 个小题）,120,question_bank/sources/expansion_2026_09/complete_words.json,这里指衣服之间的空隙总量，不是多个单独场所，用不可数 space。,enough space,2026-09-27
R303,reading,complete_words,Drying clothes in shared housing,适中,指代与词义,items / between,每份（1 篇，10 个小题）,120,question_bank/sources/expansion_2026_09/complete_words.json,items 承接晾晒的每件衣物；between 说明多件之间要留间隔。,between items,2026-09-27
R304,reading,complete_words,Drying clothes in shared housing,适中,不定式目的,allow / moisture / escape,每份（1 篇，10 个小题）,120,question_bank/sources/expansion_2026_09/complete_words.json,留空的目的是允许水分逸出；前一个 to 表目的，因此 allow 用原形。,allow moisture to escape,2026-09-27
R305,reading,complete_words,Drying clothes in shared housing,简单,不定式搭配,to / moisture / escape,每份（1 篇，10 个小题）,120,question_bank/sources/expansion_2026_09/complete_words.json,allow 后接对象再接 to 加动词原形；escape 前缺的是不定式标记。,allow moisture to escape,2026-09-27
R306,reading,complete_words,Pottery fragments on a table,适中,方法与动名词,matching / curved / edges,每份（1 篇，10 个小题）,120,question_bank/sources/expansion_2026_09/complete_words.json,by 表示采用的方法，后接 matching；研究者把吻合的断边对应起来。,By matching curved edges,2026-09-27
R307,reading,complete_words,Pottery fragments on a table,适中,名词与语境,edges / curved,每份（1 篇，10 个小题）,120,question_bank/sources/expansion_2026_09/complete_words.json,碎片可以凭断口拼合；curved 修饰边缘，多个断边要用复数名词。,curved edges,2026-09-27
R308,reading,complete_words,Pottery fragments on a table,适中,动词词义,reconstruct / researchers / vessels,每份（1 篇，10 个小题）,120,question_bank/sources/expansion_2026_09/complete_words.json,他们根据碎片恢复原来形状，不是重新挖掘；researchers 是复数，谓语用原形。,researchers reconstruct vessels,2026-09-27
R309,reading,complete_words,Pottery fragments on a table,困难,关系从句,that / vessels / were,每份（1 篇，10 个小题）,120,question_bank/sources/expansion_2026_09/complete_words.json,that 引出修饰 vessels 的关系从句，并在从句中作主语。,vessels that were broken,2026-09-27
R310,reading,complete_words,Pottery fragments on a table,适中,被动语态,broken / were,每份（1 篇，10 个小题）,120,question_bank/sources/expansion_2026_09/complete_words.json,器皿是受到破坏的对象；were 后接 break 的过去分词 broken。,were broken,2026-09-27
R311,reading,complete_words,Pottery fragments on a table,适中,时间关系,before / long / site,每份（1 篇，10 个小题）,120,question_bank/sources/expansion_2026_09/complete_words.json,陶器先破碎，研究者很久以后才发掘；before 才符合时间关系。,long before the site was excavated,2026-09-27
R312,reading,complete_words,Pottery fragments on a table,适中,语义角色,site / excavated,每份（1 篇，10 个小题）,120,question_bank/sources/expansion_2026_09/complete_words.json,能被考古发掘的是遗址；was 表明此处按单数地点来叙述。,the site was excavated,2026-09-27
R313,reading,complete_words,Pottery fragments on a table,困难,被动词形,excavated,每份（1 篇，10 个小题）,120,question_bank/sources/expansion_2026_09/complete_words.json,遗址不是执行动作的人，was 后要用过去分词；excavate 以 e 结尾，只加 d。,was excavated,2026-09-27
R314,reading,complete_words,Pottery fragments on a table,简单,让步与数量,some / pieces / remain,每份（1 篇，10 个小题）,120,question_bank/sources/expansion_2026_09/complete_words.json,although（虽然）表让步：能重建并不代表碎片齐全；some 修饰不确定数量的复数 pieces。,some pieces remain missing,2026-09-27
R315,reading,complete_words,Pottery fragments on a table,适中,系动词补语,remain / missing,每份（1 篇，10 个小题）,120,question_bank/sources/expansion_2026_09/complete_words.json,missing 说明持续的状态，remain 后可接这种状态补语；主语 pieces 为复数。,remain missing,2026-09-27
R316,reading,complete_words,A bicycle repair lesson,简单,单数一致,instructor / checks,每份（1 篇，10 个小题）,120,question_bank/sources/expansion_2026_09/complete_words.json,one 限定一个人，所以用单数 instructor；checks 也与单数对应。,One instructor checks,2026-09-27
R317,reading,complete_words,A bicycle repair lesson,适中,宾语从句,whether / checks / learners,每份（1 篇，10 个小题）,120,question_bank/sources/expansion_2026_09/complete_words.json,检查的是能力是否具备，而不是说明原因；whether 引出两种可能。,checks whether learners can locate,2026-09-27
R318,reading,complete_words,A bicycle repair lesson,简单,情态动词,can / learners / locate,每份（1 篇，10 个小题）,120,question_bank/sources/expansion_2026_09/complete_words.json,空处表示具备的能力；locate 为原形，符合 can 后接原形的结构。,learners can locate,2026-09-27
R319,reading,complete_words,A bicycle repair lesson,简单,形容词与语境,small / holes,每份（1 篇，10 个小题）,120,question_bank/sources/expansion_2026_09/complete_words.json,漏气点很小，需要放到水下观察；修饰 holes 要用形容词 small。,small holes,2026-09-27
R320,reading,complete_words,A bicycle repair lesson,适中,方式介词,by / holding / tubes,每份（1 篇，10 个小题）,120,question_bank/sources/expansion_2026_09/complete_words.json,后面介绍定位孔洞的方法；by 后接 holding 这一动名词。,by holding tubes under water,2026-09-27
R321,reading,complete_words,A bicycle repair lesson,适中,语境词义,tubes / holding / under,每份（1 篇，10 个小题）,120,question_bank/sources/expansion_2026_09/complete_words.json,漏气的是装空气的内胎，后文也要求补内胎；这里泛指学员处理的多个内胎。,holding tubes under water,2026-09-27
R322,reading,complete_words,A bicycle repair lesson,简单,搭配与因果,water / under,每份（1 篇，10 个小题）,120,question_bank/sources/expansion_2026_09/complete_words.json,气体逸出在水里才容易看出气泡；water 指物质，用不可数名词。,under water,2026-09-27
R323,reading,complete_words,A bicycle repair lesson,适中,平行结构,watching / holding / tubes,每份（1 篇，10 个小题）,120,question_bank/sources/expansion_2026_09/complete_words.json,and 连接两种定位方法，与 holding 保持动名词形式。,holding tubes under water and watching,2026-09-27
R324,reading,complete_words,A bicycle repair lesson,简单,现象词汇,bubbles / rising,每份（1 篇，10 个小题）,120,question_bank/sources/expansion_2026_09/complete_words.json,孔洞漏出的空气在水中形成多个气泡；rising 描述气泡向上移动。,bubbles rising,2026-09-27
R325,reading,complete_words,A bicycle repair lesson,适中,方向介词,toward / surface,每份（1 篇，10 个小题）,120,question_bank/sources/expansion_2026_09/complete_words.json,rising（上升）已给出上升动作，toward 补充方向，不表示已经到达。,toward the surface,2026-09-27
R326,reading,complete_words,Reading layers in an ice core,适中,动词搭配,compare / pale / layers,每份（1 篇，10 个小题）,120,question_bank/sources/expansion_2026_09/complete_words.json,这里并不是把两层混合，而是比较特征；compare 后用 with 引出比较对象。,compare pale layers with darker bands,2026-09-27
R327,reading,complete_words,Reading layers in an ice core,适中,名词与结构,layers / pale,每份（1 篇，10 个小题）,120,question_bank/sources/expansion_2026_09/complete_words.json,冰芯呈现多次累积形成的层状结构；pale 修饰名词，复数 layers 与 bands（带状层）对应。,pale layers,2026-09-27
R328,reading,complete_words,Reading layers in an ice core,适中,比较级,darker / bands,每份（1 篇，10 个小题）,120,question_bank/sources/expansion_2026_09/complete_words.json,与前面的 pale layers（浅色层）对比，dark 要用比较级 darker，表示相对更深。,darker bands,2026-09-27
R329,reading,complete_words,Reading layers in an ice core,适中,因果连接,because / trapped / dust,每份（1 篇，10 个小题）,120,question_bank/sources/expansion_2026_09/complete_words.json,后文解释为何比较颜色不同的层，因此需要表示原因的 because。,because trapped dust can indicate,2026-09-27
R330,reading,complete_words,Reading layers in an ice core,适中,不可数名词,dust / trapped,每份（1 篇，10 个小题）,120,question_bank/sources/expansion_2026_09/complete_words.json,浅深差异的线索是冰里的尘土；dust 表示细碎物质总称，作不可数名词。,trapped dust,2026-09-27
R331,reading,complete_words,Reading layers in an ice core,困难,证据强度,indicate / periods,每份（1 篇，10 个小题）,120,question_bank/sources/expansion_2026_09/complete_words.json,尘土只是帮助推断时间的迹象，并非绝对证明；can 后用 indicate 原形。,can indicate periods,2026-09-27
R332,reading,complete_words,Reading layers in an ice core,困难,时间关系从句,when / periods / nearby,每份（1 篇，10 个小题）,120,question_bank/sources/expansion_2026_09/complete_words.json,when 修饰 periods，后面完整说明这些时期发生什么。,periods when nearby ground was exposed,2026-09-27
R333,reading,complete_words,Reading layers in an ice core,适中,多义词,ground / nearby,每份（1 篇，10 个小题）,120,question_bank/sources/expansion_2026_09/complete_words.json,尘土可能来自没有雪覆盖的地表；ground 在这里不是理由，而是地面这一不可数概念。,nearby ground,2026-09-27
R334,reading,complete_words,Reading layers in an ice core,困难,分词与对照,exposed,每份（1 篇，10 个小题）,120,question_bank/sources/expansion_2026_09/complete_words.json,与被雪覆盖形成反义对照；was 后用 exposed，说明地面露在外面。,was exposed,2026-09-27
R335,reading,complete_words,Reading layers in an ice core,适中,固定连接,than / rather / covered,每份（1 篇，10 个小题）,120,question_bank/sources/expansion_2026_09/complete_words.json,rather than 固定连接两种替代状态，这里不是普通大小比较。,rather than covered in snow,2026-09-27
R336,reading,complete_words,Measuring lunch leftovers,简单,测量动词,weigh / uneaten / food,每份（1 篇，10 个小题）,120,question_bank/sources/expansion_2026_09/complete_words.json,后文比较垃圾桶重量，说明这里测质量而非只数件数；复数主语后用 weigh。,weigh uneaten food,2026-09-27
R337,reading,complete_words,Measuring lunch leftovers,简单,不可数名词,food / uneaten,每份（1 篇，10 个小题）,120,question_bank/sources/expansion_2026_09/complete_words.json,uneaten 修饰被称量的东西；food 在此指食物总量，用不可数形式。,uneaten food,2026-09-27
R338,reading,complete_words,Measuring lunch leftovers,简单,时间搭配,lunch / after,每份（1 篇，10 个小题）,120,question_bank/sources/expansion_2026_09/complete_words.json,剩饭要在这一餐之后称量；after 后接餐名，通常不需要冠词。,after lunch,2026-09-27
R339,reading,complete_words,Measuring lunch leftovers,适中,动词搭配,separate / fruit / peels,每份（1 篇，10 个小题）,120,question_bank/sources/expansion_2026_09/complete_words.json,研究要区分不同剩余物，separate 与 from 连用；与 weigh 并列，用原形。,separate fruit peels from portions,2026-09-27
R340,reading,complete_words,Measuring lunch leftovers,适中,名词修饰,peels / fruit,每份（1 篇，10 个小题）,120,question_bank/sources/expansion_2026_09/complete_words.json,果皮与本可吃掉的份量分开记录；fruit 作类别修饰语，peels 才是中心名词。,fruit peels,2026-09-27
R341,reading,complete_words,Measuring lunch leftovers,适中,数量词汇,portions / that / could,每份（1 篇，10 个小题）,120,question_bank/sources/expansion_2026_09/complete_words.json,这里指剩下的一份份可食用部分，而非吃饭人数；复数名词由后面从句限定。,portions that could have been eaten,2026-09-27
R342,reading,complete_words,Measuring lunch leftovers,困难,情态完成式,could / have / been,每份（1 篇，10 个小题）,120,question_bank/sources/expansion_2026_09/complete_words.json,谈的是过去存在却没有实现的可能，could 与 have been eaten 构成这一含义。,could have been eaten,2026-09-27
R343,reading,complete_words,Measuring lunch leftovers,困难,完成被动,been / have / eaten,每份（1 篇，10 个小题）,120,question_bank/sources/expansion_2026_09/complete_words.json,食物是被吃的对象；could 后的完成被动结构表示过去未实现的可能，中间须有 been，不能把可能当成事实。,could have been eaten,2026-09-27
R344,reading,complete_words,Measuring lunch leftovers,简单,时间关系,before / trays / were,每份（1 篇，10 个小题）,120,question_bank/sources/expansion_2026_09/complete_words.json,可食用份量原本能在清盘前吃掉；before 给出那个机会的截止点。,before the trays were cleared,2026-09-27
R345,reading,complete_words,Measuring lunch leftovers,简单,被动主语,trays / were / cleared,每份（1 篇，10 个小题）,120,question_bank/sources/expansion_2026_09/complete_words.json,were 对应复数 trays；食堂里回收的是多位用餐者的餐盘。,the trays were cleared,2026-09-27
R346,reading,complete_words,Watching a nesting pair,适中,地点副词,indoors / from,每份（1 篇，10 个小题）,120,question_bank/sources/expansion_2026_09/complete_words.json,为避免靠近鸟巢，观察者待在室内；indoors 表示所在位置，保留末尾 s。,From indoors,2026-09-27
R347,reading,complete_words,Watching a nesting pair,简单,动词语义,record / pupils / each,每份（1 篇，10 个小题）,120,question_bank/sources/expansion_2026_09/complete_words.json,后文要求积累笔记，说明动作是记录；pupils 复数主语后用原形。,pupils record each visit,2026-09-27
R348,reading,complete_words,Watching a nesting pair,简单,事件名词,visit / each,每份（1 篇，10 个小题）,120,question_bank/sources/expansion_2026_09/complete_words.json,each 逐次分配，因此 visit 用单数；这里是成鸟回巢的次数。,each visit,2026-09-27
R349,reading,complete_words,Watching a nesting pair,适中,否定介词结构,approaching / without / nest,每份（1 篇，10 个小题）,120,question_bank/sources/expansion_2026_09/complete_words.json,without 后接名词性动作，approach 要加 ing；不靠近能减少干扰。,without approaching the nest,2026-09-27
R350,reading,complete_words,Watching a nesting pair,简单,语篇指代,nest,每份（1 篇，10 个小题）,120,question_bank/sources/expansion_2026_09/complete_words.json,指开头那对鸟正在使用的巢；the 提示前文已有明确对象。,the nest,2026-09-27
R351,reading,complete_words,Watching a nesting pair,适中,形容词词形,sudden / movements,每份（1 篇，10 个小题）,120,question_bank/sources/expansion_2026_09/complete_words.json,让鸟受惊的是没有预警的动作；sudden 修饰 movements，要用形容词。,sudden movements,2026-09-27
R352,reading,complete_words,Watching a nesting pair,适中,情态与语气,might / disturb / adults,每份（1 篇，10 个小题）,120,question_bank/sources/expansion_2026_09/complete_words.json,这里提出潜在风险，不说每次都发生；might 后接 disturb 原形。,might disturb adults,2026-09-27
R353,reading,complete_words,Watching a nesting pair,适中,语境词义,adults / carrying / food,每份（1 篇，10 个小题）,120,question_bank/sources/expansion_2026_09/complete_words.json,与后面的 chicks（幼鸟）对照，adults 指成年鸟而非人；一对亲鸟用复数。,adults carrying food,2026-09-27
R354,reading,complete_words,Watching a nesting pair,简单,动宾关系,food / carrying,每份（1 篇，10 个小题）,120,question_bank/sources/expansion_2026_09/complete_words.json,食物是成鸟带给幼鸟的东西，作 carrying 的宾语；food 在此不可数。,carrying food,2026-09-27
R355,reading,complete_words,Watching a nesting pair,简单,词性转换,hungry / chicks,每份（1 篇，10 个小题）,120,question_bank/sources/expansion_2026_09/complete_words.json,成鸟带食物满足幼鸟需要，hungry 描述 chicks 的状态；不能把名词 hunger（饥饿）放在这里。,hungry chicks,2026-09-27
R356,reading,complete_words,Recording a neighborhood memory,适中,时间介词,interviews / during,每份（1 篇，10 个小题）,120,question_bank/sources/expansion_2026_09/complete_words.json,项目收集不同居民的回忆，需要多次访谈；during 后接活动名词。,During interviews,2026-09-27
R357,reading,complete_words,Recording a neighborhood memory,简单,动宾搭配,ask / open / questions,每份（1 篇，10 个小题）,120,question_bank/sources/expansion_2026_09/complete_words.json,志愿者让居民自由讲述而非只回答是或否；ask 后直接接问题。,ask open questions,2026-09-27
R358,reading,complete_words,Recording a neighborhood memory,适中,语境搭配,questions / open,每份（1 篇，10 个小题）,120,question_bank/sources/expansion_2026_09/complete_words.json,open 说明回答空间较大，不是问题没有关闭；questions 用复数表示多道提问。,open questions,2026-09-27
R359,reading,complete_words,Recording a neighborhood memory,适中,动词句型,allow / speakers / finish,每份（1 篇，10 个小题）,120,question_bank/sources/expansion_2026_09/complete_words.json,尊重完整叙述，所以 allow 后接人和 to 加动词；与 ask（询问）并列用原形。,allow speakers to finish,2026-09-27
R360,reading,complete_words,Recording a neighborhood memory,简单,不定式标记,to / speakers / finish,每份（1 篇，10 个小题）,120,question_bank/sources/expansion_2026_09/complete_words.json,allow 的结构要求对象后接 to；finish 仍用原形。,allow speakers to finish personal stories,2026-09-27
R361,reading,complete_words,Recording a neighborhood memory,适中,来源与修饰,personal / stories,每份（1 篇，10 个小题）,120,question_bank/sources/expansion_2026_09/complete_words.json,讲述者提供自身经历，personal 修饰 stories，区别于后面核查用的书面档案。,personal stories,2026-09-27
R362,reading,complete_words,Recording a neighborhood memory,适中,时间顺序,before / checking / dates,每份（1 篇，10 个小题）,120,question_bank/sources/expansion_2026_09/complete_words.json,先让居民讲完，再核对，不在中途打断；before 决定这两步先后。,before checking dates,2026-09-27
R363,reading,complete_words,Recording a neighborhood memory,适中,信息核对,dates / checking / against,每份（1 篇，10 个小题）,120,question_bank/sources/expansion_2026_09/complete_words.json,下文区分感受与确切年份，需核实的是时间信息；多个事件对应多个日期。,checking dates against written records,2026-09-27
R364,reading,complete_words,Recording a neighborhood memory,困难,分词定语,written / records,每份（1 篇，10 个小题）,120,question_bank/sources/expansion_2026_09/complete_words.json,用文字留下的记录与口述回忆形成对照；write 的过去分词 written 作修饰语。,written records,2026-09-27
R365,reading,complete_words,Recording a neighborhood memory,适中,来源介词,from / records / same,每份（1 篇，10 个小题）,120,question_bank/sources/expansion_2026_09/complete_words.json,介词说明资料所属的年代来源，而不是核对持续多久。,records from the same period,2026-09-27
R366,reading,complete_words,Keeping warm air away from books,简单,主谓关系,air / warm / escapes,每份（1 篇，10 个小题）,120,question_bank/sources/expansion_2026_09/complete_words.json,向外流失的是暖空气，不是窗框；air 为不可数主语，与 escapes 搭配。,Warm air escapes,2026-09-27
R367,reading,complete_words,Keeping warm air away from books,适中,路径介词,through / gaps,每份（1 篇，10 个小题）,120,question_bank/sources/expansion_2026_09/complete_words.json,空气经由缝隙从一侧到另一侧，用 through 表示穿过通道。,through gaps,2026-09-27
R368,reading,complete_words,Keeping warm air away from books,简单,位置关系,around / window / frames,每份（1 篇，10 个小题）,120,question_bank/sources/expansion_2026_09/complete_words.json,缝隙沿窗框边缘分布，around 修饰 gaps（缝隙）所在位置。,around window frames,2026-09-27
R369,reading,complete_words,Keeping warm air away from books,适中,复合名词,frames / window,每份（1 篇，10 个小题）,120,question_bank/sources/expansion_2026_09/complete_words.json,window 作类别修饰，frames 才是有缝隙的实体；多处窗框用复数。,window frames,2026-09-27
R370,reading,complete_words,Keeping warm air away from books,简单,形容词与功能,heavy / curtains,每份（1 篇，10 个小题）,120,question_bank/sources/expansion_2026_09/complete_words.json,厚重窗帘能挡穿堂风；heavy 描述 curtains 的性质，不是动作方式。,heavy curtains,2026-09-27
R371,reading,complete_words,Keeping warm air away from books,适中,程度与动词,reduce / drafts,每份（1 篇，10 个小题）,120,question_bank/sources/expansion_2026_09/complete_words.json,窗帘减少冷风，并未宣称完全消除；复数 curtains 后用 reduce 原形。,reduce drafts,2026-09-27
R372,reading,complete_words,Keeping warm air away from books,适中,否定与让步,without / blocking / light,每份（1 篇，10 个小题）,120,question_bank/sources/expansion_2026_09/complete_words.json,下文保留高处窗格采光，说明挡风但不遮掉这部分光；without 后接动名词。,without blocking light,2026-09-27
R373,reading,complete_words,Keeping warm air away from books,简单,词性判断,light / blocking,每份（1 篇，10 个小题）,120,question_bank/sources/expansion_2026_09/complete_words.json,高处窗格提供的是光，light 在这里作不可数名词，不是轻的形容词。,blocking light,2026-09-27
R374,reading,complete_words,Keeping warm air away from books,适中,比较级,higher / panes,每份（1 篇，10 个小题）,120,question_bank/sources/expansion_2026_09/complete_words.json,这些窗格比窗帘挡住的部分更高；high 加 er 表相对位置。,higher panes,2026-09-27
R375,reading,complete_words,Keeping warm air away from books,简单,时间介词,during,每份（1 篇，10 个小题）,120,question_bank/sources/expansion_2026_09/complete_words.json,白天需要采光，during 后接时间段；这里不表达持续了多少小时。,during the day,2026-09-27
R376,reading,complete_words,Temperature inside a pottery kiln,适中,工具名词,sensors / small / measure,每份（1 篇，10 个小题）,120,question_bank/sources/expansion_2026_09/complete_words.json,执行测量的是多只传感器；measure 的形式与复数主语一致。,Small sensors measure temperature,2026-09-27
R377,reading,complete_words,Temperature inside a pottery kiln,适中,测量搭配,temperature / measure,每份（1 篇，10 个小题）,120,question_bank/sources/expansion_2026_09/complete_words.json,开头讨论窑内冷热，测量项目因此是温度；temperature 作 measure 的宾语。,measure temperature,2026-09-27
R378,reading,complete_words,Temperature inside a pottery kiln,简单,形容词与范围,different / near / shelves,每份（1 篇，10 个小题）,120,question_bank/sources/expansion_2026_09/complete_words.json,要检验窑内各处差异，必须比较不同位置；different 修饰复数 shelves。,near different shelves,2026-09-27
R379,reading,complete_words,Temperature inside a pottery kiln,困难,结果分词,revealing / areas,每份（1 篇，10 个小题）,120,question_bank/sources/expansion_2026_09/complete_words.json,逗号后说明测量带来的发现，用 revealing 接续主句结果，不另加独立谓语。,revealing areas,2026-09-27
R380,reading,complete_words,Temperature inside a pottery kiln,困难,地点从句,where / areas / heat,每份（1 篇，10 个小题）,120,question_bank/sources/expansion_2026_09/complete_words.json,where 指向地点 areas；从句自身已有主语 heat 和谓语。,areas where heat accumulates,2026-09-27
R381,reading,complete_words,Temperature inside a pottery kiln,困难,主谓一致,accumulates / heat,每份（1 篇，10 个小题）,120,question_bank/sources/expansion_2026_09/complete_words.json,heat 是不可数单数主语，谓语应带 s；这里说局部热量聚集而非散开。,heat accumulates,2026-09-27
R382,reading,complete_words,Temperature inside a pottery kiln,适中,副词比较,quickly / more / than,每份（1 篇，10 个小题）,120,question_bank/sources/expansion_2026_09/complete_words.json,空处修饰积聚的速度，要用副词 quickly；more 构成副词比较级。,more quickly than expected,2026-09-27
R383,reading,complete_words,Temperature inside a pottery kiln,困难,比较省略,expected / than,每份（1 篇，10 个小题）,120,question_bank/sources/expansion_2026_09/complete_words.json,这里省略了完整被动结构，说比人们预期更快；expect 用过去分词 expected。,than expected,2026-09-27
R384,reading,complete_words,Temperature inside a pottery kiln,适中,语境指代,pieces / when / packed,每份（1 篇，10 个小题）,120,question_bank/sources/expansion_2026_09/complete_words.json,pieces 在陶艺语境中指一件件作品；are 说明主语用复数。,when pieces are packed,2026-09-27
R385,reading,complete_words,Temperature inside a pottery kiln,适中,被动语态,packed / closely / together,每份（1 篇，10 个小题）,120,question_bank/sources/expansion_2026_09/complete_words.json,陶件被人摆放，are 后接 packed 表被动；pack 末尾直接加 ed。,are packed closely together,2026-09-27
R386,reading,complete_words,A map for changing buses,适中,主语与词义,diagram / groups / routes,每份（1 篇，10 个小题）,120,question_bank/sources/expansion_2026_09/complete_words.json,地图用简化图形呈现交通关系，所以 diagram 作主语；groups 也提示单数。,The diagram groups routes,2026-09-27
R387,reading,complete_words,A map for changing buses,简单,交通词汇,routes / groups / frequency,每份（1 篇，10 个小题）,120,question_bank/sources/expansion_2026_09/complete_words.json,不同公交运行路径是 routes；多条路线才能分组，要用复数。,groups routes by frequency,2026-09-27
R388,reading,complete_words,A map for changing buses,适中,分类依据 / 交通词汇,frequency,每份（1 篇，10 个小题）,120,question_bank/sources/expansion_2026_09/complete_words.json,这里按公交多久来一班进行分类；frequency 是频率这一名词，不是一次行程的速度。,by frequency,2026-09-27
R389,reading,complete_words,A map for changing buses,适中,并列一致,marks / shared / stops,每份（1 篇，10 个小题）,120,question_bank/sources/expansion_2026_09/complete_words.json,与 groups（分组）共用单数主语 diagram（示意图），因此 marks 也加 s。,marks shared stops,2026-09-27
R390,reading,complete_words,A map for changing buses,简单,词性与语境,stops / shared,每份（1 篇，10 个小题）,120,question_bank/sources/expansion_2026_09/complete_words.json,换乘需要不同线路经过同一站，shared 修饰 stops；此处 stop 是名词。,shared stops,2026-09-27
R391,reading,complete_words,A map for changing buses,简单,图示词汇,circles / with,每份（1 篇，10 个小题）,120,question_bank/sources/expansion_2026_09/complete_words.json,with 引出标记工具或形式；多个共用站点各有圆圈，用复数。,with circles,2026-09-27
R392,reading,complete_words,A map for changing buses,简单,角色与宾语,passengers / helping,每份（1 篇，10 个小题）,120,question_bank/sources/expansion_2026_09/complete_words.json,使用公交线路图的人是乘客，作 helping 的宾语；泛指多人用复数。,helping passengers,2026-09-27
R393,reading,complete_words,A map for changing buses,适中,间接疑问,where / decide / they,每份（1 篇，10 个小题）,120,question_bank/sources/expansion_2026_09/complete_words.json,地图解决换乘地点，where 引出间接问题，后面保持陈述语序。,decide where they should change buses,2026-09-27
R394,reading,complete_words,A map for changing buses,简单,情态动词,should / they / change,每份（1 篇，10 个小题）,120,question_bank/sources/expansion_2026_09/complete_words.json,表示合适的行程安排，should 后接 change 原形，并非表示已经换过车。,they should change buses,2026-09-27
R395,reading,complete_words,A map for changing buses,适中,搭配与复数,buses / change,每份（1 篇，10 个小题）,120,question_bank/sources/expansion_2026_09/complete_words.json,换乘从一辆车到另一辆，常用复数 buses；bus 变复数要加 es。,change buses,2026-09-27
R396,reading,complete_words,A lake after heavy rain,简单,主谓与因果,rain / carries / nutrients,每份（1 篇，10 个小题）,120,question_bank/sources/expansion_2026_09/complete_words.json,把田里物质带入湖泊的是雨水；rain 指降水总量，与 carries 构成单数一致。,rain carries nutrients,2026-09-27
R397,reading,complete_words,A lake after heavy rain,适中,因果词汇,nutrients / carries / from,每份（1 篇，10 个小题）,120,question_bank/sources/expansion_2026_09/complete_words.json,后文说它们支持生长，因此这里是养分而非任意泥沙；多种营养物质用复数。,carries nutrients from fields,2026-09-27
R398,reading,complete_words,A lake after heavy rain,适中,来源与去向,fields / from / into,每份（1 篇，10 个小题）,120,question_bank/sources/expansion_2026_09/complete_words.json,from 标明来源，into 标明终点；fields 指上游土地，不是研究领域。,from fields into lakes,2026-09-27
R399,reading,complete_words,A lake after heavy rain,简单,地点名词,lakes / into,每份（1 篇，10 个小题）,120,question_bank/sources/expansion_2026_09/complete_words.json,雨水流入作为接收区域的湖泊；这里陈述一般过程，用复数 lakes。,into lakes,2026-09-27
R400,reading,complete_words,A lake after heavy rain,困难,特殊复数,algae / tiny,每份（1 篇，10 个小题）,120,question_bank/sources/expansion_2026_09/complete_words.json,后文直接讨论藻类死亡，前面增长的也应是藻类；algae 已是复数形式。,tiny algae,2026-09-27
R401,reading,complete_words,A lake after heavy rain,适中,多义动词,multiply / rapidly,每份（1 篇，10 个小题）,120,question_bank/sources/expansion_2026_09/complete_words.json,说的是藻类数量增加；may 后用 multiply 原形，不把此处理解为数学相乘。,may multiply rapidly,2026-09-27
R402,reading,complete_words,A lake after heavy rain,适中,因果连接,because / added / nutrients,每份（1 篇，10 个小题）,120,question_bank/sources/expansion_2026_09/complete_words.json,后面解释繁殖加快的原因，不能当作相反情况或结果。,because the added nutrients support,2026-09-27
R403,reading,complete_words,A lake after heavy rain,困难,分词定语,added / nutrients,每份（1 篇，10 个小题）,120,question_bank/sources/expansion_2026_09/complete_words.json,这些养分是被雨水带入的，add 的过去分词 added 作名词修饰语。,the added nutrients,2026-09-27
R404,reading,complete_words,A lake after heavy rain,适中,主谓与语义,support / nutrients / faster,每份（1 篇，10 个小题）,120,question_bank/sources/expansion_2026_09/complete_words.json,nutrients 为复数，谓语用 support；支持表示提供条件，不代表必然达到某种结果。,nutrients support faster growth,2026-09-27
R405,reading,complete_words,A lake after heavy rain,适中,词形转换,growth / faster,每份（1 篇，10 个小题）,120,question_bank/sources/expansion_2026_09/complete_words.json,faster 修饰生长这一过程名称，需用名词 growth 而非动词 grow。,faster growth,2026-09-27
R406,reading,complete_words,A sculpture visitors can touch,适中,同义衔接,replica / lets / visitors,每份（1 篇，10 个小题）,120,question_bank/sources/expansion_2026_09/complete_words.json,开头说制作副本，这里 replica 回指它；不能把可触摸的复制品当成真品。,The replica lets visitors explore,2026-09-27
R407,reading,complete_words,A sculpture visitors can touch,简单,使役结构,visitors / lets / explore,每份（1 篇，10 个小题）,120,question_bank/sources/expansion_2026_09/complete_words.json,lets 后接体验者，随后用 explore 原形；参观者泛指多人，用复数。,lets visitors explore,2026-09-27
R408,reading,complete_words,A sculpture visitors can touch,适中,并列宾语,curves / explore / textures,每份（1 篇，10 个小题）,120,question_bank/sources/expansion_2026_09/complete_words.json,手指沿雕塑轮廓感受弯曲形状，curves 与 textures 并列作宾语。,explore curves and textures,2026-09-27
R409,reading,complete_words,A sculpture visitors can touch,适中,感官词汇,textures / curves,每份（1 篇，10 个小题）,120,question_bank/sources/expansion_2026_09/complete_words.json,触摸不只感受整体形状，还能感受表面特征；texture 在此可指不同质感，用复数。,curves and textures,2026-09-27
R410,reading,complete_words,A sculpture visitors can touch,适中,形容词词义,bare / with / fingers,每份（1 篇，10 个小题）,120,question_bank/sources/expansion_2026_09/complete_words.json,bare 修饰 fingers，指没有覆盖物的；这里说触摸方式，不是手指的拥有者。,with bare fingers,2026-09-27
R411,reading,complete_words,A sculpture visitors can touch,适中,对照连接,while / original / remains,每份（1 篇，10 个小题）,120,question_bank/sources/expansion_2026_09/complete_words.json,此处 while 对照复制品可摸与真品隔离，不只表达时间同时。,while the original remains protected,2026-09-27
R412,reading,complete_words,A sculpture visitors can touch,困难,词性与对照,original,每份（1 篇，10 个小题）,120,question_bank/sources/expansion_2026_09/complete_words.json,与 replica（复制品）构成对照，original 在 the 后作名词，指那件历史物品。,the original,2026-09-27
R413,reading,complete_words,A sculpture visitors can touch,适中,分词补语,protected / remains,每份（1 篇，10 个小题）,120,question_bank/sources/expansion_2026_09/complete_words.json,真品不是保护别人，而是受到保护；remains 后用过去分词表示状态。,remains protected,2026-09-27
R414,reading,complete_words,A sculpture visitors can touch,简单,材料名词,glass / behind,每份（1 篇，10 个小题）,120,question_bank/sources/expansion_2026_09/complete_words.json,展示柜以玻璃阻隔接触，glass 此处指材料，不是饮水杯。,behind glass,2026-09-27
R415,reading,complete_words,A sculpture visitors can touch,适中,物主拼写,its / inside / display,每份（1 篇，10 个小题）,120,question_bank/sources/expansion_2026_09/complete_words.json,its 指雕塑原件的，不带撇号；后面直接接名词短语 display case。,inside its display case,2026-09-27
R416,reading,complete_words,Comparing sleep and puzzle performance,适中,限定词一致,participant / each / completes,每份（1 篇，10 个小题）,120,question_bank/sources/expansion_2026_09/complete_words.json,each 限定单个参与者，participant 不加复数词尾，与 completes 一致。,Each participant completes,2026-09-27
R417,reading,complete_words,Comparing sleep and puzzle performance,适中,比较语义,similar / puzzles,每份（1 篇，10 个小题）,120,question_bank/sources/expansion_2026_09/complete_words.json,不同场次需可比，但未说题目完全相同；similar 表示相近而非一致。,similar puzzles,2026-09-27
R418,reading,complete_words,Comparing sleep and puzzle performance,简单,时间顺序,after / sleeping,每份（1 篇，10 个小题）,120,question_bank/sources/expansion_2026_09/complete_words.json,研究考察睡眠对随后表现的关系，先睡再解题；after 后接动名词。,after sleeping,2026-09-27
R419,reading,complete_words,Comparing sleep and puzzle performance,简单,时长介词,for / sleeping / different,每份（1 篇，10 个小题）,120,question_bank/sources/expansion_2026_09/complete_words.json,for 引出持续时长，而不是某个起始时刻。,sleeping for different lengths of time,2026-09-27
R420,reading,complete_words,Comparing sleep and puzzle performance,适中,抽象名词复数,lengths / different / time,每份（1 篇，10 个小题）,120,question_bank/sources/expansion_2026_09/complete_words.json,different 表示多个睡眠时长，length 在此是时间长度，用复数。,different lengths of time,2026-09-27
R421,reading,complete_words,Comparing sleep and puzzle performance,适中,量词结构,time / lengths,每份（1 篇，10 个小题）,120,question_bank/sources/expansion_2026_09/complete_words.json,of 后用 time 表时间本身，前面的 lengths 承担可数单位作用。,lengths of time,2026-09-27
R422,reading,complete_words,Comparing sleep and puzzle performance,适中,语义角色,researchers / while / keep,每份（1 篇，10 个小题）,120,question_bank/sources/expansion_2026_09/complete_words.json,控制环境的是研究人员；keep 不带 s，与复数主语一致。,while researchers keep,2026-09-27
R423,reading,complete_words,Comparing sleep and puzzle performance,适中,过程名词,lighting / keep / noise,每份（1 篇，10 个小题）,120,question_bank/sources/expansion_2026_09/complete_words.json,空处指照明条件，不是点灯这次动作；lighting 与 noise 并列说明环境。,keep lighting and noise levels constant,2026-09-27
R424,reading,complete_words,Comparing sleep and puzzle performance,适中,名词修饰,noise / levels,每份（1 篇，10 个小题）,120,question_bank/sources/expansion_2026_09/complete_words.json,noise 作类别修饰词，levels 才表示可比较的水平；不把 noise 加复数。,noise levels,2026-09-27
R425,reading,complete_words,Comparing sleep and puzzle performance,困难,宾语补足语,constant / levels,每份（1 篇，10 个小题）,120,question_bank/sources/expansion_2026_09/complete_words.json,keep 后接对象和形容词 constant；让环境不变才能减少它对成绩的影响。,keep lighting and noise levels constant,2026-09-27
R426,reading,complete_words,A garden designed to catch rain,简单,时间名词,storms / during,每份（1 篇，10 个小题）,120,question_bank/sources/expansion_2026_09/complete_words.json,花园要接住降雨径流，during 后接天气事件名词；这里概述多次暴雨，用复数。,During storms,2026-09-27
R427,reading,complete_words,A garden designed to catch rain,适中,地形词汇,basins / shallow / collect,每份（1 篇，10 个小题）,120,question_bank/sources/expansion_2026_09/complete_words.json,浅洼地是承接水的凹陷区域；collect 说明主语为复数 basins。,shallow basins collect runoff,2026-09-27
R428,reading,complete_words,A garden designed to catch rain,困难,过程词义,runoff / collect / from,每份（1 篇，10 个小题）,120,question_bank/sources/expansion_2026_09/complete_words.json,runoff 是沿表面流走的水，作 collect 宾语；不是落在园里的全部降雨。,collect runoff from rooftops and driveways,2026-09-27
R429,reading,complete_words,A garden designed to catch rain,适中,复数拼写,rooftops / from,每份（1 篇，10 个小题）,120,question_bank/sources/expansion_2026_09/complete_words.json,雨水从车库顶部流入花园；rooftop（屋顶）是可数名词，一排车库对应多个屋顶，直接加 s。,from rooftops,2026-09-27
R430,reading,complete_words,A garden designed to catch rain,适中,并列名词,driveways / rooftops,每份（1 篇，10 个小题）,120,question_bank/sources/expansion_2026_09/complete_words.json,车库前的车道与屋顶都能向花园汇水；driveway（车道）用复数，与屋顶并列列出雨水来源。,rooftops and driveways,2026-09-27
R431,reading,complete_words,A garden designed to catch rain,简单,语篇指代,water / allowing / soak,每份（1 篇，10 个小题）,120,question_bank/sources/expansion_2026_09/complete_words.json,allowing 后的宾语也是 soak 的执行对象；water 指收集来的雨水，不可数。,allowing water to soak,2026-09-27
R432,reading,complete_words,A garden designed to catch rain,适中,不定式与词义,soak / gradually / into,每份（1 篇，10 个小题）,120,question_bank/sources/expansion_2026_09/complete_words.json,水慢慢进入土壤，不是立刻全部排走；to 后用 soak 原形。,to soak gradually into soil,2026-09-27
R433,reading,complete_words,A garden designed to catch rain,简单,方向介词,into / soil,每份（1 篇，10 个小题）,120,question_bank/sources/expansion_2026_09/complete_words.json,soak 表渗透，into 强调从表面到内部，而非只停留在上方。,into soil,2026-09-27
R434,reading,complete_words,A garden designed to catch rain,适中,替代连接,rather / than / entering,每份（1 篇，10 个小题）,120,question_bank/sources/expansion_2026_09/complete_words.json,对照缓慢入土与一下涌入管道，rather 必须与后面的 than 连用。,rather than entering drains,2026-09-27
R435,reading,complete_words,A garden designed to catch rain,困难,动名词结构,entering / than / drains,每份（1 篇，10 个小题）,120,question_bank/sources/expansion_2026_09/complete_words.json,than 后的 entering 表示被对照的另一过程，drains 是其直接宾语。,entering drains all at once,2026-09-27
R436,reading,complete_words,Why bread dough rises,适中,主谓与词义,yeast / consumes / sugars,每份（1 篇，10 个小题）,120,question_bank/sources/expansion_2026_09/complete_words.json,面团里的酵母参与产气过程，yeast 在此作为不可数集合概念，搭配 consumes。,yeast consumes sugars,2026-09-27
R437,reading,complete_words,Why bread dough rises,适中,物质种类,sugars / consumes,每份（1 篇，10 个小题）,120,question_bank/sources/expansion_2026_09/complete_words.json,这里 sugars 表可被利用的不同糖类，是 consumes 的宾语。,consumes sugars,2026-09-27
R438,reading,complete_words,Why bread dough rises,简单,因果与主语,bubbles / small / form,每份（1 篇，10 个小题）,120,question_bank/sources/expansion_2026_09/complete_words.json,后文提到面团留住气体，所以出现的是气泡；form 与复数主语一致。,small bubbles form,2026-09-27
R439,reading,complete_words,Why bread dough rises,简单,空间关系,inside / dough,每份（1 篇，10 个小题）,120,question_bank/sources/expansion_2026_09/complete_words.json,气体被包在面团内才会使它膨胀；inside 表示内部位置。,inside the dough,2026-09-27
R440,reading,complete_words,Why bread dough rises,适中,工序词汇,dough,每份（1 篇，10 个小题）,120,question_bank/sources/expansion_2026_09/complete_words.json,承接开头尚未烘烤的混合物，不是成品面包；dough 通常不可数。,the dough,2026-09-27
R441,reading,complete_words,Why bread dough rises,适中,使役与指代,it / making / expand,每份（1 篇，10 个小题）,120,question_bank/sources/expansion_2026_09/complete_words.json,it 回指 dough（面团）；make 后接宾语与原形 expand，不加 to。,making it expand,2026-09-27
R442,reading,complete_words,Why bread dough rises,适中,时间终点,until / baker / decides,每份（1 篇，10 个小题）,120,question_bank/sources/expansion_2026_09/complete_words.json,面团持续膨胀到被认为体积足够，until 标记持续过程的终点。,until the baker decides,2026-09-27
R443,reading,complete_words,Why bread dough rises,简单,人物衔接,baker / decides,每份（1 篇，10 个小题）,120,question_bank/sources/expansion_2026_09/complete_words.json,作决定的是开头示范的那位面包师；decides 要求单数主语。,the baker decides,2026-09-27
R444,reading,complete_words,Why bread dough rises,困难,内容从句,that / decides / volume,每份（1 篇，10 个小题）,120,question_bank/sources/expansion_2026_09/complete_words.json,that 引出判断的内容；后面已有完整主谓，不缺地点或原因信息。,decides that its volume is sufficient,2026-09-27
R445,reading,complete_words,Why bread dough rises,适中,多义名词,volume / sufficient,每份（1 篇，10 个小题）,120,question_bank/sources/expansion_2026_09/complete_words.json,观察的是面团膨胀后的大小，volume 在此不是声音大小；is 对应单数。,its volume is sufficient,2026-09-27
R446,reading,complete_words,Trading without a price tag,适中,让步关系,prices / although / seem,每份（1 篇，10 个小题）,120,question_bank/sources/expansion_2026_09/complete_words.json,虚构集市不用钱，表面上看不到货币价格；多种商品的价格用复数，与 seem 对应。,Although prices seem absent,2026-09-27
R447,reading,complete_words,Trading without a price tag,适中,系动词补语,absent / prices / seem,每份（1 篇，10 个小题）,120,question_bank/sources/expansion_2026_09/complete_words.json,seem 后接形容词 absent 表示看似不存在，而不是缺席这个动作。,prices seem absent,2026-09-27
R448,reading,complete_words,Trading without a price tag,适中,让步副词,still / traders / compare,每份（1 篇，10 个小题）,120,question_bank/sources/expansion_2026_09/complete_words.json,although 提出没有价格的表象，still 强调比较行为照样存在。,traders still compare,2026-09-27
R449,reading,complete_words,Trading without a price tag,困难,抽象词义,effort / compare / scarcity,每份（1 篇，10 个小题）,120,question_bank/sources/expansion_2026_09/complete_words.json,effort 指获得或制作商品所费的劳动，是比较的第一项抽象因素。,"compare effort, scarcity and usefulness",2026-09-27
R450,reading,complete_words,Trading without a price tag,简单,并列连接,and / scarcity / usefulness,每份（1 篇，10 个小题）,120,question_bank/sources/expansion_2026_09/complete_words.json,这里列出三项考虑因素，最后两项用 and 连接，不表示转折或因果。,scarcity and usefulness,2026-09-27
R451,reading,complete_words,Trading without a price tag,适中,时间与动名词,before / agreeing / whether,每份（1 篇，10 个小题）,120,question_bank/sources/expansion_2026_09/complete_words.json,先衡量价值，再达成交易决定；before 后接 agreeing 表示活动。,before agreeing whether,2026-09-27
R452,reading,complete_words,Trading without a price tag,困难,间接疑问,whether / agreeing / basket,每份（1 篇，10 个小题）,120,question_bank/sources/expansion_2026_09/complete_words.json,还未决定接受还是拒绝，whether 引出两种可能；不能把提案当既成事实。,agreeing whether one basket can fairly be exchanged,2026-09-27
R453,reading,complete_words,Trading without a price tag,简单,容器量词,basket,每份（1 篇，10 个小题）,120,question_bank/sources/expansion_2026_09/complete_words.json,one 后用单数 basket；下文果篮说明容器在此也代表一份货物。,one basket,2026-09-27
R454,reading,complete_words,Trading without a price tag,适中,副词修饰,fairly / exchanged,每份（1 篇，10 个小题）,120,question_bank/sources/expansion_2026_09/complete_words.json,fairly 修饰交换方式，表示交易是否公允，不是修饰物品外观。,can fairly be exchanged,2026-09-27
R455,reading,complete_words,Trading without a price tag,困难,被动与搭配,exchanged / another,每份（1 篇，10 个小题）,120,question_bank/sources/expansion_2026_09/complete_words.json,篮中货物是交换对象，be 后接过去分词；exchange 以 e 结尾只加 d。,be exchanged for another,2026-09-27
R456,reading,complete_words,Combining pictures of a faint galaxy,简单,数量限定,images / several,每份（1 篇，10 个小题）,120,question_bank/sources/expansion_2026_09/complete_words.json,several 表示不止一张，image 需加 s；合成需要多次拍摄。,Several images,2026-09-27
R457,reading,complete_words,Combining pictures of a faint galaxy,简单,冠词搭配,the / showing / same,每份（1 篇，10 个小题）,120,question_bank/sources/expansion_2026_09/complete_words.json,same 修饰单数 galaxy 时，前面通常用定冠词 the；合成的图像需来自同一对象。,showing the same galaxy,2026-09-27
R458,reading,complete_words,Combining pictures of a faint galaxy,适中,语篇与单数,galaxy / same,每份（1 篇，10 个小题）,120,question_bank/sources/expansion_2026_09/complete_words.json,galaxy 承接首句的暗弱星系，是多张图共同拍摄的对象；首句只介绍一个星系，这里仍用单数 galaxy。,the same galaxy,2026-09-27
R459,reading,complete_words,Combining pictures of a faint galaxy,适中,被动语态,combined,每份（1 篇，10 个小题）,120,question_bank/sources/expansion_2026_09/complete_words.json,图像是被处理的对象，are 后需 combine 的过去分词 combined。,are combined,2026-09-27
R460,reading,complete_words,Combining pictures of a faint galaxy,适中,不可数一致,software / aligns / star,每份（1 篇，10 个小题）,120,question_bank/sources/expansion_2026_09/complete_words.json,执行对齐的是软件这一不可数名词，aligns 按单数处理。,software aligns star positions,2026-09-27
R461,reading,complete_words,Combining pictures of a faint galaxy,适中,名词修饰,star / aligns / positions,每份（1 篇，10 个小题）,120,question_bank/sources/expansion_2026_09/complete_words.json,star 作名词修饰语，positions 是中心词；利用恒星位置使不同图像互相对齐。,aligns star positions,2026-09-27
R462,reading,complete_words,Combining pictures of a faint galaxy,困难,结果分词,reducing / random / noise,每份（1 篇，10 个小题）,120,question_bank/sources/expansion_2026_09/complete_words.json,逗号后的分词说明对齐合成产生的效果，不是新的独立过去时句子。,reducing random noise,2026-09-27
R463,reading,complete_words,Combining pictures of a faint galaxy,困难,技术语境,noise / random,每份（1 篇，10 个小题）,120,question_bank/sources/expansion_2026_09/complete_words.json,图像里的 noise 指不稳定的视觉干扰，而不是可听见的声音。,random noise,2026-09-27
R464,reading,complete_words,Combining pictures of a faint galaxy,困难,平行分词,preserving / while / features,每份（1 篇，10 个小题）,120,question_bank/sources/expansion_2026_09/complete_words.json,与 reducing 对照的是保留稳定结构，两项处理效果都用分词形式。,while preserving features,2026-09-27
R465,reading,complete_words,Combining pictures of a faint galaxy,适中,关系从句,that / features / appear,每份（1 篇，10 个小题）,120,question_bank/sources/expansion_2026_09/complete_words.json,that 指 features 并作 appear 的主语，用关系从句说明哪些特征可信。,features that appear repeatedly,2026-09-27
R466,reading,complete_words,Collecting packages after class,简单,人物角色,couriers / once / place,每份（1 篇，10 个小题）,120,question_bank/sources/expansion_2026_09/complete_words.json,执行配送并放件的是快递员；place 与复数 couriers 对应。,Once couriers place parcels,2026-09-27
R467,reading,complete_words,Collecting packages after class,简单,同义词衔接,parcels / place / inside,每份（1 篇，10 个小题）,120,question_bank/sources/expansion_2026_09/complete_words.json,place 是放置动作，parcels 是被放的多件包裹，与后文 package（包裹）对应。,place parcels inside empty compartments,2026-09-27
R468,reading,complete_words,Collecting packages after class,简单,形容词语义,empty / compartments,每份（1 篇，10 个小题）,120,question_bank/sources/expansion_2026_09/complete_words.json,新包裹只能进入未占用格口，empty 修饰名词表示状态。,empty compartments,2026-09-27
R469,reading,complete_words,Collecting packages after class,简单,角色衔接,students / receive / messages,每份（1 篇，10 个小题）,120,question_bank/sources/expansion_2026_09/complete_words.json,收件者是上课时未能签收的学生，作 receive 的主语；泛指多人用复数。,students receive messages,2026-09-27
R470,reading,complete_words,Collecting packages after class,简单,信息词汇,messages / receive / containing,每份（1 篇，10 个小题）,120,question_bank/sources/expansion_2026_09/complete_words.json,containing 说明消息的内容；收到的是通知而不是直接收到实体包裹。,receive messages containing codes,2026-09-27
R471,reading,complete_words,Collecting packages after class,适中,关系从句一致,codes / that / open,每份（1 篇，10 个小题）,120,question_bank/sources/expansion_2026_09/complete_words.json,代码提供对应格口的访问权限；that 后的 open 与复数 codes 一致。,codes that open only certain locker doors,2026-09-27
R472,reading,complete_words,Collecting packages after class,适中,范围限制,open / only / certain,每份（1 篇，10 个小题）,120,question_bank/sources/expansion_2026_09/complete_words.json,codes 是复数先行词，open 不加 s；only 说明取件码不能打开所有格口。,open only certain locker doors,2026-09-27
R473,reading,complete_words,Collecting packages after class,适中,形容词多义,certain / locker / doors,每份（1 篇，10 个小题）,120,question_bank/sources/expansion_2026_09/complete_words.json,certain 在名词前指某些特定对象，不是在说某人确信；only 进一步限制可打开的范围。,certain locker doors,2026-09-27
R474,reading,complete_words,Collecting packages after class,简单,复合名词,doors / locker,每份（1 篇，10 个小题）,120,question_bank/sources/expansion_2026_09/complete_words.json,locker 修饰 doors，说明哪种门；多个取件格口对应多个门，因此用复数。,locker doors,2026-09-27
R475,reading,complete_words,Collecting packages after class,适中,名词化,collection / later / that,每份（1 篇，10 个小题）,120,question_bank/sources/expansion_2026_09/complete_words.json,for 后需表示领取这项活动的名词 collection，而不是动词 collect。,for collection later that day,2026-09-27
R476,reading,complete_words,Making speech clearer in a theater,适中,材料与功能,panels / soft / absorb,每份（1 篇，10 个小题）,120,question_bank/sources/expansion_2026_09/complete_words.json,吸音的是安装的面板，soft 描述材料特征；absorb 对应复数主语。,Soft panels absorb,2026-09-27
R477,reading,complete_words,Making speech clearer in a theater,适中,程度与范围,excess / absorb / reflected,每份（1 篇，10 个小题）,120,question_bank/sources/expansion_2026_09/complete_words.json,下文说明适量反射能帮助传声，目标是吸收过多的部分；excess（多余的）修饰反射声，不是要求消除所有回声。,absorb excess reflected sound,2026-09-27
R478,reading,complete_words,Making speech clearer in a theater,适中,分词定语,sound / reflected,每份（1 篇，10 个小题）,120,question_bank/sources/expansion_2026_09/complete_words.json,reflected 修饰被反射的声能，sound 在此作为不可数概念。,reflected sound,2026-09-27
R479,reading,complete_words,Making speech clearer in a theater,适中,形状词汇,curved / surfaces,每份（1 篇，10 个小题）,120,question_bank/sources/expansion_2026_09/complete_words.json,表面弯曲可以改变声波传播方向，curved 是说明形状的形容词。,curved surfaces,2026-09-27
R480,reading,complete_words,Making speech clearer in a theater,适中,动词对照,redirect / other / waves,每份（1 篇，10 个小题）,120,question_bank/sources/expansion_2026_09/complete_words.json,与吸收不同，这里不消除声波，而让它朝向听众；复数主语后用原形。,redirect other waves,2026-09-27
R481,reading,complete_words,Making speech clearer in a theater,适中,语篇衔接,waves / other,每份（1 篇，10 个小题）,120,question_bank/sources/expansion_2026_09/complete_words.json,waves 在声学场景指声波；一部分反射声被面板吸收，other（其他的）指由弯曲表面改向的声波。,other waves,2026-09-27
R482,reading,complete_words,Making speech clearer in a theater,简单,目标名词,listeners / toward,每份（1 篇，10 个小题）,120,question_bank/sources/expansion_2026_09/complete_words.json,改变传播方向是为了让听众接收到声音，toward 后接目标人物。,toward listeners,2026-09-27
R483,reading,complete_words,Making speech clearer in a theater,困难,条件与情态,might / otherwise / struggle,每份（1 篇，10 个小题）,120,question_bank/sources/expansion_2026_09/complete_words.json,might 表示没有改向措施时存在的风险，后接 struggle 原形。,who might otherwise struggle,2026-09-27
R484,reading,complete_words,Making speech clearer in a theater,适中,程度与搭配,struggle / hear,每份（1 篇，10 个小题）,120,question_bank/sources/expansion_2026_09/complete_words.json,听众并非完全听不到，而是难以听清；struggle 后接 to 加原形。,struggle to hear,2026-09-27
R485,reading,complete_words,Making speech clearer in a theater,简单,近义动词,hear / quiet / speech,每份（1 篇，10 个小题）,120,question_bank/sources/expansion_2026_09/complete_words.json,to 后用 hear 原形；此处强调听到结果，不是主动倾听这一行为。,to hear quiet speech,2026-09-27
R486,reading,complete_words,Testing seeds in different soils,适中,实验控制,containers / identical / hold,每份（1 篇，10 个小题）,120,question_bank/sources/expansion_2026_09/complete_words.json,实验要减少容器差异，多个容器用 containers；hold 与复数一致。,Identical containers hold,2026-09-27
R487,reading,complete_words,Testing seeds in different soils,适中,数量比较,equal / amounts / soil,每份（1 篇，10 个小题）,120,question_bank/sources/expansion_2026_09/complete_words.json,为比较土壤混合物而非土量，应保持每份用量相等；equal 修饰 amounts。,equal amounts of soil,2026-09-27
R488,reading,complete_words,Testing seeds in different soils,简单,数量结构,of / amounts / soil,每份（1 篇，10 个小题）,120,question_bank/sources/expansion_2026_09/complete_words.json,amounts 是计量单位，of 连接它与被计量的土壤。,amounts of soil,2026-09-27
R489,reading,complete_words,Testing seeds in different soils,适中,分句连接,while / members / plant,每份（1 篇，10 个小题）,120,question_bank/sources/expansion_2026_09/complete_words.json,while 连接实验设置和种植操作，两部分各有主语与谓语。,while members plant seeds,2026-09-27
R490,reading,complete_words,Testing seeds in different soils,简单,词性消歧,plant / seeds,每份（1 篇，10 个小题）,120,question_bank/sources/expansion_2026_09/complete_words.json,这里 plant 在成员作主语后是动词，seeds 是其宾语；不是植物这个名词。,plant seeds,2026-09-27
R491,reading,complete_words,Testing seeds in different soils,适中,参数介词,at / matching / depths,每份（1 篇，10 个小题）,120,question_bank/sources/expansion_2026_09/complete_words.json,种子所在的深度作为位置参数，用 at；不表示进入土壤的运动路径。,at matching depths,2026-09-27
R492,reading,complete_words,Testing seeds in different soils,适中,抽象复数,depths / matching,每份（1 篇，10 个小题）,120,question_bank/sources/expansion_2026_09/complete_words.json,多个容器各有播种深度，matching 要求这些深度一致；depth 用复数。,matching depths,2026-09-27
R493,reading,complete_words,Testing seeds in different soils,适中,动词句型,provide / each / with,每份（1 篇，10 个小题）,120,question_bank/sources/expansion_2026_09/complete_words.json,provide 接接受者再接 with 加物品；与 plant（种植）并列，用原形。,provide each pot with enough water,2026-09-27
R494,reading,complete_words,Testing seeds in different soils,简单,分配限定,pot / each,每份（1 篇，10 个小题）,120,question_bank/sources/expansion_2026_09/complete_words.json,each 将所有花盆逐一考虑，后接单数 pot。,each pot,2026-09-27
R495,reading,complete_words,Testing seeds in different soils,简单,程度限定,enough / water / germination,每份（1 篇，10 个小题）,120,question_bank/sources/expansion_2026_09/complete_words.json,目标是满足发芽需要，不是越多越好；enough 放在名词 water 前。,enough water for germination,2026-09-27
R496,reading,complete_words,Comparing two maps of a coast,适中,动名词,measuring / before / shoreline,每份（1 篇，10 个小题）,120,question_bank/sources/expansion_2026_09/complete_words.json,before 后接动名词 measuring；要先排除制图差异再测变化。,Before measuring shoreline changes,2026-09-27
R497,reading,complete_words,Comparing two maps of a coast,适中,名词修饰,changes / shoreline,每份（1 篇，10 个小题）,120,question_bank/sources/expansion_2026_09/complete_words.json,shoreline 修饰变化发生的对象，changes 是要测量的内容，用复数概括多处变化。,shoreline changes,2026-09-27
R498,reading,complete_words,Comparing two maps of a coast,简单,主谓一致,checks / whether,每份（1 篇，10 个小题）,120,question_bank/sources/expansion_2026_09/complete_words.json,主语 she 为第三人称单数，一般现在时的 check 要加 s。,she checks whether,2026-09-27
R499,reading,complete_words,Comparing two maps of a coast,简单,双项限定,both / maps,每份（1 篇，10 个小题）,120,question_bank/sources/expansion_2026_09/complete_words.json,比较对象恰为旧图和新测绘图；both 修饰复数 maps，强调两者都需核对。,both maps,2026-09-27
R500,reading,complete_words,Comparing two maps of a coast,困难,从句主谓,use / maps / matching,每份（1 篇，10 个小题）,120,question_bank/sources/expansion_2026_09/complete_words.json,both maps 为复数主语，use 不加 s；这里指采用绘制标准。,maps use matching scales,2026-09-27
R501,reading,complete_words,Comparing two maps of a coast,困难,专业词义,scales / matching,每份（1 篇，10 个小题）,120,question_bank/sources/expansion_2026_09/complete_words.json,地图上的 scales 是图上距离与实际距离的比例，不是称重工具。,matching scales,2026-09-27
R502,reading,complete_words,Comparing two maps of a coast,适中,复合名词,reference / points,每份（1 篇，10 个小题）,120,question_bank/sources/expansion_2026_09/complete_words.json,固定港墙用于对齐两张图，reference 作名词修饰 points，表示参照作用。,reference points,2026-09-27
R503,reading,complete_words,Comparing two maps of a coast,困难,连接词多义,since / apparent / differences,每份（1 篇，10 个小题）,120,question_bank/sources/expansion_2026_09/complete_words.json,since 引出核查比例尺的理由，而不是表示自从某个时间。,since apparent differences may reflect,2026-09-27
R504,reading,complete_words,Comparing two maps of a coast,困难,证据推断,differences / apparent,每份（1 篇，10 个小题）,120,question_bank/sources/expansion_2026_09/complete_words.json,图上差异未必等于实际侵蚀，apparent 限制结论可靠性；differences 用复数。,apparent differences,2026-09-27
R505,reading,complete_words,Comparing two maps of a coast,困难,推断与词义,reflect / drawing / methods,每份（1 篇，10 个小题）,120,question_bank/sources/expansion_2026_09/complete_words.json,差异可能来自画法而非真实变化，reflect 在此是表明、体现；may 后用原形。,may reflect drawing methods,2026-09-27
R506,reading,complete_words,First questions at a repair cafe,适中,动名词拼写,unplugging / after / each,每份（1 篇，10 个小题）,120,question_bank/sources/expansion_2026_09/complete_words.json,after 后接动名词；unplug 加 ing 时末尾 g 双写，说明检查前先断开电源。,After unplugging each device,2026-09-27
R507,reading,complete_words,First questions at a repair cafe,简单,单数限定,device / each,每份（1 篇，10 个小题）,120,question_bank/sources/expansion_2026_09/complete_words.json,each 后接单数 device，统称送修的各类家用电器。,each device,2026-09-27
R508,reading,complete_words,First questions at a repair cafe,简单,修饰与主语,volunteers / trained / inspect,每份（1 篇，10 个小题）,120,question_bank/sources/expansion_2026_09/complete_words.json,trained 限定承担检查的人有培训背景；inspect 与复数 volunteers 一致。,trained volunteers inspect,2026-09-27
R509,reading,complete_words,First questions at a repair cafe,适中,范围与形容词,visible / parts,每份（1 篇，10 个小题）,120,question_bank/sources/expansion_2026_09/complete_words.json,这里限定观察可见部分，不声称已检查所有内部部件；visible 作形容词。,visible parts,2026-09-27
R510,reading,complete_words,First questions at a repair cafe,简单,并列动作,and / inspect / visible,每份（1 篇，10 个小题）,120,question_bank/sources/expansion_2026_09/complete_words.json,and 并列两项初步了解工作，共用 trained volunteers（受过培训的志愿者）这一主语。,inspect visible parts and ask owners,2026-09-27
R511,reading,complete_words,First questions at a repair cafe,简单,角色辨别,owners / when / problems,每份（1 篇，10 个小题）,120,question_bank/sources/expansion_2026_09/complete_words.json,主人了解使用经过，是被询问者；多个设备对应多位 owners。,ask owners when problems first appeared,2026-09-27
R512,reading,complete_words,First questions at a repair cafe,简单,同义语境,problems / first / appeared,每份（1 篇，10 个小题）,120,question_bank/sources/expansion_2026_09/complete_words.json,这里 problems 是故障，而非练习题；与开头 faults（故障）形成同义衔接。,problems first appeared,2026-09-27
R513,reading,complete_words,First questions at a repair cafe,适中,过去时,appeared / first,每份（1 篇，10 个小题）,120,question_bank/sources/expansion_2026_09/complete_words.json,询问首次故障发生在过去，appear 用规则过去式 appeared。,first appeared,2026-09-27
R514,reading,complete_words,First questions at a repair cafe,适中,替代连接,than / rather / replacing,每份（1 篇，10 个小题）,120,question_bank/sources/expansion_2026_09/complete_words.json,rather than 连接诊断和直接换件两种做法；than 不是独立表达比较程度。,rather than replacing,2026-09-27
R515,reading,complete_words,First questions at a repair cafe,适中,部件词汇,components / replacing,每份（1 篇，10 个小题）,120,question_bank/sources/expansion_2026_09/complete_words.json,先查故障再决定换哪些组成部分，components 作 replacing 的复数宾语。,replacing components,2026-09-27
R516,reading,complete_words,Watching a foraging signal,适中,主语与语境,dance / provides / information,每份（1 篇，10 个小题）,120,question_bank/sources/expansion_2026_09/complete_words.json,蜜蜂身体动作是这里的信息来源，dance 作单数名词，与 provides 对应。,The dance provides information,2026-09-27
R517,reading,complete_words,Watching a foraging signal,适中,不可数名词,information / provides / about,每份（1 篇，10 个小题）,120,question_bank/sources/expansion_2026_09/complete_words.json,information 是不可数名词，不能直接加 s；about 说明信息主题。,provides information about food locations,2026-09-27
R518,reading,complete_words,Watching a foraging signal,简单,名词修饰,food / locations,每份（1 篇，10 个小题）,120,question_bank/sources/expansion_2026_09/complete_words.json,food 作修饰名词，locations 为中心词；舞动关联的是觅食地点。,food locations,2026-09-27
R519,reading,complete_words,Watching a foraging signal,困难,让步限制,although / nearby / flowers,每份（1 篇，10 个小题）,120,question_bank/sources/expansion_2026_09/complete_words.json,舞动有信息作用，但行动还受别的条件影响；although 引入对单一解释的限制。,although nearby flowers and weather also influence,2026-09-27
R520,reading,complete_words,Watching a foraging signal,简单,生态语境,flowers / nearby,每份（1 篇，10 个小题）,120,question_bank/sources/expansion_2026_09/complete_words.json,花朵与蜜蜂觅食有关，nearby 修饰其位置；多朵花用复数。,nearby flowers,2026-09-27
R521,reading,complete_words,Watching a foraging signal,适中,并列名词,weather / flowers,每份（1 篇，10 个小题）,120,question_bank/sources/expansion_2026_09/complete_words.json,天气与花源并列成为额外影响条件，weather 是不可数名词。,flowers and weather,2026-09-27
R522,reading,complete_words,Watching a foraging signal,适中,并列主语,influence / also / whether,每份（1 篇，10 个小题）,120,question_bank/sources/expansion_2026_09/complete_words.json,主语是 flowers and weather（花朵与天气）两项合在一起，谓语用 influence 原形。,also influence whether,2026-09-27
R523,reading,complete_words,Watching a foraging signal,简单,限定词,other / bees,每份（1 篇，10 个小题）,120,question_bank/sources/expansion_2026_09/complete_words.json,区别于正在舞动的蜜蜂，other 修饰复数 bees，而不是代替名词的形式。,other bees,2026-09-27
R524,reading,complete_words,Watching a foraging signal,适中,动词多义,follow / bees / that,每份（1 篇，10 个小题）,120,question_bank/sources/expansion_2026_09/complete_words.json,这里 follow 是遵循信息，不是排队跟随某个人；复数 bees 后用原形。,bees follow that signal,2026-09-27
R525,reading,complete_words,Watching a foraging signal,适中,指代与推断,signal / that,每份（1 篇，10 个小题）,120,question_bank/sources/expansion_2026_09/complete_words.json,that 回指舞动提供的信息；信号存在不等于必然立刻行动。,that signal,2026-09-27
R526,reading,complete_words,Refilling a jar at the grocery,简单,方向动词,bring / customers / clean,每份（1 篇，10 个小题）,120,question_bank/sources/expansion_2026_09/complete_words.json,容器由顾客从外面带到店里，bring 表向当前地点带来；复数主语后用原形。,Customers bring clean containers,2026-09-27
R527,reading,complete_words,Refilling a jar at the grocery,简单,名词语义,containers / clean,每份（1 篇，10 个小题）,120,question_bank/sources/expansion_2026_09/complete_words.json,容器用于盛米等干粮，clean 修饰物件；多位顾客携带多个容器。,clean containers,2026-09-27
R528,reading,complete_words,Refilling a jar at the grocery,困难,关系从句角色,staff / which / weigh,每份（1 篇，10 个小题）,120,question_bank/sources/expansion_2026_09/complete_words.json,which 回指容器，真正执行 weigh 的是店员；staff 在本句按多人集体处理。,which staff weigh,2026-09-27
R529,reading,complete_words,Refilling a jar at the grocery,简单,程序顺序,before / adding / rice,每份（1 篇，10 个小题）,120,question_bank/sources/expansion_2026_09/complete_words.json,先称空容器，才能从总重扣除它；before 保证操作顺序正确。,before adding rice,2026-09-27
R530,reading,complete_words,Refilling a jar at the grocery,简单,物质名词,rice / adding,每份（1 篇，10 个小题）,120,question_bank/sources/expansion_2026_09/complete_words.json,rice 是装入容器的干粮，作 adding 的宾语，通常不可数。,adding rice,2026-09-27
R531,reading,complete_words,Refilling a jar at the grocery,简单,同义指代,buyers / only / food,每份（1 篇，10 个小题）,120,question_bank/sources/expansion_2026_09/complete_words.json,buyers 是付钱的人，与前面的 Customers（顾客）指同一批人。,buyers pay only for food,2026-09-27
R532,reading,complete_words,Refilling a jar at the grocery,适中,范围副词,only / food,每份（1 篇，10 个小题）,120,question_bank/sources/expansion_2026_09/complete_words.json,only 限定费用包含食品，不包含瓶罐自身；位置修饰后面的 for food。,pay only for food,2026-09-27
R533,reading,complete_words,Refilling a jar at the grocery,简单,类别名词,food,每份（1 篇，10 个小题）,120,question_bank/sources/expansion_2026_09/complete_words.json,付款对象是内容物而非容器重量；food 在这里概括散装食材，用不可数形式。,for food,2026-09-27
R534,reading,complete_words,Refilling a jar at the grocery,适中,替代连接,than / rather / weight,每份（1 篇，10 个小题）,120,question_bank/sources/expansion_2026_09/complete_words.json,rather than 引出不应计费的另一项，是固定替代连接。,rather than the weight,2026-09-27
R535,reading,complete_words,Refilling a jar at the grocery,适中,词性转换,weight / their / jars,每份（1 篇，10 个小题）,120,question_bank/sources/expansion_2026_09/complete_words.json,前面空罐称重就是为扣掉这个量；weight 为名词，不是称重动词 weigh。,the weight of their jars,2026-09-27
R536,reading,complete_words,Sediment beyond a riverbank,适中,过程名词,floodwater / spreads,每份（1 篇，10 个小题）,120,question_bank/sources/expansion_2026_09/complete_words.json,溢出河道的水称 floodwater，作不可数主语，与 spreads 相配。,As floodwater spreads,2026-09-27
R537,reading,complete_words,Sediment beyond a riverbank,简单,空间路径,across / spreads / flat,每份（1 篇，10 个小题）,120,question_bank/sources/expansion_2026_09/complete_words.json,across 表示跨越较大表面，不是进入土壤内部。,spreads across flat land,2026-09-27
R538,reading,complete_words,Sediment beyond a riverbank,简单,词性与语境,land / flat,每份（1 篇，10 个小题）,120,question_bank/sources/expansion_2026_09/complete_words.json,land 这里指地表区域而不是登陆动作，flat 后需要名词。,flat land,2026-09-27
R539,reading,complete_words,Sediment beyond a riverbank,适中,指代与属性,speed / decreases,每份（1 篇，10 个小题）,120,question_bank/sources/expansion_2026_09/complete_words.json,its 指洪水，减少的是流动速度；speed 作 decreases 的单数主语。,its speed decreases,2026-09-27
R540,reading,complete_words,Sediment beyond a riverbank,困难,结果与使役,allowing / heavier / particles,每份（1 篇，10 个小题）,120,question_bank/sources/expansion_2026_09/complete_words.json,逗号后给出流速下降的结果，allowing 后接对象与 to 加原形。,allowing heavier particles to settle,2026-09-27
R541,reading,complete_words,Sediment beyond a riverbank,适中,单位名词,particles / heavier,每份（1 篇，10 个小题）,120,question_bank/sources/expansion_2026_09/complete_words.json,重颗粒比细微物质更早沉降，particles 表多个沉积物单位。,heavier particles,2026-09-27
R542,reading,complete_words,Sediment beyond a riverbank,适中,多义动词,settle,每份（1 篇，10 个小题）,120,question_bank/sources/expansion_2026_09/complete_words.json,水流减慢让颗粒落下，settle 在此不是解决争端；to 后接原形。,to settle,2026-09-27
R543,reading,complete_words,Sediment beyond a riverbank,困难,比较与多义,finer / material,每份（1 篇，10 个小题）,120,question_bank/sources/expansion_2026_09/complete_words.json,与较重颗粒对比，fine 描述颗粒细小，不是品质好；finer 表比较级。,finer material,2026-09-27
R544,reading,complete_words,Sediment beyond a riverbank,适中,主谓一致,travels / material / farther,每份（1 篇，10 个小题）,120,question_bank/sources/expansion_2026_09/complete_words.json,material 在此不可数单数，travel 作谓语需加 s；不是旅行者出游。,material travels farther,2026-09-27
R545,reading,complete_words,Sediment beyond a riverbank,简单,时间与动名词,before / coming / rest,每份（1 篇，10 个小题）,120,question_bank/sources/expansion_2026_09/complete_words.json,细颗粒先被带远，再沉积静止；before 后接 coming。,before coming to rest,2026-09-27
R546,reading,complete_words,Practicing a difficult musical passage,简单,单位与主谓,sessions / short,每份（1 篇，10 个小题）,120,question_bank/sources/expansion_2026_09/complete_words.json,与一次长练习对照，sessions 表多次独立练习；后文 give 与其复数一致。,Short sessions,2026-09-27
R547,reading,complete_words,Practicing a difficult musical passage,适中,时间范围,across / spread / several,每份（1 篇，10 个小题）,120,question_bank/sources/expansion_2026_09/complete_words.json,across 表练习分布跨越多个日期，而不是同一天连续重复。,spread across several days,2026-09-27
R548,reading,complete_words,Practicing a difficult musical passage,简单,数量限定,days / several,每份（1 篇，10 个小题）,120,question_bank/sources/expansion_2026_09/complete_words.json,several 要求可数名词复数，因此 day 加 s。,several days,2026-09-27
R549,reading,complete_words,Practicing a difficult musical passage,适中,双宾语语义,players / give / chances,每份（1 篇，10 个小题）,120,question_bank/sources/expansion_2026_09/complete_words.json,这里 players 指演奏乐器的人，不是游戏玩家；作 give 的间接宾语。,give players chances,2026-09-27
R550,reading,complete_words,Practicing a difficult musical passage,简单,不定式定语,to / chances / notice,每份（1 篇，10 个小题）,120,question_bank/sources/expansion_2026_09/complete_words.json,chances 后用 to 加原形说明做什么的机会。,chances to notice errors,2026-09-27
R551,reading,complete_words,Practicing a difficult musical passage,简单,动宾搭配,errors / notice,每份（1 篇，10 个小题）,120,question_bank/sources/expansion_2026_09/complete_words.json,练习是要找出具体演奏问题，errors 为复数宾语；后文 notes（音符）呼应具体音符。,notice errors,2026-09-27
R552,reading,complete_words,Practicing a difficult musical passage,适中,可能性,might / errors / that,每份（1 篇，10 个小题）,120,question_bank/sources/expansion_2026_09/complete_words.json,might 表示重复时错误不一定显现，并非保证真正改好。,errors that might disappear,2026-09-27
R553,reading,complete_words,Practicing a difficult musical passage,适中,副词与对比,temporarily / disappear,每份（1 篇，10 个小题）,120,question_bank/sources/expansion_2026_09/complete_words.json,与 truly corrected（真正改正）对照，表现变顺可能只是一时，temporarily 修饰 disappear。,disappear temporarily,2026-09-27
R554,reading,complete_words,Practicing a difficult musical passage,适中,形容词修饰,rapid / repetition,每份（1 篇，10 个小题）,120,question_bank/sources/expansion_2026_09/complete_words.json,rapid 修饰名词 repetition，不能改用修饰动作的副词。,rapid repetition,2026-09-27
R555,reading,complete_words,Practicing a difficult musical passage,困难,否定与被动,without / being / truly,每份（1 篇，10 个小题）,120,question_bank/sources/expansion_2026_09/complete_words.json,without 否定的是持久修正，而非暂时消失；后接 being corrected 被动动名词。,without being truly corrected,2026-09-27
R556,reading,complete_words,Keeping a trail above the puddles,简单,人物角色,hikers / where / avoid,每份（1 篇，10 个小题）,120,question_bank/sources/expansion_2026_09/complete_words.json,hikers 是使用步道的人；avoid 不带单数词尾，说明主语用复数。,Where hikers avoid puddles,2026-09-27
R557,reading,complete_words,Keeping a trail above the puddles,简单,环境词汇,puddles / avoid,每份（1 篇，10 个小题）,120,question_bank/sources/expansion_2026_09/complete_words.json,泥泞道路上要绕开的是积水小洼地，puddles 作 avoid 的复数宾语。,avoid puddles,2026-09-27
R558,reading,complete_words,Keeping a trail above the puddles,适中,动作名词,detours / repeated,每份（1 篇，10 个小题）,120,question_bank/sources/expansion_2026_09/complete_words.json,徒步者为避开水洼一次次绕到原路之外，使踩踏范围扩大；detour（绕行）在此作名词，多次绕行用复数。,repeated detours,2026-09-27
R559,reading,complete_words,Keeping a trail above the puddles,适中,动宾与因果,paths / widen,每份（1 篇，10 个小题）,120,question_bank/sources/expansion_2026_09/complete_words.json,widen 是及物动词，paths 为受影响对象；绕行扩大踩踏范围。,widen paths,2026-09-27
R560,reading,complete_words,Keeping a trail above the puddles,适中,并列谓语,damage / widen / paths,每份（1 篇，10 个小题）,120,question_bank/sources/expansion_2026_09/complete_words.json,与 widen 并列，damage 共用复数主语 detours（绕行），因此用原形。,widen paths and damage young plants,2026-09-27
R561,reading,complete_words,Keeping a trail above the puddles,简单,可数名词,plants / young,每份（1 篇，10 个小题）,120,question_bank/sources/expansion_2026_09/complete_words.json,young（幼嫩的）说明受损的是正在生长的植株；plants 是可数的多株植物，与附近木板等物件不同。,young plants,2026-09-27
R562,reading,complete_words,Keeping a trail above the puddles,适中,执行者指代 / 主谓一致,crews / improve / drainage,每份（1 篇，10 个小题）,120,question_bank/sources/expansion_2026_09/complete_words.json,前文说公园作业队修路，这里由作业队执行改善排水的对策；crews 是复数，与 improve 对应。,crews improve drainage,2026-09-27
R563,reading,complete_words,Keeping a trail above the puddles,适中,因果与名词,drainage / improve,每份（1 篇，10 个小题）,120,question_bank/sources/expansion_2026_09/complete_words.json,根源是积水，所以需先让水能排走；drainage 是过程名词，作 improve 宾语。,improve drainage,2026-09-27
R564,reading,complete_words,Keeping a trail above the puddles,简单,操作顺序,adding / before / fresh,每份（1 篇，10 个小题）,120,question_bank/sources/expansion_2026_09/complete_words.json,before 后接 adding；顺序是先排水，再补表面材料。,before adding fresh gravel,2026-09-27
R565,reading,complete_words,Keeping a trail above the puddles,适中,材料名词,gravel / fresh,每份（1 篇，10 个小题）,120,question_bank/sources/expansion_2026_09/complete_words.json,gravel 指铺路用的小石料总称，是不可数材料名词，不加 s。,fresh gravel,2026-09-27
R566,reading,read_daily_life,A coat left after the concert,简单,识别行动要求,brand,每份（2 篇，4–6 个小题）,240–360,question_bank/sources/expansion_2026_09/read_daily_life.json,识别行动要求：题目问下一步；“Please reply with the brand”是请回复衣服品牌。,Please reply with the brand,2026-09-27
R567,reading,read_daily_life,A coat left after the concert,适中,解释沟通目的,pockets,每份（2 篇，4–6 个小题）,240–360,question_bank/sources/expansion_2026_09/read_daily_life.json,解释沟通目的：题目问索取细节的原因；“several coats of that color”说明同色外套有好几件。,several coats of that color,2026-09-27
R568,reading,read_daily_life,Changing an evening performance ticket,简单,区分费用项目,increase,每份（2 篇，4–6 个小题）,240–360,question_bank/sources/expansion_2026_09/read_daily_life.json,区分费用项目：题目问换成更贵座位要付多少；“pay any increase in ticket price”指补票价差额。,pay any increase in ticket price,2026-09-27
R569,reading,read_daily_life,Changing an evening performance ticket,适中,判断政策适用范围,availability,每份（2 篇，4–6 个小题）,240–360,question_bank/sources/expansion_2026_09/read_daily_life.json,判断政策适用范围：题目问哪项不适用换票政策；“a different play”是另一部戏，不是同剧另一场。,a different play,2026-09-27
R570,reading,read_daily_life,Weigh your container first,简单,理解操作与目的,deducts,每份（2 篇，4–6 个小题）,240–360,question_bank/sources/expansion_2026_09/read_daily_life.json,理解操作与目的：题目问保留标签的作用；“deducts the container's weight”是扣掉容器自身重量。,deducts the container's weight,2026-09-27
R571,reading,read_daily_life,Weigh your container first,简单,识别规则例外,recorded,每份（2 篇，4–6 个小题）,240–360,question_bank/sources/expansion_2026_09/read_daily_life.json,识别规则例外：题目问谁可省去单独打印；“already have their weight recorded”表示重量已有记录。,Our paper bags already have their weight recorded,2026-09-27
R572,reading,read_daily_life,Boardwalk access after rain,简单,按使用条件筛选路线,strollers,每份（2 篇，4–6 个小题）,240–360,question_bank/sources/expansion_2026_09/read_daily_life.json,四个选项对应不同路线；需结合路面条件和开放状态，确认唯一推荐的下方环线。,the only recommended route for strollers,2026-09-27
R573,reading,read_daily_life,Boardwalk access after rain,适中,区分预期与生效条件,inspection,每份（2 篇，4–6 个小题）,240–360,question_bank/sources/expansion_2026_09/read_daily_life.json,复核新增河边路线后，栈道重新开放仍以检查后的两端绿色标志为准，不能按预计完工日判断。,only after inspection,2026-09-27
R574,reading,read_daily_life,A parcel code that did not arrive,适中,从条件推断原因,recipient,每份（2 篇，4–6 个小题）,240–360,question_bank/sources/expansion_2026_09/read_daily_life.json,从条件推断原因：题目问没有取件码的可能原因；“only when”表必要条件：收件名须匹配住户名单。,only when the recipient name matches our resident list,2026-09-27
R575,reading,read_daily_life,A parcel code that did not arrive,简单,识别问题解决步骤,manually,每份（2 篇，4–6 个小题）,240–360,question_bank/sources/expansion_2026_09/read_daily_life.json,识别问题解决步骤：题目问现在如何取件；“release it manually”表示核实后由人工办理放行。,release it manually,2026-09-27
R576,reading,read_daily_life,Approve the photo crop,适中,解释例子作用,crop,每份（2 篇，4–6 个小题）,240–360,question_bank/sources/expansion_2026_09/read_daily_life.json,解释例子作用：题目问为什么特别提到右边的人；“check the edges carefully”是仔细查看裁切边缘。,check the edges carefully,2026-09-27
R577,reading,read_daily_life,Approve the photo crop,简单,理解时间条件,approval,每份（2 篇，4–6 个小题）,240–360,question_bank/sources/expansion_2026_09/read_daily_life.json,理解时间条件：题目问下午两点后确认的结果；“the following day”在这里接明天，表示再晚一天。,later approval moves collection to the following day,2026-09-27
R578,reading,read_daily_life,First visit to the game café,适中,比较服务差异,observers,每份（2 篇，4–6 个小题）,240–360,question_bank/sources/expansion_2026_09/read_daily_life.json,比较服务差异：题目比较两种桌位；“we do not take bookings for this table”指教学桌不接受预订。,we do not take bookings for this table,2026-09-27
R579,reading,read_daily_life,First visit to the game café,简单,识别包含关系,purchase,每份（2 篇，4–6 个小题）,240–360,question_bank/sources/expansion_2026_09/read_daily_life.json,识别包含关系：题目问旁观者的义务；“including observers”说明买饮料要求也包括旁观者。,including observers,2026-09-27
R580,reading,read_daily_life,Potluck table plan,简单,识别委婉请求,savory,每份（2 篇，4–6 个小题）,240–360,question_bank/sources/expansion_2026_09/read_daily_life.json,甜点已足够，尚未选菜者宜补咸味菜；热菜须保温送达即食，现场没有重加热设施。,We already have four desserts,2026-09-27
R581,reading,read_daily_life,Potluck table plan,适中,定位因果关系,sockets,每份（2 篇，4–6 个小题）,240–360,question_bank/sources/expansion_2026_09/read_daily_life.json,禁带电保温器的直接原因是插座已留给音响，不是场地完全没电；热菜须自行保温送达。,reserved for the sound system,2026-09-27
R582,reading,read_daily_life,A stopped washing machine,简单,提取申请条件,receipt,每份（2 篇，4–6 个小题）,240–360,question_bank/sources/expansion_2026_09/read_daily_life.json,提取申请条件：题目问退款所需材料；“Photograph the error code”是拍下错误代码，还须附付款凭据。,Photograph the error code,2026-09-27
R583,reading,read_daily_life,A stopped washing machine,适中,区分独立交易,separately,每份（2 篇，4–6 个小题）,240–360,question_bank/sources/expansion_2026_09/read_daily_life.json,区分独立交易：题目问换机器后的收费；“charged separately”指另行收费。,that wash is charged separately,2026-09-27
R584,reading,read_daily_life,Food-box substitution reply,简单,识别默认处理,replace,每份（2 篇，4–6 个小题）,240–360,question_bank/sources/expansion_2026_09/read_daily_life.json,识别默认处理：题目问不回复时的默认安排；“we will include kale”表示会放入羽衣甘蓝。,we will include kale,2026-09-27
R585,reading,read_daily_life,Food-box substitution reply,适中,区分并行截止时间,deadline,每份（2 篇，4–6 个小题）,240–360,question_bank/sources/expansion_2026_09/read_daily_life.json,区分并行截止时间：题目问暂停整箱的期限；“a day before the substitution deadline”指比替换选择截止早一天。,a day before the substitution deadline,2026-09-27
R586,reading,read_daily_life,Pool lanes at lunchtime,简单,读取时段与区域,lanes,每份（2 篇，4–6 个小题）,240–360,question_bank/sources/expansion_2026_09/read_daily_life.json,读取时段与区域：题目问12:15的开放范围；“lessons”指教学，不能算公共泳道。,"12:00–12:30: Lanes 1–2, lessons; lanes 3–4, public swimming.",2026-09-27
R587,reading,read_daily_life,Pool lanes at lunchtime,适中,推断提醒原因,pace,每份（2 篇，4–6 个小题）,240–360,question_bank/sources/expansion_2026_09/read_daily_life.json,推断提醒原因：题目问为何重新看速度标牌；“may be moved”说明标牌可能移位。,Lane signs may be moved,2026-09-27
R588,reading,read_daily_life,Reading the water meter,简单,限定信息定位,cupboard,每份（2 篇，4–6 个小题）,240–360,question_bank/sources/expansion_2026_09/read_daily_life.json,限定信息定位：题目问哪些住户要安排入室；“units ending in 02”指房号末尾为02，不是二楼。,units ending in 02,2026-09-27
R589,reading,read_daily_life,Reading the water meter,适中,整合操作要求,permission,每份（2 篇，4–6 个小题）,240–360,question_bank/sources/expansion_2026_09/read_daily_life.json,整合操作要求：题目问合规准备；“leave written permission”是留下书面入室许可。,leave written permission,2026-09-27
R590,reading,read_daily_life,Instructions for a pet sitter,简单,整合工具与数量,scoop,每份（2 篇，4–6 个小题）,240–360,question_bank/sources/expansion_2026_09/read_daily_life.json,整合工具与数量：题目问喂食用哪把勺及用量；“for filling the storage jar”说明大勺只用于补充储粮罐。,The larger scoop in the cupboard is for filling the storage jar,2026-09-27
R591,reading,read_daily_life,Instructions for a pet sitter,适中,判断承诺强度,separately,每份（2 篇，4–6 个小题）,240–360,question_bank/sources/expansion_2026_09/read_daily_life.json,判断承诺强度：题目问周一早上的安排状态；“I'll confirm that separately”表示会另行确认。,I'll confirm that separately,2026-09-27
R592,reading,read_daily_life,Bread for an early picnic,适中,解决时间冲突,sliced,每份（2 篇，4–6 个小题）,240–360,question_bank/sources/expansion_2026_09/read_daily_life.json,解决时间冲突：题目问早八点需要切片面包怎么办；“collect it the afternoon before”指前一天下午取。,collect it the afternoon before,2026-09-27
R593,reading,read_daily_life,Bread for an early picnic,简单,理解数量边界,prepayment,每份（2 篇，4–6 个小题）,240–360,question_bank/sources/expansion_2026_09/read_daily_life.json,理解数量边界：题目问预付触发条件；“six or more loaves”包括正好六条。,six or more loaves,2026-09-27
R594,reading,read_daily_life,A cleaning claim slip,适中,区分记录与承诺,inspection,每份（2 篇，4–6 个小题）,240–360,question_bank/sources/expansion_2026_09/read_daily_life.json,区分记录与承诺：题目问为什么记录墨迹；“condition on arrival”指收到衣服时的状态。,condition on arrival,2026-09-27
R595,reading,read_daily_life,A cleaning claim slip,简单,识别替代凭证,receipt,每份（2 篇，4–6 个小题）,240–360,question_bank/sources/expansion_2026_09/read_daily_life.json,识别替代凭证：题目问无收据时代领方式；“in advance”表示须提前，不是到了才说明。,email us their name in advance,2026-09-27
R596,reading,read_daily_life,Save the walking route offline,简单,理解数字操作步骤,offline,每份（2 篇，4–6 个小题）,240–360,question_bank/sources/expansion_2026_09/read_daily_life.json,理解数字操作步骤：题目问无信号时如何使用地图；“rather than saving a map automatically”说明打开网页不等于已下载。,rather than saving a map automatically,2026-09-27
R597,reading,read_daily_life,Save the walking route offline,适中,推断行程安排,dotted,每份（2 篇，4–6 个小题）,240–360,question_bank/sources/expansion_2026_09/read_daily_life.json,推断行程安排：题目问终点安排；“Both finish at the railway station”说明两条路线都结束于火车站。,Both finish at the railway station,2026-09-27
R598,reading,read_daily_life,Correction to a neighborhood newsletter,简单,识别更正范围,corrected,每份（2 篇，4–6 个小题）,240–360,question_bank/sources/expansion_2026_09/read_daily_life.json,识别更正范围：题目問更正哪条信息；“The correct day is the first Tuesday”把原来首个周一改为首个周二。,The correct day is the first Tuesday,2026-09-27
R599,reading,read_daily_life,Correction to a neighborhood newsletter,适中,推断版本差异,downloaded,每份（2 篇，4–6 个小题）,240–360,question_bank/sources/expansion_2026_09/read_daily_life.json,推断版本差异：题目问为什么要换已下载版本；“will not update automatically”表示它们不会同步更新。,will not update automatically,2026-09-27
R600,reading,read_daily_life,Pottery shelf labels,简单,读取流程分类,firing,每份（2 篇，4–6 个小题）,240–360,question_bank/sources/expansion_2026_09/read_daily_life.json,读取流程分类：题目问未烧过但已干透作品放哪；“waiting for their first firing”就是等待首次烧制。,waiting for their first firing,2026-09-27
R601,reading,read_daily_life,Pottery shelf labels,适中,解释警示目的,glazed,每份（2 篇，4–6 个小题）,240–360,question_bank/sources/expansion_2026_09/read_daily_life.json,解释警示目的：题目问提醒的用意；“awaiting their final firing”是仍在等最后一次烧制。,awaiting their final firing,2026-09-27
R602,reading,read_daily_life,Finding climbing shoes that fit,简单,追踪决定变化,fitting,每份（2 篇，4–6 个小题）,240–360,question_bank/sources/expansion_2026_09/read_daily_life.json,追踪决定变化：题目问Milo的下一步；“check the smaller pair here”指先在试鞋区测试小一号。,I'll check the smaller pair here,2026-09-27
R603,reading,read_daily_life,Finding climbing shoes that fit,适中,识别服务限制,unused,每份（2 篇，4–6 个小题）,240–360,question_bank/sources/expansion_2026_09/read_daily_life.json,识别服务限制：题目问免费换鞋的条件；“unused pair”在此指尚未上墙使用的鞋。,switch an unused pair,2026-09-27
R604,reading,read_daily_life,Using two grocery offers,适中,理解金额口径,eligible,每份（2 篇，4–6 个小题）,240–360,question_bank/sources/expansion_2026_09/read_daily_life.json,理解金额口径：题目问满额门槛算哪些钱；“before delivery charges”表示先不算配送费。,before delivery charges,2026-09-27
R605,reading,read_daily_life,Using two grocery offers,适中,应用优惠条件,coupon,每份（2 篇，4–6 个小题）,240–360,question_bank/sources/expansion_2026_09/read_daily_life.json,应用优惠条件：题目问修改后只剩28元的结果；“falls below $30”指跌破30元门槛。,falls below $30,2026-09-27
R606,reading,read_daily_life,An e-book hold becomes available,适中,区分延期与失效,expire,每份（2 篇，4–6 个小题）,240–360,question_bank/sources/expansion_2026_09/read_daily_life.json,区分延期与失效：题目问如何延期又保留顺序；“choose Deliver Later”是明确的延期功能。,choose Deliver Later,2026-09-27
R607,reading,read_daily_life,An e-book hold becomes available,适中,理解否定范围,availability,每份（2 篇，4–6 个小题）,240–360,question_bank/sources/expansion_2026_09/read_daily_life.json,理解否定范围：题目问哪项不保证；“on that exact date”限定到所选的那个具体日期。,availability on that exact date is not guaranteed,2026-09-27
R608,reading,read_daily_life,Student election ballot correction,简单,识别更正对既有操作的影响,valid,每份（2 篇，4–6 个小题）,240–360,question_bank/sources/expansion_2026_09/read_daily_life.json,识别更正对既有操作的影响：题目问已提交的人怎么办；“remain valid”表示原投票仍有效。,Votes already submitted remain valid,2026-09-27
R609,reading,read_daily_life,Student election ballot correction,适中,区分过程与完成状态,submission,每份（2 篇，4–6 个小题）,240–360,question_bank/sources/expansion_2026_09/read_daily_life.json,区分过程与完成状态：题目问完成投票的标志；“wait for the confirmation screen”指提交后应见到确认画面。,wait for the confirmation screen,2026-09-27
R610,reading,read_daily_life,Reserved seats on the afternoon train,简单,读取区间有效时间,reserved,每份（2 篇，4–6 个小题）,240–360,question_bank/sources/expansion_2026_09/read_daily_life.json,读取区间有效时间：题目问临时使用时段；“free before Brookford”指到Brookford之前座位可用。,free before Brookford,2026-09-27
R611,reading,read_daily_life,Reserved seats on the afternoon train,适中,限制由缺失信息作出的推断,conductor,每份（2 篇，4–6 个小题）,240–360,question_bank/sources/expansion_2026_09/read_daily_life.json,限制由缺失信息作出的推断：题目问标签不亮能说明什么；“during a display fault”提示显示设备可能出故障。,during a display fault,2026-09-27
R612,reading,read_daily_life,Arrival sheet for market stallholders,简单,理解顺序要求,unloading,每份（2 篇，4–6 个小题）,240–360,question_bank/sources/expansion_2026_09/read_daily_life.json,理解顺序要求：题目问卸货后的下一步；“then move your vehicle”明确先移车。,then move your vehicle,2026-09-27
R613,reading,read_daily_life,Arrival sheet for market stallholders,适中,结合时刻表与补救安排,handcart,每份（2 篇，4–6 个小题）,240–360,question_bank/sources/expansion_2026_09/read_daily_life.json,结合时刻表与补救安排：题目问8:10的运输方式；“Setup on foot only”说明此时已禁止车入。,Setup on foot only,2026-09-27
R614,reading,read_daily_life,Watching a missed webinar,简单,定位解释性细节,informal,每份（2 篇，4–6 个小题）,240–360,question_bank/sources/expansion_2026_09/read_daily_life.json,定位解释性细节：题目问视频为什么较短；“after the informal opening chat”指闲聊结束后才开始录入。,after the informal opening chat,2026-09-27
R615,reading,read_daily_life,Watching a missed webinar,适中,整合多项完成条件,reflection,每份（2 篇，4–6 个小题）,240–360,question_bank/sources/expansion_2026_09/read_daily_life.json,整合多项完成条件：题目问缺席者如何完成要求；“and”连接看课与交简短反思两个必要动作。,watch the lesson and submit the short reflection,2026-09-27
R616,reading,read_daily_life,Choosing what appears in a directory,适中,区分显示与存储,directory,每份（2 篇，4–6 个小题）,240–360,question_bank/sources/expansion_2026_09/read_daily_life.json,区分显示与存储：题目问取消公开电话的效果；“does not remove it from the private contact details”表示私下联络档案不跟着删除。,does not remove it from the private contact details,2026-09-27
R617,reading,read_daily_life,Choosing what appears in a directory,简单,匹配操作与数据用途,separate,每份（2 篇，4–6 个小题）,240–360,question_bank/sources/expansion_2026_09/read_daily_life.json,匹配操作与数据用途：题目问改办公室联络电话用什么入口；“separate Contact Details form”指独立联系资料表。,use the separate Contact Details form,2026-09-27
R618,reading,read_daily_life,Plant-swap table instructions,适中,区分缺失信息与免除要求,unlabeled,每份（2 篇，4–6 个小题）,240–360,question_bank/sources/expansion_2026_09/read_daily_life.json,区分缺失信息与免除要求：题目问不知植物名怎么办；“An unknown name is acceptable”允许名称未知，但不是允许无标签。,An unknown name is acceptable; an unlabeled plant is not.,2026-09-27
R619,reading,read_daily_life,Plant-swap table instructions,简单,识别人群限制,cuttings,每份（2 篇，4–6 个小题）,240–360,question_bank/sources/expansion_2026_09/read_daily_life.json,识别人群限制：题目问谁要等到三点；“only collecting”指只领取、没带植物交换的人。,if you are only collecting,2026-09-27
R620,reading,read_daily_life,Before the trouser fitting,适中,理解建议原因,hems,每份（2 篇，4–6 个小题）,240–360,question_bank/sources/expansion_2026_09/read_daily_life.json,理解建议原因：题目问为何带实际要穿的鞋；“may look different with formal shoes”说明换鞋后裤长效果可能不同。,may look different with formal shoes,2026-09-27
R621,reading,read_daily_life,Before the trouser fitting,适中,区分检查与完工,stitching,每份（2 篇，4–6 个小题）,240–360,question_bank/sources/expansion_2026_09/read_daily_life.json,区分检查与完工：题目问检查后会怎样；“stay here afterward for stitching”表示裤子还要留店缝制。,will stay here afterward for stitching,2026-09-27
R622,reading,read_daily_life,Sorting items at the recycling point,适中,应用分类与接收条件,attendant,每份（2 篇，4–6 个小题）,240–360,question_bank/sources/expansion_2026_09/read_daily_life.json,应用分类与接收条件：题目问内置电池设备放哪；“must be handed to the attendant”要求交给现场人员。,must be handed to the attendant,2026-09-27
R623,reading,read_daily_life,Sorting items at the recycling point,简单,理解预处理要求,wrapping,每份（2 篇，4–6 个小题）,240–360,question_bank/sources/expansion_2026_09/read_daily_life.json,理解预处理要求：题目问塑料包装为何被特别说明；“Remove plastic wrapping first”指投纸板前先去掉塑料。,Remove plastic wrapping first,2026-09-27
R624,reading,read_daily_life,Arrival time for a puzzle room,简单,理解固定时间约束,briefing,每份（2 篇，4–6 个小题）,240–360,question_bank/sources/expansion_2026_09/read_daily_life.json,理解固定时间约束：题目问迟到后果；“reduces playing time”说明会缩短游戏时长。,Late arrival reduces playing time,2026-09-27
R625,reading,read_daily_life,Arrival time for a puzzle room,适中,整合人数与费用规则,spectators,每份（2 篇，4–6 个小题）,240–360,question_bank/sources/expansion_2026_09/read_daily_life.json,整合人数与费用规则：题目问第五人如何加入；“add up to two more”表示最多还能加两位。,add up to two more at reception,2026-09-27
R626,reading,read_daily_life,Ferry boarding for foot passengers,简单,计算截止时间并核对条件,departure,每份（2 篇，4–6 个小题）,240–360,question_bank/sources/expansion_2026_09/read_daily_life.json,计算截止时间并核对条件：题目问14:10班次登船截止；“five minutes before departure”表示比开船早五分钟。,Boarding closes five minutes before departure,2026-09-27
R627,reading,read_daily_life,Ferry boarding for foot passengers,适中,区分核心权益与附加服务,guarantees,每份（2 篇，4–6 个小题）,240–360,question_bank/sources/expansion_2026_09/read_daily_life.json,区分核心权益与附加服务：题目问票保障什么；“not a seat in the indoor cabin”明确不保证室内座位。,not a seat in the indoor cabin,2026-09-27
R628,reading,read_daily_life,Lunch counter combinations,简单,理解菜单替换范围,combination,每份（2 篇，4–6 个小题）,240–360,question_bank/sources/expansion_2026_09/read_daily_life.json,理解菜单替换范围：题目问套餐内允许怎样替换；“replace the soup with a side salad”明确汤可换配菜沙拉。,replace the soup with a side salad,2026-09-27
R629,reading,read_daily_life,Lunch counter combinations,适中,识别附加费用,containers,每份（2 篇，4–6 个小题）,240–360,question_bank/sources/expansion_2026_09/read_daily_life.json,识别附加费用：题目问套餐外带的收费；“including those used for a combination”说明套餐容器也计费。,including those used for a combination,2026-09-27
R630,reading,read_daily_life,Campsite quiet-hour reminder,适中,理解词义与规则范围,audible,每份（2 篇，4–6 个小题）,240–360,question_bank/sources/expansion_2026_09/read_daily_life.json,理解词义与规则范围：题目问安静时段的具体含义；“audible”是听得见，限制的是声音传到邻近营位。,should not be audible at neighboring pitches,2026-09-27
R631,reading,read_daily_life,Campsite quiet-hour reminder,适中,整合夜间到达条件,entrance,每份（2 篇，4–6 个小题）,240–360,question_bank/sources/expansion_2026_09/read_daily_life.json,整合夜间到达条件：题目问晚到车辆如何处理；“not to drive through the site”说明营位号不构成夜间驾车许可。,not to drive through the site,2026-09-27
R632,reading,read_daily_life,Print credits and double-sided pages,简单,理解计费单位,credits,每份（2 篇，4–6 个小题）,240–360,question_bank/sources/expansion_2026_09/read_daily_life.json,理解计费单位：题目问三张黑白双面打印的额度；“one printed side”按一面算，而不是按一张纸。,one printed side in black and white,2026-09-27
R633,reading,read_daily_life,Print credits and double-sided pages,适中,区分流程状态,unreleased,每份（2 篇，4–6 个小题）,240–360,question_bank/sources/expansion_2026_09/read_daily_life.json,区分流程状态：题目问从未确认输出的任务会怎样；“without using credits”说明没有扣额度。,without using credits,2026-09-27
R634,reading,read_daily_life,Updating a parking permit plate,适中,理解账户配置步骤,registration,每份（2 篇，4–6 个小题）,240–360,question_bank/sources/expansion_2026_09/read_daily_life.json,理解账户配置步骤：题目问保存新车牌后还要做什么；“does not automatically move”表示许可不会自动转过去。,does not automatically move your active parking permit,2026-09-27
R635,reading,read_daily_life,Updating a parking permit plate,简单,定位生效节点,effective,每份（2 篇，4–6 个小题）,240–360,question_bank/sources/expansion_2026_09/read_daily_life.json,定位生效节点：题目问许可何时生效；“when the confirmation appears”把生效点定在确认画面出现时。,when the confirmation appears,2026-09-27
R636,reading,read_daily_life,Chess pairings after round one,简单,理解提醒目的,pairings,每份（2 篇，4–6 个小题）,240–360,question_bank/sources/expansion_2026_09/read_daily_life.json,理解提醒目的：题目问为何每轮查看桌号；“may change each round”说明不保证仍在原桌。,Table numbers may change each round,2026-09-27
R637,reading,read_daily_life,Chess pairings after round one,适中,推断操作时机,withdrawing,每份（2 篇，4–6 个小题）,240–360,question_bank/sources/expansion_2026_09/read_daily_life.json,推断操作时机：题目问怎样退赛不影响下一轮；“before the next pairings are made”强调配对编排之前。,before the next pairings are made,2026-09-27
R638,reading,read_daily_life,Recording your bicycle details,简单,理解数据提交要求,frame,每份（2 篇，4–6 个小题）,240–360,question_bank/sources/expansion_2026_09/read_daily_life.json,理解数据提交要求：题目问整车照片之外还要什么；“not a substitute for typing it”说明照片中的号码不能代替输入。,not a substitute for typing it,2026-09-27
R639,reading,read_daily_life,Recording your bicycle details,适中,必要条件推断,searchable,每份（2 篇，4–6 个小题）,240–360,question_bank/sources/expansion_2026_09/read_daily_life.json,必要条件推断：题目问草稿状态；“only after”把可检索条件限定为完成并提交之后。,searchable only after you submit the completed form,2026-09-27
R640,reading,read_daily_life,A new delivery-door arrangement,简单,识别安排目的,pedestrian,每份（2 篇，4–6 个小题）,240–360,question_bank/sources/expansion_2026_09/read_daily_life.json,识别安排目的：题目问改门的目的；“keep sacks and carts out”是避免面粉袋和推车占用人行入口。,keep sacks and carts out of the narrow pedestrian entrance,2026-09-27
R641,reading,read_daily_life,A new delivery-door arrangement,简单,理解时间范围,overnight,每份（2 篇，4–6 个小题）,240–360,question_bank/sources/expansion_2026_09/read_daily_life.json,理解时间范围：题目问夜间标线区怎么用；“including overnight”明确连夜里也须保持空。,including overnight,2026-09-27
R642,reading,read_daily_life,Testing colors for a shared mural,适中,理解近似信息的限制,approximate,每份（2 篇，4–6 个小题）,240–360,question_bank/sources/expansion_2026_09/read_daily_life.json,理解近似信息的限制：题目问为何看墙面色样；“only approximate”说明屏幕草图色彩只是近似。,the colors on the online sketch are only approximate,2026-09-27
R643,reading,read_daily_life,Testing colors for a shared mural,简单,识别变更边界,delayed,每份（2 篇，4–6 个小题）,240–360,question_bank/sources/expansion_2026_09/read_daily_life.json,识别变更边界：题目问雨天影响了哪一步；“not the vote”明确排除投票。,not the vote,2026-09-27
R644,reading,read_daily_life,Dog-walking shift cards,适中,推断重复核查的必要性,current,每份（2 篇，4–6 个小题）,240–360,question_bank/sources/expansion_2026_09/read_daily_life.json,推断重复核查的必要性：题目问每班为何重读卡片；“current walking route”强调执行当前安排。,current walking route,2026-09-27
R645,reading,read_daily_life,Dog-walking shift cards,适中,应用前提与替代流程,supervisor,每份（2 篇，4–6 个小题）,240–360,question_bank/sources/expansion_2026_09/read_daily_life.json,应用前提与替代流程：题目问找不到搭档的处理；“after checking with the supervisor”说明改领别的狗前要确认。,choose another dog after checking with the supervisor,2026-09-27
R646,reading,read_daily_life,Compost bucket exchange,适中,理解标识设计目的,circulate,每份（2 篇，4–6 个小题）,240–360,question_bank/sources/expansion_2026_09/read_daily_life.json,理解标识设计目的：题目问地址为何写在可拆牌上；“circulate among households”指桶清洗后在各户之间周转。,buckets circulate among households after washing,2026-09-27
R647,reading,read_daily_life,Compost bucket exchange,简单,定位归还与保留要求,retain,每份（2 篇，4–6 个小题）,240–360,question_bank/sources/expansion_2026_09/read_daily_life.json,定位归还与保留要求：题目问结束服务时保留什么；“retain your address tag”表示留下地址牌。,retain your address tag,2026-09-27
R648,reading,read_daily_life,Setting the kitchen timer,简单,理解设备状态与操作,countdown,每份（2 篇，4–6 个小题）,240–360,question_bank/sources/expansion_2026_09/read_daily_life.json,理解设备状态与操作：题目问暂停且保留剩余时长；“does not clear”表示不会清零。,it does not clear the remaining time,2026-09-27
R649,reading,read_daily_life,Setting the kitchen timer,适中,限制功能推断,independent,每份（2 篇，4–6 个小题）,240–360,question_bank/sources/expansion_2026_09/read_daily_life.json,限制功能推断：题目问消除响铃的效果；“has no connection to those appliances”说明它不控制灶具。,has no connection to those appliances,2026-09-27
R650,reading,read_daily_life,Messages during an alert-system test,简单,比较接收状态,missing,每份（2 篇，4–6 个小题）,240–360,question_bank/sources/expansion_2026_09/read_daily_life.json,比较接收状态：题目问谁要报故障；“Only your roommate”把需要报告的人限定为漏收者。,Only your roommate needs to report a missing message,2026-09-27
R651,reading,read_daily_life,Messages during an alert-system test,简单,识别有效反馈渠道,monitored,每份（2 篇，4–6 个小题）,240–360,question_bank/sources/expansion_2026_09/read_daily_life.json,识别有效反馈渠道：题目问用什么渠道报告；“replies are not monitored”表示直接回复短信无人查看。,replies are not monitored,2026-09-27
R652,reading,read_daily_life,Shared freezer shelf log,简单,应用空间分类,labeled,每份（2 篇，4–6 个小题）,240–360,question_bank/sources/expansion_2026_09/read_daily_life.json,正常私人食品应放中层；标签不全者移到仍在柜内的收集箱，等待本人取回。,Middle shelf: members' labeled personal food.,2026-09-27
R653,reading,read_daily_life,Shared freezer shelf log,适中,推断管理措施边界,collection,每份（2 篇，4–6 个小题）,240–360,question_bank/sources/expansion_2026_09/read_daily_life.json,收集箱位于冷冻柜内以维持存放条件；转移位置不改变归属，仍须通知物主取回。,members will be notified to collect them promptly,2026-09-27
R654,reading,read_daily_life,A crushed box at the doorstep,简单,识别诊断先后,packaging,每份（2 篇，4–6 个小题）,240–360,question_bank/sources/expansion_2026_09/read_daily_life.json,识别诊断先后：题目问下一步；“before requesting a replacement”把检查实物放在要求换货之前。,check the desk lamp before requesting a replacement,2026-09-27
R655,reading,read_daily_life,A crushed box at the doorstep,适中,区分迹象与结论,intact,每份（2 篇，4–6 个小题）,240–360,question_bank/sources/expansion_2026_09/read_daily_life.json,区分迹象与结论：题目问压坏纸箱意味着什么；“does not necessarily mean”是否定必然关联。,does not necessarily mean the lamp is damaged,2026-09-27
R656,reading,read_daily_life,Tennis ladder score entry,适中,理解暂定状态,provisional,每份（2 篇，4–6 个小题）,240–360,question_bank/sources/expansion_2026_09/read_daily_life.json,理解暂定状态：题目问输入比分后为何排名未变；“provisional until confirmed”表示确认前仍属暂定。,remains provisional until confirmed,2026-09-27
R657,reading,read_daily_life,Tennis ladder score entry,简单,区分中途领先与最终胜负,interrupted,每份（2 篇，4–6 个小题）,240–360,question_bank/sources/expansion_2026_09/read_daily_life.json,区分中途领先与最终胜负：题目问雨停赛如何记录；“marked Incomplete”是标为未完成。,marked Incomplete,2026-09-27
R658,reading,read_daily_life,Rooftop sky-watch evening,简单,理解备选活动安排,demonstration,每份（2 篇，4–6 个小题）,240–360,question_bank/sources/expansion_2026_09/read_daily_life.json,理解备选活动安排：题目问阴云无法观测时的安排；“at the same starting time”表示时间不变，只改活动地点与形式。,at the same starting time,2026-09-27
R659,reading,read_daily_life,Rooftop sky-watch evening,适中,理解让步与独立条件,beforehand,每份（2 篇，4–6 个小题）,240–360,question_bank/sources/expansion_2026_09/read_daily_life.json,理解让步与独立条件：题目问不能爬楼者怎么办；“whether or not”说明无论屋顶活动是否举行都可安排替代参与。,whether or not the roof session goes ahead,2026-09-27
R660,reading,read_daily_life,Collecting a race number,适中,区分代领与参赛资格,confirmation,每份（2 篇，4–6 个小题）,240–360,question_bank/sources/expansion_2026_09/read_daily_life.json,区分代领与参赛资格：题目问朋友持确认邮件能做什么；“collect for you”是代领，不是代替本人参赛。,A friend may collect for you,2026-09-27
R661,reading,read_daily_life,Collecting a race number,适中,推断实名流程目的,transfer,每份（2 篇，4–6 个小题）,240–360,question_bank/sources/expansion_2026_09/read_daily_life.json,推断实名流程目的：题目问为何必须正式转让；“attached to the wrong person”表示号码与紧急联系人会错配。,emergency contact record attached to the wrong person,2026-09-27
R662,reading,read_daily_life,Understanding fabric remnant prices,简单,理解价格单位,remnant,每份（2 篇，4–6 个小题）,240–360,question_bank/sources/expansion_2026_09/read_daily_life.json,理解价格单位：题目问零布标签价怎样算；“not per meter”明确不是每米单价。,"for the entire piece, not per meter",2026-09-27
R663,reading,read_daily_life,Understanding fabric remnant prices,适中,综合尺寸信息,width,每份（2 篇，4–6 个小题）,240–360,question_bank/sources/expansion_2026_09/read_daily_life.json,综合尺寸信息：题目问为何长宽都要看；“equal length”不代表布料总量相同。,two pieces of equal length may provide different amounts of fabric,2026-09-27
R664,reading,read_daily_life,Calls in the shared workroom,适中,推断行为规则原因,headphones,每份（2 篇，4–6 个小题）,240–360,question_bank/sources/expansion_2026_09/read_daily_life.json,耳机不能消除通话者自己的声音；干扰项分别混淆设备许可、电话间时长和桌位预约。,headphones alone do not make a spoken call suitable,2026-09-27
R665,reading,read_daily_life,Calls in the shared workroom,适中,识别资源状态信号,occupied,每份（2 篇，4–6 个小题）,240–360,question_bank/sources/expansion_2026_09/read_daily_life.json,释放电话间须在回桌前更新所属预约显示，不能靠开门、等到期或改会议室日历。,mark the booth free in the booking display,2026-09-27
R666,reading,read_daily_life,Choosing a use for the courtyard fund,适中,整合预算与议程信息,maintenance,每份（2 篇，4–6 个小题）,240–360,question_bank/sources/expansion_2026_09/read_daily_life.json,需将报价差异与问答环节的维护说明联系起来。,only the seating estimate includes the first year's maintenance,2026-09-27
R667,reading,read_daily_life,Choosing a use for the courtyard fund,适中,应用资格与次数限制,household,每份（2 篇，4–6 个小题）,240–360,question_bank/sources/expansion_2026_09/read_daily_life.json,需同时遵守一户一票、已投不重领及旁听许可。,You may listen to both presentations without voting.,2026-09-27
R668,reading,read_daily_life,Choosing a use for the courtyard fund,适中,区分选择结果与执行条件,undergo,每份（2 篇，4–6 个小题）,240–360,question_bank/sources/expansion_2026_09/read_daily_life.json,投票与安全检查是不同环节，结论须保留检查条件。,The winning proposal will undergo a final safety check,2026-09-27
R669,reading,read_daily_life,A neighborhood story for the radio,简单,识别提交材料,submit,每份（2 篇，4–6 个小题）,240–360,question_bank/sources/expansion_2026_09/read_daily_life.json,需要连接字数要求与独立联系资料要求。,Send a written piece of 300–400 words by Friday.,2026-09-27
R670,reading,read_daily_life,A neighborhood story for the radio,适中,解释程序说明的目的,approval,每份（2 篇，4–6 个小题）,240–360,question_bank/sources/expansion_2026_09/read_daily_life.json,须识别入选与定稿的区别，并保留作者审批这一条件。,Selection therefore does not mean the first version will be read unchanged.,2026-09-27
R671,reading,read_daily_life,A neighborhood story for the radio,适中,整合隐私与参与方式,ownership,每份（2 篇，4–6 个小题）,240–360,question_bank/sources/expansion_2026_09/read_daily_life.json,需同时满足笔名规则、联系资料与代读选项。,Writers may read their own work at the studio or ask our presenter to read it.,2026-09-27
R672,reading,read_daily_life,An earlier dental appointment,简单,识别默认安排,release,每份（2 篇，4–6 个小题）,240–360,question_bank/sources/expansion_2026_09/read_daily_life.json,关键是区分释放新时段与保留已有预约。,No reply will leave Monday unchanged and release Thursday,2026-09-27
R673,reading,read_daily_life,An earlier dental appointment,适中,判断附加需求的处理步骤,routine,每份（2 篇，4–6 个小题）,240–360,question_bank/sources/expansion_2026_09/read_daily_life.json,追加事项须先核实时长，不能从常规检查推及所有需求。,tell us in your reply so we can check whether a longer visit is needed,2026-09-27
R674,reading,read_daily_life,An earlier dental appointment,适中,应用例外条件,unless,每份（2 篇，4–6 个小题）,240–360,question_bank/sources/expansion_2026_09/read_daily_life.json,区分始终需要的联系表与仅健康史变化时要重复的表。,You do not need to repeat the health-history form unless something has changed,2026-09-27
R675,reading,read_daily_life,Getting a technician into the building,适中,追踪对话中的行动分工,intercom,每份（2 篇，4–6 个小题）,240–360,question_bank/sources/expansion_2026_09/read_daily_life.json,需要将门禁故障与两步通知链合并，找出Luis的具体职责。,Could you then go downstairs?,2026-09-27
R676,reading,read_daily_life,Getting a technician into the building,简单,理解保留设备状态的原因,warning,每份（2 篇，4–6 个小题）,240–360,question_bank/sources/expansion_2026_09/read_daily_life.json,保持通电是为了观察现有故障指示，而非门禁或预约功能。,they want to see its warning lights before testing anything,2026-09-27
R677,reading,read_daily_life,Getting a technician into the building,适中,整合时限与备用安排,necessary,每份（2 篇，4–6 个小题）,240–360,question_bank/sources/expansion_2026_09/read_daily_life.json,需区分三点的跟进电话与三点半的等待上限。,"If they haven't arrived by 3, I'll phone the company.",2026-09-27
R678,reading,read_daily_life,A shared tasting dinner,适中,识别集体规则的适用层级,courses,每份（2 篇，4–6 个小题）,240–360,question_bank/sources/expansion_2026_09/read_daily_life.json,须区分菜单选择必须一致与套餐菜品可以不同。,Guests choosing the tasting menu may select different main courses and desserts,2026-09-27
R679,reading,read_daily_life,A shared tasting dinner,适中,按成分与替换限制选餐,dairy,每份（2 篇，4–6 个小题）,240–360,question_bank/sources/expansion_2026_09/read_daily_life.json,以明确成分说明选择鲜果，同时保留菜单的过敏咨询边界。,Choose fruit if you prefer a dessert without dairy.,2026-09-27
R680,reading,read_daily_life,A shared tasting dinner,简单,计算按人与按份收费,serves,每份（2 篇，4–6 个小题）,240–360,question_bank/sources/expansion_2026_09/read_daily_life.json,计算两份28元套餐加一壶4元茶，题目只问所列标价。,A pot of tea costs $4 and serves two people.,2026-09-27
R681,reading,read_daily_life,First evening on the ice,简单,理解提前到场的目的,rental,每份（2 篇，4–6 个小题）,240–360,question_bank/sources/expansion_2026_09/read_daily_life.json,将到场时点与五分钟后的讲解相连，而非与自由滑行相连。,Please arrive by 5:40 to fit your skates,2026-09-27
R682,reading,read_daily_life,First evening on the ice,适中,区分可选进阶与完成要求,optional,每份（2 篇，4–6 个小题）,240–360,question_bank/sources/expansion_2026_09/read_daily_life.json,不愿转区者仍可在初学区完成本场，避免把建议进阶当硬性要求。,You may also remain in the beginner area until 7.,2026-09-27
R683,reading,read_daily_life,First evening on the ice,适中,整合押币与保管规则,lockers,每份（2 篇，4–6 个小题）,240–360,question_bank/sources/expansion_2026_09/read_daily_life.json,需结合退币条件与课中不能换零的限制。,which is returned when the key is put back,2026-09-27
R684,reading,read_daily_life,A touch tour before the performance,简单,匹配活动阶段与入口,entrance,每份（2 篇，4–6 个小题）,240–360,question_bank/sources/expansion_2026_09/read_daily_life.json,从三个不同活动时点中定位导览集合要求。,Meet the access host at the side entrance at 1:05.,2026-09-27
R685,reading,read_daily_life,A touch tour before the performance,适中,区分导览预约与演出门票,companion,每份（2 篇，4–6 个小题）,240–360,question_bank/sources/expansion_2026_09/read_daily_life.json,需要将同伴的导览豁免与双方的演出购票义务同时应用。,A companion may join without a separate tour reservation,2026-09-27
R686,reading,read_daily_life,A touch tour before the performance,适中,解释信息收集目的,demonstration,每份（2 篇，4–6 个小题）,240–360,question_bank/sources/expansion_2026_09/read_daily_life.json,将辅助准备与资格筛选区分，保留已确认预约的状态。,so we can arrange a suitable waiting space,2026-09-27
R687,reading,read_daily_life,Moving a secondhand drafting table,适中,区分入口尺寸与容纳空间,usable,每份（2 篇，4–6 个小题）,240–360,question_bank/sources/expansion_2026_09/read_daily_life.json,需要区分物件通过开口与在车内平放两种尺寸条件。,The outside opening alone doesn't tell you whether a 120-centimeter piece will lie flat.,2026-09-27
R688,reading,read_daily_life,Moving a secondhand drafting table,适中,整合搬运条件,stairway,每份（2 篇，4–6 个小题）,240–360,question_bank/sources/expansion_2026_09/read_daily_life.json,将自备帮手与电梯尺寸限制联系，确定搬运方案。,the table top is too wide for the lift,2026-09-27
R689,reading,read_daily_life,Moving a secondhand drafting table,简单,理解时间指代与临时保留,hold,每份（2 篇，4–6 个小题）,240–360,question_bank/sources/expansion_2026_09/read_daily_life.json,then回指明日中午确认期限，不能扩展出降价或配件承诺。,I'll hold it until then.,2026-09-27
R690,reading,read_daily_life,Getting a campus card photograph,简单,识别服务边界与后续动作,upload,每份（2 篇，4–6 个小题）,240–360,question_bank/sources/expansion_2026_09/read_daily_life.json,拍照交付与提交申请是两个环节，须识别后续上传责任。,You must still upload that file through your own card account,2026-09-27
R691,reading,read_daily_life,Getting a campus card photograph,适中,解释补充材料的用途,rejection,每份（2 篇，4–6 个小题）,240–360,question_bank/sources/expansion_2026_09/read_daily_life.json,拒收信息用于纠正具体问题，不能扩展成费用或审批豁免。,It helps staff identify the problem rather than simply repeat the same photograph.,2026-09-27
R692,reading,read_daily_life,Getting a campus card photograph,适中,按申请状态选择渠道,approved,每份（2 篇，4–6 个小题）,240–360,question_bank/sources/expansion_2026_09/read_daily_life.json,已批准申请的偏好性换照与首次申请补照分属不同流程。,use the online replacement request instead,2026-09-27
R693,reading,read_daily_life,The community art auction,适中,理解代理安排的目的,behalf,每份（2 篇，4–6 个小题）,240–360,question_bank/sources/expansion_2026_09/read_daily_life.json,签字表授权有限额代竞价，不等于锁定购买或电话代办。,"A volunteer will bid in $5 steps on your behalf, stopping at that limit.",2026-09-27
R694,reading,read_daily_life,The community art auction,适中,区分竞价上限与实际价格,maximum,每份（2 篇，4–6 个小题）,240–360,question_bank/sources/expansion_2026_09/read_daily_life.json,题干的数字用于应用三个不同价格概念，不要求推测最终成交价。,Your stated maximum will not automatically become your opening bid.,2026-09-27
R695,reading,read_daily_life,The community art auction,简单,匹配延后领取条件,packing,每份（2 篇，4–6 个小题）,240–360,question_bank/sources/expansion_2026_09/read_daily_life.json,已付买家可使用明确的次日领取窗口，但不产生额外包装或延期权利。,Paid works can be collected until 5 p.m. Saturday or between 10 and noon Sunday.,2026-09-27
R696,reading,read_academic_passage,Empty spaces on archaeological maps,适中,概括方法与限制,survey,每份（1 篇，5 个小题）,300,question_bank/sources/expansion_2026_09/read_academic_passage.json,概括方法与限制：题目问全文目的；“conditions under which researchers searched”指考古人员寻找证据时的条件。,conditions under which researchers searched,2026-09-27
R697,reading,read_academic_passage,Empty spaces on archaeological maps,简单,定位发现机制,surface,每份（1 篇，5 个小题）,300,question_bank/sources/expansion_2026_09/read_academic_passage.json,定位发现机制：题目问耕作谷地为何记录更多遗址；“bringing broken tools and pottery to the surface”指翻土把物件带到地表。,bringing broken tools and pottery to the surface,2026-09-27
R698,reading,read_academic_passage,Empty spaces on archaeological maps,困难,控制推断范围,populations,每份（1 篇，5 个小题）,300,question_bank/sources/expansion_2026_09/read_academic_passage.json,控制推断范围：题目问记录数量相等能推出什么；“not simply”提醒记录并不只由古代定居行为决定。,not simply from ancient choices about where to settle,2026-09-27
R699,reading,read_academic_passage,Empty spaces on archaeological maps,简单,语境词义,detect,每份（1 篇，5 个小题）,300,question_bank/sources/expansion_2026_09/read_academic_passage.json,语境词义：题目问detect的意思；“traces of buildings are difficult to detect”说的是难以发现建筑痕迹。,traces of buildings are difficult to detect,2026-09-27
R700,reading,read_academic_passage,Empty spaces on archaeological maps,适中,分析例证功能,examined,每份（1 篇，5 个小题）,300,question_bank/sources/expansion_2026_09/read_academic_passage.json,分析例证功能：题目问两条山谷例子的作用；“opportunity to discover evidence”指发现证据的机会。,The difference arises partly from the opportunity to discover evidence,2026-09-27
R701,reading,read_academic_passage,A cover between harvests,适中,主旨与权衡,temporary,每份（1 篇，5 个小题）,300,question_bank/sources/expansion_2026_09/read_academic_passage.json,主旨与权衡：题目问主旨；“grown mainly to protect the field”说明临时覆盖作物主要保护田地。,grown mainly to protect the field,2026-09-27
R702,reading,read_academic_passage,A cover between harvests,简单,对应结构与功能,particles,每份（1 篇，5 个小题）,300,question_bank/sources/expansion_2026_09/read_academic_passage.json,将根固定土粒的功能与叶片减缓雨滴冲击区分，逐项排除用途和作用范围的误读。,its roots help hold soil particles in place,2026-09-27
R703,reading,read_academic_passage,A cover between harvests,适中,推断措施代价,vigorously,每份（1 篇，5 个小题）,300,question_bank/sources/expansion_2026_09/read_academic_passage.json,推断措施代价：题目问生长旺盛的覆盖作物意味着什么；“difficult to manage before the next planting”说明后续可能难处理。,difficult to manage before the next planting,2026-09-27
R704,reading,read_academic_passage,A cover between harvests,简单,语境词义,interval,每份（1 篇，5 个小题）,300,question_bank/sources/expansion_2026_09/read_academic_passage.json,语境词义：题目问interval的意思；“remain bare for several months”描述两次种植间裸露的一段时间。,a field may remain bare for several months,2026-09-27
R705,reading,read_academic_passage,A cover between harvests,困难,衔接与句子插入,surface,每份（1 篇，5 个小题）,300,question_bank/sources/expansion_2026_09/read_academic_passage.json,"衔接与句子插入：题目要求插入句子；原文“Above the surface, its leaves”开始解释地上叶片的作用。","Above the surface, its leaves",2026-09-27
R706,reading,read_academic_passage,Why coastlines look different on maps,适中,概括制图原则,generalization,每份（1 篇，5 个小题）,300,question_bank/sources/expansion_2026_09/read_academic_passage.json,概括制图原则：题目问全文主旨；“features that matter for its purpose”指对使用目的重要的地形。,preserves features that matter for its purpose,2026-09-27
R707,reading,read_academic_passage,Why coastlines look different on maps,简单,定位用途细节,peninsula,每份（1 篇，5 个小题）,300,question_bank/sources/expansion_2026_09/read_academic_passage.json,定位用途细节：题目问保留大半岛的原因；“orient themselves”指辨认方位。,helps travelers orient themselves,2026-09-27
R708,reading,read_academic_passage,Why coastlines look different on maps,困难,评价比较有效性,comparable,每份（1 篇，5 个小题）,300,question_bank/sources/expansion_2026_09/read_academic_passage.json,评价比较有效性：题目问比较前应做什么；“different scales or purposes”提示画法差异可能来自比例和用途。,different scales or purposes,2026-09-27
R709,reading,read_academic_passage,Why coastlines look different on maps,适中,利用对比理解词义,negligible,每份（1 篇，5 个小题）,300,question_bank/sources/expansion_2026_09/read_academic_passage.json,利用对比理解词义：题目问negligible的语境义；“negligible on the road map”与航船图中重要形成对比。,negligible on the road map,2026-09-27
R710,reading,read_academic_passage,Why coastlines look different on maps,适中,分析对照结构,essential,每份（1 篇，5 个小题）,300,question_bank/sources/expansion_2026_09/read_academic_passage.json,分析对照结构：题目问航船图例子的段落作用；“requires different choices”强调不同用途需不同取舍。,requires different choices,2026-09-27
R711,reading,read_academic_passage,Measuring with a shadow,适中,概括方法及前提,proportion,每份（1 篇，5 个小题）,300,question_bank/sources/expansion_2026_09/read_academic_passage.json,概括方法及前提：题目问全文目的；“checks the setup as well as the numbers”表示既看测值也查布置条件。,checks the setup as well as the numbers,2026-09-27
R712,reading,read_academic_passage,Measuring with a shadow,适中,理解控制条件,angle,每份（1 篇，5 个小题）,300,question_bank/sources/expansion_2026_09/read_academic_passage.json,理解控制条件：题目问为何近同时测量；“the direction of sunlight changes during the day”说明日照方向随时间变。,the direction of sunlight changes during the day,2026-09-27
R713,reading,read_academic_passage,Measuring with a shadow,困难,区分一致与准确,repetition,每份（1 篇，5 个小题）,300,question_bank/sources/expansion_2026_09/read_academic_passage.json,区分一致与准确：题目问多次结果一致能保证什么；“repetition alone does not correct a stick that leans”说明重复不能修复斜放。,repetition alone does not correct a stick that leans,2026-09-27
R714,reading,read_academic_passage,Measuring with a shadow,简单,语境词义,upright,每份（1 篇，5 个小题）,300,question_bank/sources/expansion_2026_09/read_academic_passage.json,语境词义：题目问upright的意思；“a leaning stick”是倾斜的木棍，与要求相反。,a leaning stick no longer provides the intended comparison,2026-09-27
R715,reading,read_academic_passage,Measuring with a shadow,适中,分析结尾限定作用,assumptions,每份（1 篇，5 个小题）,300,question_bank/sources/expansion_2026_09/read_academic_passage.json,分析结尾限定作用：题目问末句作用；“not because it works under every possible condition”否定任何情况下都有效。,not because it works under every possible condition,2026-09-27
R716,reading,read_academic_passage,The polished handle,适中,概括研究问题,wear,每份（1 篇，5 个小题）,300,question_bank/sources/expansion_2026_09/read_academic_passage.json,概括研究问题：题目问中心议题；“distinguishing the effects of use from the effects of manufacture”指区分使用和制作留下的痕迹。,distinguishing the effects of use from the effects of manufacture,2026-09-27
R717,reading,read_academic_passage,The polished handle,简单,识别比较证据,polished,每份（1 篇，5 个小题）,300,question_bank/sources/expansion_2026_09/read_academic_passage.json,识别比较证据：题目问观看织工的目的；“fingers repeatedly contact the same locations”是手指反复触及相同位置。,fingers repeatedly contact the same locations,2026-09-27
R718,reading,read_academic_passage,The polished handle,适中,比较竞争性解释,finishing,每份（1 篇，5 个小题）,300,question_bank/sources/expansion_2026_09/read_academic_passage.json,比较竞争性解释：题目问未使用工具的光滑面说明什么；“deliberate finishing”是制作时有意打磨。,deliberate finishing before the tool was ever used,2026-09-27
R719,reading,read_academic_passage,The polished handle,简单,语境词义,variations,每份（1 篇，5 个小题）,300,question_bank/sources/expansion_2026_09/read_academic_passage.json,语境词义：题目问variations的意思；“Different tasks or hand sizes”给出任务和手型的差异来源。,Different tasks or hand sizes,2026-09-27
R720,reading,read_academic_passage,The polished handle,适中,理解比喻与论证边界,manufacture,每份（1 篇，5 个小题）,300,question_bank/sources/expansion_2026_09/read_academic_passage.json,理解比喻与论证边界：题目问说明书这个比喻的作用；“not as a complete instruction manual”表示磨损并非完整操作指南。,not as a complete instruction manual,2026-09-27
R721,reading,read_academic_passage,A neighborhood heard at different hours,适中,概括调查方法,timing,每份（1 篇，5 个小题）,300,question_bank/sources/expansion_2026_09/read_academic_passage.json,概括调查方法：题目问全文目的；“sources and timing”指声音来源与发生时段。,combine measurements with brief observations about sources and timing,2026-09-27
R722,reading,read_academic_passage,A neighborhood heard at different hours,适中,识别比较中的混杂因素,schedules,每份（1 篇，5 个小题）,300,question_bank/sources/expansion_2026_09/read_academic_passage.json,识别比较中的混杂因素：题目问比较为何可能误导；“as well as”说明时间安排和地点都在影响声音。,different schedules as well as different places,2026-09-27
R723,reading,read_academic_passage,A neighborhood heard at different hours,适中,限制单指标推断,mixtures,每份（1 篇，5 个小题）,300,question_bank/sources/expansion_2026_09/read_academic_passage.json,限制单指标推断：题目问音量相似能推断什么；“very different mixtures of sound”说明组成仍可大不相同。,very different mixtures of sound,2026-09-27
R724,reading,read_academic_passage,A neighborhood heard at different hours,简单,语境词义,captures,每份（1 篇，5 个小题）,300,question_bank/sources/expansion_2026_09/read_academic_passage.json,语境词义：题目问captures的意思；“a moment rather than a permanent acoustic identity”对比当下一刻与长期声音特征。,captures a moment rather than a permanent acoustic identity,2026-09-27
R725,reading,read_academic_passage,A neighborhood heard at different hours,适中,分析例证功能,steady,每份（1 篇，5 个小题）,300,question_bank/sources/expansion_2026_09/read_academic_passage.json,分析例证功能：题目问风扇与交谈的例子作用；“need not produce the same listening experience”表示未必有相同听感。,need not produce the same listening experience,2026-09-27
R726,reading,read_academic_passage,A seed carried by water,适中,概括多阶段机制,dispersal,每份（1 篇，5 个小题）,300,question_bank/sources/expansion_2026_09/read_academic_passage.json,概括多阶段机制：题目问主旨；“establishing a new plant”指真正长成并立足，而不只是到岸。,Reaching land is not the same as establishing a new plant,2026-09-27
R727,reading,read_academic_passage,A seed carried by water,简单,定位过程条件,deposited,每份（1 篇，5 个小题）,300,question_bank/sources/expansion_2026_09/read_academic_passage.json,定位过程条件：题目问种子如何落到岸上；“as water levels fall”指水位下降时。,deposited on a bank as water levels fall,2026-09-27
R728,reading,read_academic_passage,A seed carried by water,困难,选择支持性证据,germinate,每份（1 篇，5 个小题）,300,question_bank/sources/expansion_2026_09/read_academic_passage.json,选择支持性证据：题目问哪种观察支持距离不等于成功；“suitable soil”是适合生长的土壤。,one that travels only a short distance may reach suitable soil,2026-09-27
R729,reading,read_academic_passage,A seed carried by water,简单,利用定义理解词义,buoyancy,每份（1 篇，5 个小题）,300,question_bank/sources/expansion_2026_09/read_academic_passage.json,利用定义理解词义：题目问buoyancy；“remain at the surface”就是留在水面。,help them remain at the surface,2026-09-27
R730,reading,read_academic_passage,A seed carried by water,困难,指代衔接与句子插入,buoyancy,每份（1 篇，5 个小题）,300,question_bank/sources/expansion_2026_09/read_academic_passage.json,指代衔接与句子插入：题目要求插句；“small air spaces inside the outer covering”指外壳内的小空气腔。,small air spaces inside the outer covering,2026-09-27
R731,reading,read_academic_passage,How many people used the square?,适中,概括指标适用性,occupancy,每份（1 篇，5 个小题）,300,question_bank/sources/expansion_2026_09/read_academic_passage.json,概括指标适用性：题目问中心观点；“follow the planning question”表示统计方式应服务于规划问题。,The counting method should follow the planning question,2026-09-27
R732,reading,read_academic_passage,How many people used the square?,简单,区分人次与人数,distinct,每份（1 篇，5 个小题）,300,question_bank/sources/expansion_2026_09/read_academic_passage.json,区分人次与人数：题目问入场次数为何多于独立人数；“contributes two entries”指一个人也可能贡献两次入场。,contributes two entries,2026-09-27
R733,reading,read_academic_passage,How many people used the square?,适中,选择合适证据,congested,每份（1 篇，5 个小题）,300,question_bank/sources/expansion_2026_09/read_academic_passage.json,选择合适证据：题目问研究入口拥堵用哪个量；“crossings during busy periods”是忙时穿越入口的次数。,number of crossings during busy periods,2026-09-27
R734,reading,read_academic_passage,How many people used the square?,简单,语境词义,interchangeable,每份（1 篇，5 个小题）,300,question_bank/sources/expansion_2026_09/read_academic_passage.json,语境词义：题目问interchangeable；“different aspects of use”说明这些总数表示不同方面。,These totals describe different aspects of use,2026-09-27
R735,reading,read_academic_passage,How many people used the square?,适中,识别结论限定,definition,每份（1 篇，5 个小题）,300,question_bank/sources/expansion_2026_09/read_academic_passage.json,识别结论限定：题目问末句的作用；“A precise number can still mislead”表示数字精确仍可能误导。,A precise number can still mislead,2026-09-27
R736,reading,read_academic_passage,What a repaired coat can tell us,适中,概括证据与限制,garment,每份（1 篇，5 个小题）,300,question_bank/sources/expansion_2026_09/read_academic_passage.json,概括证据与限制：题目问写作目的；“as informative as the original design”表示修补也能提供和原设计同样有价值的线索。,the repair may be as informative as the original design,2026-09-27
R737,reading,read_academic_passage,What a repaired coat can tell us,简单,从叠压推断顺序,seam,每份（1 篇，5 个小题）,300,question_bank/sources/expansion_2026_09/read_academic_passage.json,从叠压推断顺序：题目问盖在接缝上的补丁能确认什么；“already have existed”表示补丁加上时缝已存在。,must already have existed when that patch was added,2026-09-27
R738,reading,read_academic_passage,What a repaired coat can tell us,适中,识别替代解释,scraps,每份（1 篇，5 个小题）,300,question_bank/sources/expansion_2026_09/read_academic_passage.json,识别替代解释：题目问贵补丁为何不足以推财富；“valuable scraps were reused”指高价布料可能只是旧碎料再用。,valuable scraps were reused,2026-09-27
R739,reading,read_academic_passage,What a repaired coat can tell us,简单,语境词义,discarding,每份（1 篇，5 个小题）,300,question_bank/sources/expansion_2026_09/read_academic_passage.json,语境词义：题目问discarding的意思；“instead of”将改造继续用与另一动作对立。,adapted an object instead of discarding it,2026-09-27
R740,reading,read_academic_passage,What a repaired coat can tell us,适中,辨识作者谨慎立场,maintenance,每份（1 篇，5 个小题）,300,question_bank/sources/expansion_2026_09/read_academic_passage.json,辨识作者谨慎立场：题目问生动故事的说法起什么作用；“not to assign”是在提醒不要硬给每处破损套故事。,not to assign a dramatic story to every tear,2026-09-27
R741,reading,read_academic_passage,Why a paved path needs joints,适中,概括工程设计逻辑,joints,每份（1 篇，5 个小题）,300,question_bank/sources/expansion_2026_09/read_academic_passage.json,概括工程设计逻辑：题目问主旨；“rather than”把提高可靠性与设计失败区分开。,contribute to reliability rather than represent a failure of design,2026-09-27
R742,reading,read_academic_passage,Why a paved path needs joints,适中,定位因果机制,constrained,每份（1 篇，5 个小题）,300,question_bank/sources/expansion_2026_09/read_academic_passage.json,定位因果机制：题目问大板变形受限的结果；“stress can build”表示应力会积累。,stress can build within a large continuous slab,2026-09-27
R743,reading,read_academic_passage,Why a paved path needs joints,适中,从设计原则推断检查步骤,unexpected,每份（1 篇，5 个小题）,300,question_bank/sources/expansion_2026_09/read_academic_passage.json,从设计原则推断检查步骤：题目问发现陌生裂缝应如何处理；“very different conditions”提示计划接缝与意外裂缝性质可能不同。,A planned joint and an unexpected crack may indicate very different conditions,2026-09-27
R744,reading,read_academic_passage,Why a paved path needs joints,适中,语境词义,accommodate,每份（1 篇，5 个小题）,300,question_bank/sources/expansion_2026_09/read_academic_passage.json,语境词义：题目问accommodate；“movement”指材料变形，而非住客入住。,accommodate movement or guide where cracking occurs,2026-09-27
R745,reading,read_academic_passage,Why a paved path needs joints,适中,分析段落功能,principle,每份（1 篇，5 个小题）,300,question_bank/sources/expansion_2026_09/read_academic_passage.json,分析段落功能：题目问段落关系；“a broader design principle”表示从具体铺装推广到较一般的设计原则。,a broader design principle,2026-09-27
R746,reading,read_academic_passage,Writing down a melody,适中,概括多源记录价值,notation,每份（1 篇，5 个小题）,300,question_bank/sources/expansion_2026_09/read_academic_passage.json,概括多源记录价值：题目问核心观点；“complement one another”指互相补充。,complement one another,2026-09-27
R747,reading,read_academic_passage,Writing down a melody,适中,识别单一样本偏差,variation,每份（1 篇，5 个小题）,300,question_bank/sources/expansion_2026_09/read_academic_passage.json,识别单一样本偏差：题目问单一版本为何可能误导；“the alternative is an error”指把另一唱法当错。,create the impression that the alternative is an error,2026-09-27
R748,reading,read_academic_passage,Writing down a melody,适中,推断情境影响,lullaby,每份（1 篇，5 个小题）,300,question_bank/sources/expansion_2026_09/read_academic_passage.json,推断情境影响：题目问摇篮曲例子能推出什么；“the same melody”强调旋律相同而呈现情境不同。,may differ from the same melody demonstrated to an interviewer,2026-09-27
R749,reading,read_academic_passage,Writing down a melody,简单,利用对比理解词义,stable,每份（1 篇，5 个小题）,300,question_bank/sources/expansion_2026_09/read_academic_passage.json,利用对比理解词义：题目问stable；原文把它与“open to variation”即允许变化相对照。,which features remain stable and which are open to variation,2026-09-27
R750,reading,read_academic_passage,Writing down a melody,适中,代词指代与篇章衔接,contextual,每份（1 篇，5 个小题）,300,question_bank/sources/expansion_2026_09/read_academic_passage.json,末句指回乐谱、录音和情境笔记这三种记录形式；需把每一种与其余形式对应。,"the written score, the recording, and contextual notes",2026-09-27
R751,reading,read_academic_passage,The living surface between desert plants,适中,概括机制与保护意义,crust,每份（1 篇，5 个小题）,300,question_bank/sources/expansion_2026_09/read_academic_passage.json,主旨须同时包括生物结皮的固土作用与踩踏影响。,These threads help bind particles together,2026-09-27
R752,reading,read_academic_passage,The living surface between desert plants,简单,识别生物结构的功能,particles,每份（1 篇，5 个小题）,300,question_bank/sources/expansion_2026_09/read_academic_passage.json,答案来自细丝连接土粒的明确机制，无需外部生物学知识。,Some cyanobacteria grow in fine threads that extend between soil grains.,2026-09-27
R753,reading,read_academic_passage,The living surface between desert plants,适中,区分外观证据与生态恢复,recovering,每份（1 篇，5 个小题）,300,question_bank/sources/expansion_2026_09/read_academic_passage.json,外表平滑不足以证明结皮中的生物群落已经恢复。,Different members can return at different rates,2026-09-27
R754,reading,read_academic_passage,The living surface between desert plants,适中,理解语境中的程度词,severity,每份（1 篇，5 个小题）,300,question_bank/sources/expansion_2026_09/read_academic_passage.json,在恢复条件语境中区分损伤程度与其他事件属性。,the severity of disturbance,2026-09-27
R755,reading,read_academic_passage,The living surface between desert plants,困难,句子插入与因果衔接,loosened,每份（1 篇，5 个小题）,300,question_bank/sources/expansion_2026_09/read_academic_passage.json,只有C紧接连接被踩断这一原因，能解释土粒为何松动。,A boot pressing through it can tear the connections between grains.,2026-09-27
R756,reading,read_academic_passage,When seawater chemistry changes,困难,概括化学机制与结论边界,carbonate,每份（1 篇，5 个小题）,300,question_bank/sources/expansion_2026_09/read_academic_passage.json,主旨兼顾碳酸根供应变化及生物反应的差异。,different species and life stages do not necessarily respond in identical ways,2026-09-27
R757,reading,read_academic_passage,When seawater chemistry changes,适中,追踪因果过程,hydrogen,每份（1 篇，5 个小题）,300,question_bank/sources/expansion_2026_09/read_academic_passage.json,识别氢离子是直接参与减少可用碳酸根的反应者。,Some of these ions react with carbonate,2026-09-27
R758,reading,read_academic_passage,When seawater chemistry changes,困难,理解定义澄清的论证功能,alkaline,每份（1 篇，5 个小题）,300,question_bank/sources/expansion_2026_09/read_academic_passage.json,区分酸化过程和最终是否处于酸性范围。,the change in that direction is still called acidification,2026-09-27
R759,reading,read_academic_passage,When seawater chemistry changes,适中,根据主语与搭配判断词义,maintains,每份（1 篇，5 个小题）,300,question_bank/sources/expansion_2026_09/read_academic_passage.json,由生物在特定条件下仍持续生长确定词义。,one species maintains shell growth,2026-09-27
R760,reading,read_academic_passage,When seawater chemistry changes,困难,识别研究结论的适用范围,particular,每份（1 篇，5 个小题）,300,question_bank/sources/expansion_2026_09/read_academic_passage.json,单个物种的实验不能直接代表其他物种或条件。,does not settle the question for every marine organism,2026-09-27
R761,reading,read_academic_passage,A fossil without its original shell,适中,概括形成过程与证据限制,cast,每份（1 篇，5 个小题）,300,question_bank/sources/expansion_2026_09/read_academic_passage.json,主旨必须区分原壳材料与后来记录壳形的矿物填充。,its material entered after the shell disappeared,2026-09-27
R762,reading,read_academic_passage,A fossil without its original shell,简单,识别形成顺序,cavity,每份（1 篇，5 个小题）,300,question_bank/sources/expansion_2026_09/read_academic_passage.json,铸型是填入外模空腔的物质，不是原壳本身。,"If minerals later fill that cavity, the solid filling forms a cast.",2026-09-27
R763,reading,read_academic_passage,A fossil without its original shell,困难,代词指代与空间关系,external,每份（1 篇，5 个小题）,300,question_bank/sources/expansion_2026_09/read_academic_passage.json,代词回指空腔而非已溶失的壳，需区分空腔内壁与壳外表面。,the cavity is called an external mold,2026-09-27
R764,reading,read_academic_passage,A fossil without its original shell,适中,理解类比的解释作用,impression,每份（1 篇，5 个小题）,300,question_bank/sources/expansion_2026_09/read_academic_passage.json,类比用于形象区分负形凹痕和正形填充，不宣称材料相同。,The hollow impression and a solid copy made by filling it are related,2026-09-27
R765,reading,read_academic_passage,A fossil without its original shell,适中,按保存机制限定推断,ridges,每份（1 篇，5 个小题）,300,question_bank/sources/expansion_2026_09/read_academic_passage.json,形貌证据不能自动扩展成色彩、原材料或软体证据。,may retain the ridges on a shell without revealing its color,2026-09-27
R766,reading,read_academic_passage,Keeping an acorn store in working order,适中,概括行为系统,granary,每份（1 篇，5 个小题）,300,question_bank/sources/expansion_2026_09/read_academic_passage.json,全文强调食物储藏包含持续调整与守护。,"Successful storage involves matching food to spaces, revisiting earlier decisions",2026-09-27
R767,reading,read_academic_passage,Keeping an acorn store in working order,简单,识别行为的直接原因,shrink,每份（1 篇，5 个小题）,300,question_bank/sources/expansion_2026_09/read_academic_passage.json,因干燥缩小而重新选孔，不能倒置尺寸变化方向。,"As they dry, they shrink.",2026-09-27
R768,reading,read_academic_passage,Keeping an acorn store in working order,适中,从资源用途作有限推断,accumulated,每份（1 篇，5 个小题）,300,question_bank/sources/expansion_2026_09/read_academic_passage.json,空孔的未来用途直接否定闲置即无价值的推断。,Empty holes can be useful later,2026-09-27
R769,reading,read_academic_passage,Keeping an acorn store in working order,适中,利用反义关系判断词义,securely,每份（1 篇，5 个小题）,300,question_bank/sources/expansion_2026_09/read_academic_passage.json,tight与loose的对照将securely限定为牢固。,An acorn that originally fitted securely may gradually become loose.,2026-09-27
R770,reading,read_academic_passage,Keeping an acorn store in working order,困难,句子插入与概括衔接,refitting,每份（1 篇，5 个小题）,300,question_bank/sources/expansion_2026_09/read_academic_passage.json,D前完整出现重复调整，D后转向劳动投入，形成双向衔接。,may adjust its position again as drying continues,2026-09-27
R771,reading,read_academic_passage,Giving tree rings calendar dates,适中,概括研究方法,crossdating,每份（1 篇，5 个小题）,300,question_bank/sources/expansion_2026_09/read_academic_passage.json,介绍交叉定年如何校验单一样本计数及扩展年代。,matching patterns across wood samples,2026-09-27
R772,reading,read_academic_passage,Giving tree rings calendar dates,适中,解释模式匹配的依据,distinctive,每份（1 篇，5 个小题）,300,question_bank/sources/expansion_2026_09/read_academic_passage.json,连续宽窄变化的组合比单个窄轮更适合跨样本定位。,One narrow ring alone is not a distinctive signal,2026-09-27
R773,reading,read_academic_passage,Giving tree rings calendar dates,困难,理解时间序列的衔接,overlap,每份（1 篇，5 个小题）,300,question_bank/sources/expansion_2026_09/read_academic_passage.json,通过共有年代连接活树较早记录与死树较晚记录。,Its older rings may overlap with the later rings of a dead tree.,2026-09-27
R774,reading,read_academic_passage,Giving tree rings calendar dates,适中,结合搭配理解动词,assign,每份（1 篇，5 个小题）,300,question_bank/sources/expansion_2026_09/read_academic_passage.json,assign在此表示给年轮配置日期，attach是选项中最接近的含义。,assign the wrong dates,2026-09-27
R775,reading,read_academic_passage,Giving tree rings calendar dates,困难,理解研究中的异常处理,disagreements,每份（1 篇，5 个小题）,300,question_bank/sources/expansion_2026_09/read_academic_passage.json,分歧应触发原因调查，而非删改记录或否定全部方法。,Local injury or differences in growing conditions may affect an individual tree.,2026-09-27
R776,reading,read_academic_passage,The quiet street in an early photograph,适中,概括记录技术的影响,exposure,每份（1 篇，5 个小题）,300,question_bank/sources/expansion_2026_09/read_academic_passage.json,主旨是曝光方式影响可见内容，而非判定所有照片失真或无价值。,the way the picture was made can help explain the apparent emptiness,2026-09-27
R777,reading,read_academic_passage,The quiet street in an early photograph,简单,理解现象形成机制,pedestrians,每份（1 篇，5 个小题）,300,question_bank/sources/expansion_2026_09/read_academic_passage.json,静止与移动的时间差异解释记录清晰度。,A building remained in one position throughout that exposure,2026-09-27
R778,reading,read_academic_passage,The quiet street in an early photograph,适中,根据运动差异推断成像,paused,每份（1 篇，5 个小题）,300,question_bank/sources/expansion_2026_09/read_academic_passage.json,推断须保留可能性，不从单一可见人物推出全部街道活动。,Someone who paused for much of the exposure could be recorded more distinctly,2026-09-27
R779,reading,read_academic_passage,The quiet street in an early photograph,适中,判断多义词在技术语境中的含义,register,每份（1 篇，5 个小题）,300,question_bank/sources/expansion_2026_09/read_academic_passage.json,摄影语境将register限定为形成可记录影像。,which features were likely to register,2026-09-27
R780,reading,read_academic_passage,The quiet street in an early photograph,适中,理解让步与论证范围,stationary,每份（1 篇，5 个小题）,300,question_bank/sources/expansion_2026_09/read_academic_passage.json,列举保留价值使结论停留在对运动记录的具体警示。,"Its buildings, street layout, and stationary objects can remain valuable evidence.",2026-09-27
R781,reading,read_academic_passage,Why evaporation can cool a surface,适中,概括物理机制及影响条件,evaporates,每份（1 篇，5 个小题）,300,question_bank/sources/expansion_2026_09/read_academic_passage.json,主旨须覆盖蒸发带走能量以及环境条件对冷却效果的影响。,Those leaving carry energy away,2026-09-27
R782,reading,read_academic_passage,Why evaporation can cool a surface,适中,理解能量转移的因果关系,energy,每份（1 篇，5 个小题）,300,question_bank/sources/expansion_2026_09/read_academic_passage.json,从逃逸分子带走能量推出剩余液体可能降温，并保留可能性。,which can lower the average energy of the liquid that remains,2026-09-27
R783,reading,read_academic_passage,Why evaporation can cool a surface,适中,理解例子与过程对比,bubbles,每份（1 篇，5 个小题）,300,question_bank/sources/expansion_2026_09/read_academic_passage.json,湿衣干燥用于区分表面蒸发与液体内部形成气泡的沸腾。,visible bubbles are not required for water to leave a wet shirt,2026-09-27
R784,reading,read_academic_passage,Why evaporation can cool a surface,困难,依据能量平衡作推断,replace,每份（1 篇，5 个小题）,300,question_bank/sources/expansion_2026_09/read_academic_passage.json,相同补热速率可抵消蒸发带走的能量，蒸发存在不保证温度下降。,How cool the fabric becomes also depends on how quickly heat arrives from its surroundings,2026-09-27
R785,reading,read_academic_passage,Why evaporation can cool a surface,困难,句子插入与过程衔接,Drier,每份（1 篇，5 个小题）,300,question_bank/sources/expansion_2026_09/read_academic_passage.json,A同时承接湿气被移走并为后文湿度限制提供对比。,A fan moves this moist layer away.,2026-09-27
R786,reading,read_academic_passage,The cost of choosing a free activity,适中,概括经济概念,forgone,每份（1 篇，5 个小题）,300,question_bank/sources/expansion_2026_09/read_academic_passage.json,机会成本依据最佳被放弃方案，而非费用或全部未选活动总和。,the value of the best forgone alternative,2026-09-27
R787,reading,read_academic_passage,The cost of choosing a free activity,适中,将定义应用于具体排序,volunteer,每份（1 篇，5 个小题）,300,question_bank/sources/expansion_2026_09/read_academic_passage.json,题干情境明确偏好顺序，需区分已选收益与最佳未选收益。,Her opportunity cost is the value of the study time she gives up.,2026-09-27
R788,reading,read_academic_passage,The cost of choosing a free activity,困难,解释限制条件的论证作用,combined,每份（1 篇，5 个小题）,300,question_bank/sources/expansion_2026_09/read_academic_passage.json,互斥的时间约束说明为何不应累计全部放弃选项。,she could not have spent the same afternoon doing both,2026-09-27
R789,reading,read_academic_passage,The cost of choosing a free activity,适中,根据比较标准判断词义,rank,每份（1 篇，5 个小题）,300,question_bank/sources/expansion_2026_09/read_academic_passage.json,rank表示给活动按偏好排序，非付钱或同时安排。,Another student could rank the same activities differently.,2026-09-27
R790,reading,read_academic_passage,The cost of choosing a free activity,困难,根据条件变化调整推断,circumstances,每份（1 篇，5 个小题）,300,question_bank/sources/expansion_2026_09/read_academic_passage.json,需保留可能性，情境改变影响的是最佳替代及其价值。,The relevant alternative can change with circumstances.,2026-09-27
R791,reading,read_academic_passage,When Mars seems to move backward,困难,概括相对运动机制,retrograde,每份（1 篇，5 个小题）,300,question_bank/sources/expansion_2026_09/read_academic_passage.json,主旨是观察位置变化造成表观逆行，不是火星实际反转。,the changing line of sight can make Mars seem to move backward,2026-09-27
R792,reading,read_academic_passage,When Mars seems to move backward,适中,识别周期与相对位置的关系,circuit,每份（1 篇，5 个小题）,300,question_bank/sources/expansion_2026_09/read_academic_passage.json,直接依据较短公转周期解释赶超，避免引入不存在的停转。,completes a circuit sooner than Mars,2026-09-27
R793,reading,read_academic_passage,When Mars seems to move backward,困难,区分相似现象的机制与尺度,rotation,每份（1 篇，5 个小题）,300,question_bank/sources/expansion_2026_09/read_academic_passage.json,对比段落强调成因与观察跨度的差异。,This pattern must also be distinguished from the daily rising and setting,2026-09-27
R794,reading,read_academic_passage,When Mars seems to move backward,适中,结合时间顺序理解词义,resuming,每份（1 篇，5 个小题）,300,question_bank/sources/expansion_2026_09/read_academic_passage.json,语境要求返回原先方向，而非改变速度或可见性。,before resuming its earlier course,2026-09-27
R795,reading,read_academic_passage,When Mars seems to move backward,困难,句子插入与让步衔接,nevertheless,每份（1 篇，5 个小题）,300,question_bank/sources/expansion_2026_09/read_academic_passage.json,B前后构成表观看似后退、实际继续前进、总结两者差异的完整链。,the slower runner can appear to fall behind during overtaking,2026-09-27
L01,listening,listen_choose_response,Choose the best response to the speaker.,适中,语用与隐含意图,revised lab schedule,每份（8 题，8 个小题）,160,question_bank/sources/receptive_items.py,需要同义改写、复合句理解或联系相邻信息，不能只匹配一个关键词。 对方请求发送 revised lab schedule，回复中的 “Sure” 表示答应，“as soon as the coordinator confirms it” 说明发送时间。寄过 earlier schedule 不等于会寄修订版，实验报告也不是所求文件。,读懂：“revised lab schedule”是修改后的实验安排；对方问能否今天下午发给他，要选能回应这项请求的话。 解析：“Sure”表示同意，后面说协调人确认后马上发，既接下请求又说明条件。上周发过旧安排不等于会发新版；协调人要实验报告、明天实验后改报告，都把所需文件从安排表换成了报告。,2026-09-27
L02,listening,listen_choose_response,Choose the best response to the speaker.,适中,语用与隐含意图,seminar room,每份（8 题，8 个小题）,160,question_bank/sources/receptive_items.py,"需要同义改写、复合句理解或联系相邻信息，不能只匹配一个关键词。 “third floor, isn't it?” 是在确认地点，“moved to the second floor” 则纠正了楼层。three hours 和 Three people 只是重复数字，讲座开始时间也没有回答地点问题。",读懂：“third floor”是三楼；句末“isn't it?”相当于“对吧？”。对方在核实研讨室的楼层，要选确认或纠正地点的回复。 解析：“Actually”引出纠正：地点已搬到二楼，直接回答了楼层问题。讲座持续三小时是在说时长，三个人订房是在说人数，明天开始是在说日期；它们都没告诉对方该去几楼。,2026-09-27
L03,listening,listen_choose_response,Choose the best response to the speaker.,适中,语用与隐含意图,shift,每份（8 题，8 个小题）,160,question_bank/sources/receptive_items.py,需要同义改写、复合句理解或联系相邻信息，不能只匹配一个关键词。 “but I have a shift at six” 暗示六点上班与学习小组时间冲突，“meet earlier” 提供了可行调整。人数、考试感受和图书馆地点都没有解决这个时间冲突。,读懂：“join the study group”是参加学习小组，“a shift at six”是六点要上班。对方想参加却有时间冲突，需要能回应这个困难的话。 解析：提议“meet earlier”，即早点见面，可以让他在上班前参加，因此最贴切。上周有六个人只重复了数字；考试考得不错是另一件事；说在图书馆学习只给地点，没有调整时间。,2026-09-27
L04,listening,listen_choose_response,Choose the best response to the speaker.,简单,交际功能与直接回应,out of paper,每份（8 题，8 个小题）,160,question_bank/sources/receptive_items.py,主要依靠明确线索、常见表达或单一关系；适合作为基础练习。 “out of paper” 指缺纸，去查 “supply cupboard” 是寻找补充用纸的办法。empty cartridge 指墨盒而不是纸，改成彩色打印也不能解决缺纸。,读懂：“out of paper”是纸用完了，“supply cupboard”是存放用品的柜子。对方在说打印机缺纸，要选有助于解决缺纸的回复。 解析：去用品柜看看，是寻找可补充的纸。换空墨盒解决的是没墨，不是没纸；改成彩色打印仍需要纸；讲座后取论文把“paper”理解成要领取的文章，也没回应打印机当前的问题。,2026-09-27
L05,listening,listen_choose_response,Choose the best response to the speaker.,简单,交际功能与直接回应,review,每份（8 题，8 个小题）,160,question_bank/sources/receptive_items.py,主要依靠明确线索、常见表达或单一关系；适合作为基础练习。 问题让对方在 “now or after lunch” 之间选时间，“After lunch would work better” 明确选择午饭后。说昨天复习过没有直接作出选择，午饭价格和已发表的 review 则偏离了时间安排。,读懂：“Would you rather”是在问“你更愿意哪一种”；“now or after lunch”让人选现在还是午饭后复习。 解析：“After lunch would work better for me.”表示午饭后更合适，明确选了一个时间。昨天复习过只说明过去的事，没有回答这次何时合适；午餐价格答非所问；已发表的评论文章把“review”理解成了另一种事物。,2026-09-27
L06,listening,listen_choose_response,Choose the best response to the speaker.,适中,语用与隐含意图,office hours,每份（8 题，8 个小题）,160,question_bank/sources/receptive_items.py,需要同义改写、复合句理解或联系相邻信息，不能只匹配一个关键词。 对方想确认 “office hours were canceled” 是否属实，“check the professor's message” 提出查证途径。周五讲课内容、取消表格和会议室预约都不是在核实教授的答疑时间。,读懂：“office hours”在这里是教授接待学生答疑的时段，不是办公室营业时间；“were canceled”是被取消了。对方想核实周五是否还答疑。 解析：说去查教授的消息，提供了确认取消与否的途径，能回应问题。周五讲什么不是答疑安排；办公室要取消表格和取消会议室预约，都换成了别的取消事项。,2026-09-27
L07,listening,listen_choose_response,Choose the best response to the speaker.,适中,语用与隐含意图,locate,每份（8 题，8 个小题）,160,question_bank/sources/receptive_items.py,需要同义改写、复合句理解或联系相邻信息，不能只匹配一个关键词。 “can't locate the article” 且已有 title，说明需要换一种检索方式；“searching by the author's name” 正好提供新线索。发表、提交文章或在展示中引用标题，都不能解决找不到文章的问题。,读懂：“locate the article”是找到那篇文章，“even though”是虽然、尽管。对方已有标题却仍找不到文章，需要搜索方面的帮助。 解析：问是否试过按作者姓名查找，提供了不同于标题的新检索线索。发表文章前要有标题、周五前提交文章、把标题放进展示，都没有帮助找到这篇已有的文章。,2026-09-27
L08,listening,listen_choose_response,Choose the best response to the speaker.,适中,语用与隐含意图,citations,每份（8 题，8 个小题）,160,question_bank/sources/receptive_items.py,需要同义改写、复合句理解或联系相邻信息，不能只匹配一个关键词。 “Would you mind checking these citations” 是请人检查引用，“Not at all” 表示不介意，也就是同意；“Send me the draft” 给出下一步。只谈自己已交报告、引用位置或实验过程，都没有接下检查任务。,读懂：“citations”是报告里的引用信息；“Would you mind”是在客气地问“你介意帮忙吗？”。对方想请人提交前检查引用。 解析：“Not at all”是不介意，即愿意帮忙；接着让对方发草稿，说明确实接下了检查任务。说自己的报告已交、引用该放哪里或可以解释实验，都没有答应检查这份报告。,2026-09-27
L09,listening,listen_choose_response,Choose the best response to the speaker.,适中,语用与隐含意图,go ahead,每份（8 题，8 个小题）,160,question_bank/sources/receptive_items.py,需要同义改写、复合句理解或联系相邻信息，不能只匹配一个关键词。 “will go ahead after all” 表示考察最终仍会进行，因此 “pack my waterproof jacket” 是着手准备。取消或尚未决定都与这条消息相反，“already taken place” 又把将来行程误当成已发生。,读懂：“go ahead after all”是原本有疑虑，但最终还是会进行；“field trip”是实地考察。对方带来行程将继续的消息。 解析：说要收拾防水外套，是接受消息并准备出行。说应该取消与继续进行相反；说仍未决定没有接住这个新进展；说考察已经结束又把将来要去的事误当成过去。,2026-09-27
L10,listening,listen_choose_response,Choose the best response to the speaker.,简单,交际功能与直接回应,notebook,每份（8 题，8 个小题）,160,question_bank/sources/receptive_items.py,主要依靠明确线索、常见表达或单一关系；适合作为基础练习。 “left my notebook in the seminar room” 是担心笔记本遗落，“check before the room is locked” 提议趁还能进门时去找。讲座结束时间、记笔记的用途和作业截止日都没有回应寻物需求。,读懂：“left my notebook”在这里是把笔记本落下了，不是把笔记写完了。对方怀疑它在研讨室，需要找回东西。 解析：提议趁房间还没锁去检查，既回应失物也给出能立即做的事。讲座五点结束没有提出寻找办法；提醒记笔记需要本子只是常识；笔记作业下周五到期则是另一项任务。,2026-09-27
L11,listening,listen_choose_response,Choose the best response to the speaker.,适中,语用与隐含意图,rejecting,每份（8 题，8 个小题）,160,question_bank/sources/receptive_items.py,需要同义改写、复合句理解或联系相邻信息，不能只匹配一个关键词。 表单 “rejecting my student number” 提示输入可能有误，问是否包含 “letters at the beginning” 是检查学号格式，并非断定原因。公布学号、拒绝申请和统计人数都没有排查这次输入问题。,读懂：“keeps rejecting my student number”是表单一直不接受输入的学号；“letters at the beginning”是开头的字母。对方需要排查填写问题。 解析：问是否把开头字母输进去，是检查学号是否完整，并不武断认定这就是原因。仪式上公布学号、审核后拒绝申请都换了事件；询问来了多少学生，又把学号错当成学生人数。,2026-09-27
L12,listening,listen_choose_response,Choose the best response to the speaker.,适中,语用与隐含意图,spare calculator,每份（8 题，8 个小题）,160,question_bank/sources/receptive_items.py,需要同义改写、复合句理解或联系相邻信息，不能只匹配一个关键词。 “a spare calculator” 配合委婉问法，实际是在探询能否借用；“you can borrow this one” 直接满足需求。计算结果正确不代表有计算器可借，借书证和空房间也无关。,"读懂：“spare calculator”是多余可用的计算器；整句委婉地问“你有没有一个能借我的？”，不是在核对计算答案。 解析：“Yes, you can borrow this one.”明确表示有，而且可以借，正好满足需求。计算结果正确没有回答是否有计算器；学生证可以借书换了物品；有空房间则把“spare”用到了无关的对象上。",2026-09-27
L13,listening,listen_choose_response,Choose the best response to the speaker.,适中,语用与隐含意图,five-thirty,每份（8 题，8 个小题）,160,question_bank/sources/receptive_items.py,需要同义改写、复合句理解或联系相邻信息，不能只匹配一个关键词。 “doors open at five-thirty” 早于六点开讲，因此 “arrive a little early to get seats” 利用了提前入场的时间。半小时是开门与开讲的间隔，不是演讲时长，six 也不是演讲人数。,读懂：“doors open at five-thirty”是五点半开放入场；“doesn't start until six”是直到六点才开讲。要选利用这段时间安排的合理回复。 解析：提议早些到场找座位，符合可以提前入场的消息。五点半到六点的半小时是等待时间，并非演讲持续时间；说自己没开教室门不回应安排；六点是时刻，不是六名演讲者。,2026-09-27
L14,listening,listen_choose_response,Choose the best response to the speaker.,适中,语用与隐含意图,over to you,每份（8 题，8 个小题）,160,question_bank/sources/receptive_items.py,需要同义改写、复合句理解或联系相邻信息，不能只匹配一个关键词。 “finished entering the data” 说明录入已完成，“over to you” 是把下一步交给对方，所以开始 analysis 合理。重新录入或继续等候忽略了完成状态，而录入完成也不等于分析已经完成。,读懂：“entering the data”是录入数据；“it's over to you”是“下面交给你了”。对方已完成自己的步骤，要选接手后续工作的回复。 解析：说现在开始分析，承接已录好的数据，符合交接。再录一次是重复前一步；继续等录入结束忽略了“finished”；认为分析也已完成，则把录入与分析混成了同一步。,2026-09-27
L15,listening,listen_choose_response,Choose the best response to the speaker.,简单,交际功能与直接回应,by video,每份（8 题，8 个小题）,160,question_bank/sources/receptive_items.py,主要依靠明确线索、常见表达或单一关系；适合作为基础练习。 “by video instead of in the office” 要改的是会面方式，“That works” 加 “send you a link” 表示同意并安排视频连接。改到办公室外仍是线下见面，谈以前看过的视频也没有接受新安排。,读懂：“by video”是通过视频通话见面，“instead of”是改用前一种来代替后一种。对方提议不去办公室，改开视频会议。 解析：“That works”表示这样可以，接着说发链接，是接受并落实视频会面。办公室外见仍是线下；昨天看过视频是在回顾过去；视频展示旧办公室是在说影片内容，都没有回应新的会面方式。,2026-09-27
L16,listening,listen_choose_response,Choose the best response to the speaker.,适中,语用与隐含意图,if I were you,每份（8 题，8 个小题）,160,question_bank/sources/receptive_items.py,需要同义改写、复合句理解或联系相邻信息，不能只匹配一个关键词。 “if I were you” 是建议，把样本放在 “out of direct sunlight” 的地方；“move it into the cupboard” 接受建议并采取避光行动。采集时间、上周阳光和以前的样本都没有回应当前的保存建议。,读懂：“if I were you”是“如果我是你，我会……”，用来提建议；“out of direct sunlight”是避免阳光直射。对方建议换个地方存放样本。 解析：说把样本移进柜子，接受了避光建议并给出行动。昨天采集的时间、上周阳光更强、以前用过别的样本，都没有处理眼下样本会被直晒的问题。,2026-09-27
L17,listening,listen_choose_response,Choose the best response to the speaker.,适中,语用与隐含意图,footbridge,每份（8 题，8 个小题）,160,question_bank/sources/receptive_items.py,需要同义改写、复合句理解或联系相邻信息，不能只匹配一个关键词。 “the footbridge isn't on it” 是地图可能过时的证据，因此应 “check the current route online” 核实现在的路线。桥的材质、步行感受和地图大小都不能弥补路线信息缺失。,读懂：“footbridge”是步行桥；“older than we thought”是比原以为的更旧。地图没标出桥，说明路线信息可能过时，要选有助于核实的回复。 解析：到网上查当前路线，能补查旧图可能漏掉的信息。桥是木制的只谈材质，散步愉快只谈感受，地图能放进口袋只谈大小，都无法确认现在该怎么走。,2026-09-27
L18,listening,listen_conversation,An internship application,适中,细节定位,electronically / external,每份（2 组，4 个小题）,200,question_bank/sources/receptive_items.py,区分上传文件和主管另行确认的流程。 需要同义改写、复合句理解或联系相邻信息，不能只匹配一个关键词。,读懂：incomplete 是手续未齐，不一定是文件错误。校外实习要 supervisor（主管）通过 a separate link（另一条链接）确认日期，纸质签名不能替代这一步。 解析：校外实习还要求 supervisor 通过 “a separate link” 确认日期，所以已上传签字扫描件仍可能显示 incomplete。顾问明确说 “the documents look fine”，排除了漏扫签名和文件格式错误，也没有否决实习。,2026-09-27
L19,listening,listen_conversation,An internship application,适中,推断与条件整合,electronically / external,每份（2 组，4 个小题）,200,question_bank/sources/receptive_items.py,区分上传文件和主管另行确认的流程。 需要同义改写、复合句理解或联系相邻信息，不能只匹配一个关键词。,"读懂：inbox 是收件箱，junk folder 是垃圾邮件夹。学生说要立刻联系主管，是请她找出确认邮件并回应，不是自己重新提交文件。 解析：顾问让主管查 “inbox, including the junk folder”，学生随即说 “I'll contact her now”，因此下一步是请主管找到邮件并完成确认。顾问已否定重新上传，换主管或亲自去办公室也不是这项安排。",2026-09-27
L20,listening,listen_conversation,A workshop location,简单,细节定位,network / loan,每份（2 组，4 个小题）,200,question_bank/sources/receptive_items.py,区分正式开课时间与提前检查设备的时间。 主要依靠明确线索、常见表达或单一关系；适合作为基础练习。,读懂：network is being upgraded 是网络正在升级，说明原电脑教室暂不能按计划使用，因此换到另一个房间。 解析：搬到 Room 214 后紧接着解释 “The lab's network is being upgraded”，直接给出了换教室的原因。讲义会印好，但不是搬迁原因；人数增加和主题变更也未提到。,2026-09-27
L21,listening,listen_conversation,A workshop location,适中,细节定位,network / loan,每份（2 组，4 个小题）,200,question_bank/sources/receptive_items.py,区分正式开课时间与提前检查设备的时间。 需要同义改写、复合句理解或联系相邻信息，不能只匹配一个关键词。,读懂：loan machines 是借给学生用的电脑，check your account 是检查账户。学生需三点四十五分到场准备，但活动仍四点开始。 解析：协调员先答应预留 “loan machines”，再要求提前到场 “check your account”，所以三点四十五分是为借用电脑和账户检查留时间。“Four is still correct” 排除了开课提前，讲义也无需学生现场打印。,2026-09-27
L22,listening,listen_conversation,Choosing a source,适中,语用与隐含意图,technical / references,每份（2 组，4 个小题）,200,question_bank/sources/receptive_items.py,推荐材料需要同时适合入门程度和解释深度。 需要同义改写、复合句理解或联系相邻信息，不能只匹配一个关键词。,读懂：advanced chemistry 是高等化学，原书要求这种基础；指南有 diagrams（图示）和 case study（案例），能把项目所需的河流过程讲得更易懂。 解析：原书需要 “advanced chemistry” 基础，而推荐的指南用 “diagrams and a case study” 讲河流改道，既切合项目又让学生觉得 “manageable”。推荐理由不是内容更高深、只有这本能借，也不是让它替代作业要求。,2026-09-27
L23,listening,listen_conversation,Choosing a source,适中,细节定位,technical / references,每份（2 组，4 个小题）,200,question_bank/sources/receptive_items.py,推荐材料需要同时适合入门程度和解释深度。 需要同义改写、复合句理解或联系相邻信息，不能只匹配一个关键词。,读懂：references 在书籍语境里是参考文献，不是一般的“提及”。馆员建议先读指南，不够详细时再查它引用的其他资料。 解析：“use its references if you need more detail” 明确要求沿指南的参考文献继续查资料。不是换成化学项目、只抄图示，也不用等到修读高级课程。,2026-09-27
L24,listening,listen_conversation,A club decision,适中,细节定位,narrowed / proposal,每份（2 组，4 个小题）,200,question_bank/sources/receptive_items.py,先读修订提案、再投票、最后邀请嘉宾。 需要同义改写、复合句理解或联系相邻信息，不能只匹配一个关键词。,读懂：original list 是最初的清单；changed quite a bit 是改动不少。早上看过旧方案，不等于了解讨论之后的新方案。 解析：“one proposal changed quite a bit” 说明其中一案在讨论中已有较大修改，早上看过 “original list” 也需重读。不是两个主题都被撤下；延期投票和嘉宾已定主题都没有依据。,2026-09-27
L25,listening,listen_conversation,A club decision,适中,信息顺序,narrowed / proposal,每份（2 组，4 个小题）,200,question_bank/sources/receptive_items.py,先读修订提案、再投票、最后邀请嘉宾。 需要同义改写、复合句理解或联系相邻信息，不能只匹配一个关键词。,读懂：only then 是“只有那之后才”。先投票并宣布主题，再邀请该主题的 speakers（嘉宾），不是立刻举行下个月的辩论。 解析：“announce the result tomorrow and only then invite speakers” 明确规定先确定主题，再邀请相关嘉宾。不是再开会重复讨论或立即辩论，辩论原定在下个月。,2026-09-27
L26,listening,listen_conversation,A project meeting,适中,细节定位,workstation / guarantee,每份（2 组，4 个小题）,200,question_bank/sources/receptive_items.py,区分进入空间、预订桌子与保证电脑使用权。 需要同义改写、复合句理解或联系相邻信息，不能只匹配一个关键词。,读懂：work until eight 是工作到八点；hold everyone up 是耽误大家，不是举起别人。学生担心周三工作班次会与伙伴提出的会面冲突。 解析：伙伴建议 “Wednesday evening”，学生却 “work until eight”，所以最初担心的是工作班次与会面冲突，拖慢大家进度。模型已逾期、伙伴拒用工作室和取消答疑时间都未出现。,2026-09-27
L27,listening,listen_conversation,A project meeting,适中,语用与隐含意图,workstation / guarantee,每份（2 组，4 个小题）,200,question_bank/sources/receptive_items.py,区分进入空间、预订桌子与保证电脑使用权。 需要同义改写、复合句理解或联系相邻信息，不能只匹配一个关键词。,读懂：entry 是入场资格，workstation 是电脑工作位。doesn't guarantee 表示“不保证”：能进工作室或订到桌子，都不等于已经预订到电脑。 解析：“Entry to the studio doesn't guarantee access to a computer” 强调能入场不等于有电脑，项目所需的 workstation 必须另行预订。会议桌不会附送电脑，也没有要求买新笔记本或说周四工作室关闭。,2026-09-27
L28,listening,listen_announcement,Building access,简单,主旨与目的,elevator / route,每份（1 组，2 个小题）,90,question_bank/sources/receptive_items.py,临时故障与替代通道直接给出。 主要依靠明确线索、常见表达或单一关系；适合作为基础练习。,读懂：out of service 是暂停使用，remain available 是仍可使用。只有北电梯中午到两点维修，通知说明这段时间怎样从阅览室绕到南电梯。 解析：北侧电梯暂时 “out of service”，南侧则 “remain available”，通知重点是维修期间如何改道通行。只有部分设施暂不可用，并非整个图书馆关闭，也不是新借阅规则或招聘通知。,2026-09-27
L29,listening,listen_announcement,Building access,简单,细节定位,elevator / route,每份（1 组，2 个小题）,90,question_bank/sources/receptive_items.py,临时故障与替代通道直接给出。 主要依靠明确线索、常见表达或单一关系；适合作为基础练习。,读懂：help carrying materials 是帮忙搬运资料；information desk 是咨询台。通知已明确指定需要搬运帮助的人去哪里求助。 解析：需要 “help carrying materials” 的人被明确要求 “ask at the information desk”，所以应去咨询台求助。技术人员负责维修，等待北侧电梯或把材料留在室外都不是通知给出的做法。,2026-09-27
L30,listening,listen_announcement,Farmers' market,适中,细节定位,refrigerated / voucher,每份（1 组，2 个小题）,90,question_bank/sources/receptive_items.py,原因与优惠的两个资格条件需区别。 需要同义改写、复合句理解或联系相邻信息，不能只匹配一个关键词。,读懂：electricity 是电力，refrigerated products 是需冷藏的商品。新地点能让更多商贩接电，这才是搬迁集市的原因。 解析：“more vendors access to electricity for refrigerated products” 把搬迁原因直接连到冷藏商品的供电需求。九点开市并未改变，自行车停车位置只是配套信息，不是迁址原因。,2026-09-27
L31,listening,listen_announcement,Farmers' market,适中,推断与条件整合,refrigerated / voucher,每份（1 组，2 个小题）,90,question_bank/sources/receptive_items.py,原因与优惠的两个资格条件需区别。 需要同义改写、复合句理解或联系相邻信息，不能只匹配一个关键词。,读懂：reusable bags 是可重复使用的袋子；bringing one 的 one 指袋子。领券要同时满足“带袋子”和“属于前五十位带袋顾客”。 解析：“the first fifty customers bringing one” 中 one 指前句的 reusable bags，所以领券对象是带环保袋的顾客中的前五十位。卖冷藏品、骑车或九点前到场本身都不构成领券资格。,2026-09-27
L32,listening,listen_announcement,Research presentations,适中,语用与隐含意图,minor / technician,每份（1 组，2 个小题）,90,question_bank/sources/receptive_items.py,允许修改不等于不需提交最终文件，需遵守通知程序。 需要同义改写、复合句理解或联系相邻信息，不能只匹配一个关键词。,读懂：slides 是幻灯片，test the files 是测试文件。周四先交，是为了在报告厅电脑上检查能否正常使用；之后仍可做小改动。 解析：周四中午先交幻灯片，是为了让工作人员当天下午 “test the files on the lecture hall computer”。“minor corrections afterward” 表明之后仍可小改，不是禁止一切修改，也没有售票预览或转印海报的安排。,2026-09-27
L33,listening,listen_announcement,Research presentations,适中,推断与条件整合,minor / technician,每份（1 组，2 个小题）,90,question_bank/sources/receptive_items.py,允许修改不等于不需提交最终文件，需遵守通知程序。 需要同义改写、复合句理解或联系相邻信息，不能只匹配一个关键词。,读懂：final version 是最终版本，technician 是技术人员。上传后若做小改动，要用 USB 盘带来最终文件，并在自己的报告开始前告诉技术人员。 解析：修改后必须同时做到 “bring the final version on a USB drive” 和 “tell the technician before your session”，即带最终文件并提前告知技术员。无需退出、改交海报，也不是让观众自行用设备查看。,2026-09-27
L34,listening,listen_announcement,A volunteering orientation,简单,细节定位,orientation / swim,每份（1 组，2 个小题）,90,question_bank/sources/receptive_items.py,区分今天的培训和下周活动，例子用于说明不同人的合适岗位。 主要依靠明确线索、常见表达或单一关系；适合作为基础练习。,读懂：orientation 是活动前的说明与准备，不是户外活动本身。今天讲设备使用并分组，真正清理河道在 next weekend（下周末）。 解析：今天是 orientation，内容是 “explain equipment use” 和 “divide volunteers into small teams”，即听说明并分组。清理活动在 “next weekend”，今天还不清理河岸，也不要求泳测或领取工作服。,2026-09-27
L35,listening,listen_announcement,A volunteering orientation,适中,篇章作用与结构,orientation / swim,每份（1 组，2 个小题）,90,question_bank/sources/receptive_items.py,区分今天的培训和下周活动，例子用于说明不同人的合适岗位。 需要同义改写、复合句理解或联系相邻信息，不能只匹配一个关键词。,"读懂：cannot swim 是不会游泳；record collected materials 是登记收集到的物品。提这个岗位，是说明不靠近水的工作也能让不会游泳者参与。 解析：说完 “If you cannot swim, you can still participate” 后举出 “record collected materials”，并说明这些队伍 “well away from the water”，是在提供不会游泳者可承担的岗位。不是把清理改为课堂项目，也没有说减少志愿者或人人要用电脑。",2026-09-27
L36,listening,listen_academic_talk,Ecological succession,适中,主旨与目的,succession / disturbances,每份（1 组，4 个小题）,180,question_bank/sources/receptive_items.py,把演替阶段与特定环境联系，楼梯比喻是要反驳的简化模型。 需要同义改写、复合句理解或联系相邻信息，不能只匹配一个关键词。,读懂：succession 指生态演替，即一个地方的植物群落逐步变化。先长什么、后来长什么会受水分、种子和干扰影响，不是每块地完全相同。 解析：讲座先把植物群落逐步变化称为 “succession”，再用 “the route depends on conditions” 说明路径和速度会随环境改变，主旨需涵盖这两层。农耕阻止一切传播、森林免受所有干扰都过于绝对，树木最先出现也与先有速生植物相反。,2026-09-27
L37,listening,listen_academic_talk,Ecological succession,简单,细节定位,succession / disturbances,每份（1 组，4 个小题）,180,question_bank/sources/receptive_items.py,把演替阶段与特定环境联系，楼梯比喻是要反驳的简化模型。 主要依靠明确线索、常见表达或单一关系；适合作为基础练习。,读懂：organic material 是有机物，hold the soil in place 是把土壤固定住。早期植物分解可补充土壤物质，根系又可固土，为后来的植物创造条件。 解析：先期植物分解后 “add organic material to the soil”，根又能 “hold the soil in place”，从而改善后续灌木和树木的生长条件。这不是消除降雨需求或阻止动物传种，更不会让所有地点按相同方式发展。,2026-09-27
L38,listening,listen_academic_talk,Ecological succession,适中,篇章作用与结构,succession / disturbances,每份（1 组，4 个小题）,180,question_bank/sources/receptive_items.py,把演替阶段与特定环境联系，楼梯比喻是要反驳的简化模型。 需要同义改写、复合句理解或联系相邻信息，不能只匹配一个关键词。,读懂：fixed staircase 是固定的阶梯，比喻每块地都按完全一样的台阶发展。后面的 In reality（实际情况却是）转而说明环境不同，路径也不同。 解析：“fixed staircase” 比喻每块地都经过 “exactly the same stages” 的想法，随后 “In reality” 转而强调环境差异，说明这是待纠正的简化模型。它不是种树高度、根深测量或建筑比较的字面说明。,2026-09-27
L39,listening,listen_academic_talk,Ecological succession,困难,推断与条件整合,succession / disturbances,每份（1 组，4 个小题）,180,question_bank/sources/receptive_items.py,把演替阶段与特定环境联系，楼梯比喻是要反驳的简化模型。 需要处理抽象关系、限制条件、隐含态度或更复杂句法，并排除同主题的近似解释。,读懂：become established 在植物语境里是扎根并稳定生长。修复时仅种下期望的物种不够，还要有水分、土壤等使它存活的条件。 解析：结尾说 “simply planting the species” 可能无效，还要考虑使其 “become established” 的条件，因此修复项目应关注目标物种能否立足。总是先种成树、清除所有地下根系或忽略近期干扰，都不是文中的建议。,2026-09-27
L40,listening,listen_academic_talk,Retrieval and familiarity,适中,主旨与目的,retrieval / recognition,每份（1 组，4 个小题）,180,question_bank/sources/receptive_items.py,识别与提取的差别、错误反馈和演讲结构相联系。 需要同义改写、复合句理解或联系相邻信息，不能只匹配一个关键词。,读懂：recognition 是看见提示后认出，retrieval 是较少提示下自行回忆。看书觉得 familiarity（熟悉）不代表合上书还能独立解释。 解析：“familiarity” 不等于能 “explain the ideas without the book”：recognition 借助眼前提示认出信息，retrieval 则靠较少线索自行回忆。区分点不是读写速度、学科类别或独学与上课。,2026-09-27
L41,listening,listen_academic_talk,Retrieval and familiarity,适中,语用与隐含意图,retrieval / recognition,每份（1 组，4 个小题）,180,question_bank/sources/receptive_items.py,识别与提取的差别、错误反馈和演讲结构相联系。 需要同义改写、复合句理解或联系相邻信息，不能只匹配一个关键词。,读懂：close the book 是合上书，a gap 是知识或理解的缺口。没有眼前文字提示时，才可能发现自己记得开头结尾，却说不出中间的联系。 解析：“close the book and explain its steps” 会暴露阅读时未察觉的 “a gap”，例如记得首尾却讲不清中间联系。合书是检验独立回忆，不是禁止笔记、避免不可靠来源或单纯缩短学习时间。,2026-09-27
L42,listening,listen_academic_talk,Retrieval and familiarity,适中,篇章作用与结构,retrieval / recognition,每份（1 组，4 个小题）,180,question_bank/sources/receptive_items.py,识别与提取的差别、错误反馈和演讲结构相联系。 需要同义改写、复合句理解或联系相邻信息，不能只匹配一个关键词。,读懂：qualification 在本题是对说法增加限制或补充，不是学历。讲者要求用 reliable source（可靠资料）检查回忆，并把错误纠正，不能一直重复错答案。 解析：讲者强调反复给出错误答案 “is not the goal”，要求 “Check your explanation against a reliable source and correct it”，所以回忆练习必须核对并纠错。科学过程只是例子，方法并不限于科学，也不主张用测试取代全部阅读。,2026-09-27
L43,listening,listen_academic_talk,Retrieval and familiarity,适中,篇章作用与结构,retrieval / recognition,每份（1 组，4 个小题）,180,question_bank/sources/receptive_items.py,识别与提取的差别、错误反馈和演讲结构相联系。 需要同义改写、复合句理解或联系相邻信息，不能只匹配一个关键词。,读懂：distinguish 是区分，For example 是举例，The practical lesson 是实际学习启示。这些词对应开头辨析两种记忆、随后举例、最后给建议。 解析：先 “distinguish recognizing information from retrieving it” 界定区别，再以 “For example” 引出合书解释，最后用 “The practical lesson” 总结学习做法。全文是概念区分、实例、实践建议，并非历史预测、记忆障碍清单或实验结果争论。,2026-09-27
L44,listening,listen_academic_talk,The value of an unused option,适中,语境词义,option value / revenue,每份（1 组，4 个小题）,180,question_bank/sources/receptive_items.py,当前使用量之外的未来可用性是抽象概念，需考虑调查夸大与费用限制。 需要同义改写、复合句理解或联系相邻信息，不能只匹配一个关键词。,读懂：option value 是保留备用选择的价值。公交即使平时少坐，未来需要时仍能使用，这种可用性本身就可能有好处。 解析：“the value of keeping a possibility available” 强调保留未来可用的选择，即使 “people rarely use it” 仍有价值。它不是票价、修车费用，也不等于扩建所有线路的利润。,2026-09-27
L45,listening,listen_academic_talk,The value of an unused option,适中,篇章作用与结构,option value / revenue,每份（1 组，4 个小题）,180,question_bank/sources/receptive_items.py,当前使用量之外的未来可用性是抽象概念，需考虑调查夸大与费用限制。 需要同义改写、复合句理解或联系相邻信息，不能只匹配一个关键词。,读懂：the car needs repairs 是汽车需要维修。平时开车的居民此时能改坐公交，说明不常使用的备用交通在特定情境下仍有价值。 解析：平时开车的人在 “the car needs repairs” 时可用公交，例子说明平常闲置的替代方案也能在需要时派上用场。它没有比较公交与汽车的维修成本，也不证明养车总不划算或票价应等于修车费。,2026-09-27
L46,listening,listen_academic_talk,The value of an unused option,困难,语用与隐含意图,option value / revenue,每份（1 组，4 个小题）,180,question_bank/sources/receptive_items.py,当前使用量之外的未来可用性是抽象概念，需考虑调查夸大与费用限制。 需要处理抽象关系、限制条件、隐含态度或更复杂句法，并排除同主题的近似解释。,读懂：willingness to pay 是愿意支付多少钱；no actual payment is required 是无需实际掏钱。调查中的口头金额可能高于真的要付款时愿付的金额。 解析：“a higher willingness to pay when no actual payment is required” 提醒：不用真付款时，居民可能把愿付金额说得偏高。这里质疑的是口头意愿与实际付费的差距，并非调查必然低估运营成本、不能问司机或比票务记录更准确。,2026-09-27
L47,listening,listen_academic_talk,The value of an unused option,困难,推断与条件整合,option value / revenue,每份（1 组，4 个小题）,180,question_bank/sources/receptive_items.py,当前使用量之外的未来可用性是抽象概念，需考虑调查夸大与费用限制。 需要处理抽象关系、限制条件、隐含态度或更复杂句法，并排除同主题的近似解释。,读懂：at any cost 是不惜任何代价；alternatives 是替代安排。承认公交的备用价值，不等于所有线路都无条件保留，还要比较费用和其他服务方式。 解析：保留备用交通有价值，但 “not mean every route should be retained at any cost” 随即限定了结论，应把备用便利与 “expenses and with alternatives” 一起比较。仅凭低票收就全关、无条件全留，或只信一次调查，都忽略了这项权衡。,2026-09-27
L48,listening,listen_choose_response,Choose the best response to the speaker.,简单,交际功能与直接回应,hands are full,每份（8 题，8 个小题）,160,question_bank/sources/expanded_listening.py,主要依靠明确线索、常见表达或单一关系；适合作为基础练习。 “hold the door”是在请求扶住门，“My hands are full”说明对方腾不出手，因此答应帮忙并让其先过最合适；说明门的位置、锁门时间或交表情况都没有回应请求。,读懂：“hold the door”是帮忙扶住门，“My hands are full”指双手拿满东西、腾不出手；不是在介绍哪一扇门。 解析：对方请求帮忙，答应并说“go ahead”（你先过）才接住话意。左边的门、六点后锁门都只谈门；已交表格虽有手的相关词，也未提供帮助。,2026-09-27
L49,listening,listen_choose_response,Choose the best response to the speaker.,简单,交际功能与直接回应,serving lunch,每份（8 题，8 个小题）,160,question_bank/sources/expanded_listening.py,主要依靠明确线索、常见表达或单一关系；适合作为基础练习。 “still serving lunch”问现在是否还供应午餐，告知供餐到两点可帮助判断；菜单变化、昨天的地点和招呼顾客都不回答当前供餐时间。,读懂：“whether”表示是否，“still serving lunch”是现在是否还供应午餐；对方关心此刻能不能吃到，而不是午餐内容。 解析：回答供应到两点，提供了判断是否赶得上的截止时间。菜单每周变化没回答还供不供餐；昨天的地点不是今天的情况，让人服务顾客则换成了另一件事。,2026-09-27
L50,listening,listen_choose_response,Choose the best response to the speaker.,简单,交际功能与直接回应,can't make,每份（8 题，8 个小题）,160,question_bank/sources/expanded_listening.py,主要依靠明确线索、常见表达或单一关系；适合作为基础练习。 “can't make the meeting at nine”表示九点无法参会，提议改到十点是在协调时间；确认九点开会与原意相反，人数和议程份数也不是问题。,读懂：“can't make the meeting”是无法参加会议，不是不会安排会议；“at nine”把冲突锁定在九点这个时间。 解析：建议改到十点，并问是否方便，直接处理九点来不了的问题。仍定九点忽略了否定；九个座位和九份议程只是重复数字，均未解决时间冲突。,2026-09-27
L51,listening,listen_choose_response,Choose the best response to the speaker.,适中,语用与隐含意图,turning the music down,每份（8 题，8 个小题）,160,question_bank/sources/expanded_listening.py,需要同义改写、复合句理解或联系相邻信息，不能只匹配一个关键词。 “turning the music down”指调低音量，因此答应降低音量正确；不是把音乐课移到楼下，也不是缩短歌曲。,读懂：“Would you mind”用来客气地请人做事，“turning the music down”是调小音量，不是把音乐搬到楼下。 解析：答应降低音量回应了请求。音乐会在楼下、把课挪到低一层，都把“down”误作空间方向；歌曲更短说的是时长，不能解决声音太大的问题。,2026-09-27
L52,listening,listen_choose_response,Choose the best response to the speaker.,简单,交际功能与直接回应,hand in,每份（8 题，8 个小题）,160,question_bank/sources/expanded_listening.py,主要依靠明确线索、常见表达或单一关系；适合作为基础练习。 “Where do I hand in”问申请的提交渠道，指明通过学生门户上传即可解决；截止日期、处理时长和签名要求回答的是别的问题。,读懂：“Where do I hand in”问在哪里提交，“application”是申请材料；“Upload”指上传，“student portal”是学生办事网站。 解析：通过学生平台上传，给出了具体提交渠道，正好回答问题。下周前是期限，两周是处理时长，签名和日期是材料要求；这些信息再有用也不是提交地点或渠道。,2026-09-27
L53,listening,listen_choose_response,Choose the best response to the speaker.,简单,交际功能与直接回应,copier,每份（8 题，8 个小题）,160,question_bank/sources/expanded_listening.py,主要依靠明确线索、常见表达或单一关系；适合作为基础练习。 每页都有“dark stripe”，但“the original is clean”，说明应检查复印环节，玻璃脏是合理的可能原因；缺纸、原稿自带条纹或完全不出纸都与描述不符。,读懂：“dark stripe”是黑色条纹，“even though the original is clean”表示虽然原件干净，复印出的每页仍有黑线。 解析：原件没问题，复印机玻璃可能需要清洁，是针对现象的合理排查，并非已确定故障。缺纸或完全不出纸与每页都有条纹不符；说原件自带条纹直接违背让步句。,2026-09-27
L54,listening,listen_choose_response,Choose the best response to the speaker.,适中,语用与隐含意图,Hall B,每份（8 题，8 个小题）,160,question_bank/sources/expanded_listening.py,需要同义改写、复合句理解或联系相邻信息，不能只匹配一个关键词。 “I thought”透露说话者仍以为讲座在 Hall B，说明今早改到 Hall C 才能纠正地点；场地大小、去年的地点和讲座主题无法澄清此次安排。,读懂：“I thought”在这里是我原以为，暗示原来的认识可能不对；“was moved”说明地点已经被改动。 解析：今天早上改到另一礼堂，解释了为何原先记的地点不对。原礼堂容量更大、去年在那里上过课，都不能确认今天地点；讲座将谈两个礼堂的历史也没处理眼前的疑惑。,2026-09-27
L55,listening,listen_choose_response,Choose the best response to the speaker.,简单,交际功能与直接回应,presentation,每份（8 题，8 个小题）,160,question_bank/sources/expanded_listening.py,主要依靠明确线索、常见表达或单一关系；适合作为基础练习。 “How did your presentation go”问已经完成的演讲效果，回答比预期好才对应结果；明天开始、提交期限或房间位置均答非所问。,读懂：“How did your presentation go”问演讲进行得怎么样；过去式“did”表明事情已发生，“Better than I expected”指比预想好。 解析：评价实际表现才回答了问题。明早开始把已结束的事说成未发生；提醒按时提交是在提要求，走廊尽头的演讲室是在报地点，都未评价这次表现。,2026-09-27
L56,listening,listen_choose_response,Choose the best response to the speaker.,简单,交际功能与直接回应,borrow your notes,每份（8 题，8 个小题）,160,question_bank/sources/expanded_listening.py,主要依靠明确线索、常见表达或单一关系；适合作为基础练习。 “borrow your notes from yesterday”是索要昨天的笔记，答应发送副本可满足需求；过去借过笔记、授课章节或借期都不表示愿意分享。,读懂：“borrow your notes from yesterday”是想借你昨天的笔记；关键是请求获取笔记，不是在问昨天讲了什么。 解析：答应发送副本，既满足借阅目的，也不必交出原件。上周借过谁的笔记是在回顾旧事；第六章是上课内容；借期明天结束则没有说明能否提供这份笔记。,2026-09-27
L57,listening,listen_choose_response,Choose the best response to the speaker.,简单,交际功能与直接回应,seat taken,每份（8 题，8 个小题）,160,question_bank/sources/expanded_listening.py,主要依靠明确线索、常见表达或单一关系；适合作为基础练习。 “Is this seat taken”问座位是否有人占用，说明可以坐下直接回应；演出日期、公交和下次座位偏好均无关。,读懂：“Is this seat taken”问这个座位是否有人占用；“feel free to sit here”就是你可以坐这里，不是询问表演时间。 解析：回答没有人占座并邀请坐下，完整回应了能否入座。下场表演在周五、演出后坐公交均偏离座位状态；下次更想坐前排也没有说明眼前这个位置能不能坐。,2026-09-27
L58,listening,listen_choose_response,Choose the best response to the speaker.,适中,语用与隐含意图,avoid traffic,每份（8 题，8 个小题）,160,question_bank/sources/expanded_listening.py,需要同义改写、复合句理解或联系相邻信息，不能只匹配一个关键词。 “leave a bit earlier to avoid traffic”是在提议提前出发，赞同并约定七点见能落实计划；等到高峰期违背目的，交通报道和遗留外套也无助于安排。,读懂：“a bit earlier”是稍微早一点，“to avoid traffic”说明这样做是为避开堵车；这是出发安排的建议。 解析：赞同并约定七点集合，把提前出发落到具体行动。等到高峰期与避堵目的相反；交通报道有趣只是评论，七个人忘了外套则把时间线索变成人数。,2026-09-27
L59,listening,listen_choose_response,Choose the best response to the speaker.,适中,语用与隐含意图,confirmation email,每份（8 题，8 个小题）,160,question_bank/sources/expanded_listening.py,需要同义改写、复合句理解或联系相邻信息，不能只匹配一个关键词。 “haven't received”说明确认邮件还未找到，建议检查垃圾邮件夹可帮助排查；不能据此认定预订已确认，也不能要求先回复尚未收到的邮件。,读懂：“haven't received”是还没收到，“confirmation email”指确认邮件；“spam folder”是垃圾邮件文件夹。 解析：建议查垃圾箱，是针对邮件没出现的排查办法，并未断言预订已确认。说我收到你发的邮件弄反收件关系；要求先回信确认日期，则忽略了对方还没收到邮件。,2026-09-27
L60,listening,listen_choose_response,Choose the best response to the speaker.,简单,交际功能与直接回应,indoors,每份（8 题，8 个小题）,160,question_bank/sources/expanded_listening.py,主要依靠明确线索、常见表达或单一关系；适合作为基础练习。 “Would you rather”要求在室内外之间表达偏好，选择天气干燥时在室外正面回应；工程进度、入口位置和成本计算都没有给出偏好。,读懂：“Would you rather”是在问更愿意选哪一个，“indoors or outside”给出室内和室外两种选择；“stays dry”指不下雨。 解析：选择室外，并加上天气保持干燥的条件，仍是清楚的偏好回答。户外工作已完成说进度；室内入口在另一侧说位置；计算材料成本则把工作话题换成了算账。,2026-09-27
L61,listening,listen_choose_response,Choose the best response to the speaker.,简单,交际功能与直接回应,familiar,每份（8 题，8 个小题）,160,question_bank/sources/expanded_listening.py,主要依靠明确线索、常见表达或单一关系；适合作为基础练习。 “Were you in my chemistry class”是在核实过去是否同班，提到共同做过第一次实验提供了相识证据；未来选课或一般课程信息不能确认这段经历。,读懂：“You look familiar”是觉得你眼熟，“Were you in my chemistry class”问过去是否同班；不是打听实验室开放安排。 解析：确认曾一起做第一次实验，提供了可认出对方的共同经历。周五实验室早关门和定期交报告都不涉及身份；明年打算选课属于未来，不能证明过去同班。,2026-09-27
L62,listening,listen_choose_response,Choose the best response to the speaker.,困难,语用与隐含意图,pushed,每份（8 题，8 个小题）,160,question_bank/sources/expanded_listening.py,需要处理抽象关系、限制条件、隐含态度或更复杂句法，并排除同主题的近似解释。 “pushed the deadline back to Friday”指延后截止日，但“wouldn't leave the revisions until then”仍劝尽早修改；庆幸多了修改时间合理，提前截止、等到周五才改或任务取消均误读原意。,读懂：“pushed the deadline back”是把截止日延后，不是提前；“though I wouldn't leave the revisions until then”又提醒别拖到那时才改。 解析：松一口气、利用多出的时间修改草稿，兼顾延期和提醒。说期限提前方向反了；说周五前没必要改忽略转折；取消修改任务更是把延时误成取消。,2026-09-27
L63,listening,listen_choose_response,Choose the best response to the speaker.,简单,交际功能与直接回应,scanner,每份（8 题，8 个小题）,160,question_bank/sources/expanded_listening.py,主要依靠明确线索、常见表达或单一关系；适合作为基础练习。 “show me how this scanner works”请求演示用法，指示把文件正面朝下放置就是操作指导；期限、扫描清晰度和购买地点不是使用步骤。,读懂：“show me how this scanner works”是请你示范扫描仪怎么用；“face down”指文件有字的一面朝下。 解析：答应并示范文件如何摆放，正是操作指导。周五交扫描文件说期限，扫描模糊说结果，某店卖替换设备说购买地点；它们都没教眼前这台机器怎么操作。,2026-09-27
L64,listening,listen_choose_response,Choose the best response to the speaker.,简单,交际功能与直接回应,late,每份（8 题，8 个小题）,160,question_bank/sources/expanded_listening.py,主要依靠明确线索、常见表达或单一关系；适合作为基础练习。 “may be a few minutes late”表示可能迟到，表示理解并留位与此相符；期待对方最先到场、谈滞纳金或提前离会都误解了情境。,读懂：“may be a few minutes late”是可能晚到几分钟，不是已经早退；“save you a place”是帮你留个位置。 解析：表示没问题并留位，承接了迟到通知。指望对方第一个到与晚到相反；已付迟交费混淆了迟到和罚款；推断已提前离场则弄错了到达与离开的方向。,2026-09-27
L65,listening,listen_choose_response,Choose the best response to the speaker.,简单,交际功能与直接回应,towels,每份（8 题，8 个小题）,160,question_bank/sources/expanded_listening.py,主要依靠明确线索、常见表达或单一关系；适合作为基础练习。 “bring our own towels”问是否要自带毛巾，说明泳池提供即可回答；会员卡、归还时间和课程时长都没有解决是否自带的问题。,读懂：“Do we need to bring our own towels”问是否必须自带毛巾；“the pool provides them”是游泳馆会提供毛巾。 解析：不用自带，因为场馆提供，直接回答了毛巾由谁准备。要求带会员卡换了物品；说明归还时间并未回答是否自带；课程四十五分钟则只谈时长。,2026-09-27
L66,listening,listen_choose_response,Choose the best response to the speaker.,适中,语用与隐含意图,office hours,每份（8 题，8 个小题）,160,question_bank/sources/expanded_listening.py,需要同义改写、复合句理解或联系相邻信息，不能只匹配一个关键词。 “office hours today”是在问教授今天的答疑安排，指向门外公布的时间表提供了核实途径；明天授课、办公室大小和课堂主题不能确认今天是否接待。,读懂：“I wonder if”是想知道是否，“office hours”在大学语境指老师接待学生答疑的时间，不是办公室大小或课程时长。 解析：门外贴有时间表，给出了查明今天是否接待的途径，虽未直接答是或否，仍切合需求。明天讲作业、办公室能坐几人、今天上课内容，都无法确认今天的答疑安排。,2026-09-27
L67,listening,listen_choose_response,Choose the best response to the speaker.,适中,语用与隐含意图,graph,每份（8 题，8 个小题）,160,question_bank/sources/expanded_listening.py,需要同义改写、复合句理解或联系相邻信息，不能只匹配一个关键词。 “graph doesn't seem to match the table”指图表数据不一致，核对是否用了同一数据源能排查原因；不能直接断言数字相同，也不是在谈桌子或画框颜色。,读懂：“doesn't seem to match”是看起来对不上；这里的“table”指数据表，不是家具桌子，比较的是图和表中的信息。 解析：核对两者是否使用相同数据，针对不一致的现象排查。展台在楼上把表误作桌子；断言数字完全相同忽视了疑点；搭配图框与墙面颜色则只管外观。,2026-09-27
L68,listening,listen_choose_response,Choose the best response to the speaker.,适中,语用与隐含意图,give me a hand,每份（8 题，8 个小题）,160,question_bank/sources/expanded_listening.py,需要同义改写、复合句理解或联系相邻信息，不能只匹配一个关键词。 “give me a hand”在搬箱子情境中是请人帮忙，询问先搬哪些箱子即承接请求；到货时间、交表和箱内数量不构成帮助的回应。,读懂：“give me a hand”是帮我一把，不是字面递一只手；“with these boxes”把需要的帮助限定为搬这些箱子。 解析：答应并问先搬哪几箱，既接受请求又推进搬运。箱子何时到、每箱装多少文件夹只提供背景；提交送货单虽然也用了“hand”，却变成了另一项工作。,2026-09-27
L69,listening,listen_choose_response,Choose the best response to the speaker.,简单,交际功能与直接回应,free for lunch,每份（8 题，8 个小题）,160,question_bank/sources/expanded_listening.py,主要依靠明确线索、常见表达或单一关系；适合作为基础练习。 “free for lunch tomorrow”中的“free”指明天是否有空，说明十二点下课后可以吃饭才相关；不是询问餐费、桌面空间或已经结束的休息。,读懂：“Are you free for lunch tomorrow”是问明天有没有空一起吃午饭；这里“free”是有空，不是免费或腾出空间。 解析：说明十二点下课后有空，直接提供可约的时间。休息一小时前结束属于过去；明天午餐价格与是否有空无关；桌上腾出空间则误解了“free”的意思。,2026-09-27
L70,listening,listen_choose_response,Choose the best response to the speaker.,简单,交际功能与直接回应,deleted,每份（8 题，8 个小题）,160,question_bank/sources/expanded_listening.py,主要依靠明确线索、常见表达或单一关系；适合作为基础练习。 “accidentally deleted”表示误删文件，建议从备份恢复有助于补救；误删不等于已安全保存，再删备份反而会减少恢复机会，文件柜也无关。,读懂：“accidentally deleted”是误删，“restore it from the backup”是从备份中恢复；文件不见了是需要补救的问题。 解析：建议尝试用备份恢复，直接回应误删后的困境，也没有保证一定成功。原件已安全保存是把删除当保存；再删备份会破坏补救机会；误送文件柜则把电脑文件换成家具。,2026-09-27
L71,listening,listen_choose_response,Choose the best response to the speaker.,简单,交际功能与直接回应,interview,每份（8 题，8 个小题）,160,question_bank/sources/expanded_listening.py,主要依靠明确线索、常见表达或单一关系；适合作为基础练习。 “What time should I arrive”问到场时间，建议预约前十分钟到达正面回应；面试时长、结果公布时间和房间位置都不是到场时间。,读懂：“What time should I arrive”问应何时到达，“appointment”是约定的面试时间；提前十分钟是相对到达时间。 解析：建议比预约时间早十分钟，正好回答何时到。面试持续三十分钟说时长，下周出结果说另一事件的时间，接待处旁边说地点；都没有给出到达安排。,2026-09-27
L72,listening,listen_choose_response,Choose the best response to the speaker.,适中,语用与隐含意图,fully booked,每份（8 题，8 个小题）,160,question_bank/sources/expanded_listening.py,需要同义改写、复合句理解或联系相邻信息，不能只匹配一个关键词。 “fully booked”说明名额已满，询问候补名单仍可能争取空出的名额；不能推断无需预约或无人报名，也不是读完了活动手册。,读懂：“fully booked”是名额已经订满，不是书读完了；“waiting list”是有空位时依次递补的候补名单。 解析：建议申请候补，回应了活动已满但仍想参加的处境。无需预订把满额误作可随便加入；无人报名与满额相反；读完小册子则只是词形联想。,2026-09-27
L73,listening,listen_choose_response,Choose the best response to the speaker.,困难,语用与隐含意图,out of the question,每份（8 题，8 个小题）,160,question_bank/sources/expanded_listening.py,需要处理抽象关系、限制条件、隐含态度或更复杂句法，并排除同主题的近似解释。 “out of the question”是在问续借是否不可能，而“if nobody else needs the book”提出条件；先查是否有人预约能判断可否续借，不能直接说已经续借，更不是放弃借阅或必须买书。,读懂：“extending my loan”是延长借书期限，“out of the question”是完全不可能；整句委婉询问无人需要时能否续借。 解析：先查是否有人预约，正好核实续借条件。学生没说不想借；询问能否延期不等于已延期；必须买下书更是凭空加条件。,2026-09-27
L74,listening,listen_choose_response,Choose the best response to the speaker.,简单,交际功能与直接回应,muted,每份（8 题，8 个小题）,160,question_bank/sources/expanded_listening.py,主要依靠明确线索、常见表达或单一关系；适合作为基础练习。 “muted”表示麦克风处于静音状态，答谢提醒并开启声音可解决问题；继续关声音与目的相反，保存录音和预约信息也无关。,读懂：“muted”表示麦克风被静音，对方听不到声音；“turn it on”是把它打开，与继续关闭相反。 解析：道谢并解除静音，直接处理对方指出的问题。把声音关掉会维持问题；录音已保存只谈文件状态；预约表上申请过麦克风只谈准备情况，都未恢复当前声音。,2026-09-27
L75,listening,listen_choose_response,Choose the best response to the speaker.,简单,交际功能与直接回应,split the cost,每份（8 题，8 个小题）,160,question_bank/sources/expanded_listening.py,主要依靠明确线索、常见表达或单一关系；适合作为基础练习。 “split the cost equally”是在征求是否同意均摊费用，表示这样公平就是认可方案；涨价、提前购票优惠和人员分组没有回答如何分摊。,读懂：“split the cost equally”指大家平均分摊费用；“fair”在这里是公平，不是讨论总价有没有变化。 解析：认为这样公平，表明接受均摊提议。涨价与提前买票便宜只谈费用高低；把人分三队则把分摊费用偷换成分组，没有回应分账规则。,2026-09-27
L76,listening,listen_choose_response,Choose the best response to the speaker.,适中,语用与隐含意图,instruction,每份（8 题，8 个小题）,160,question_bank/sources/expanded_listening.py,需要同义改写、复合句理解或联系相邻信息，不能只匹配一个关键词。 “not sure I understood”说明对最后一条指示仍有疑问，请教师澄清能解决理解问题；不能据此说已经明白，教师调动和纸张材料也不相关。,读懂：“I'm not sure I understood”是没把握自己听懂了；“the last instruction”指最后一条指示，“clarify”是讲清楚。 解析：请老师解释，能解决理解不确定的问题。说已知道下一步忽略了犹豫；上一位老师调走，把最后一条指示换成人；纸张是再生纸则不涉及含义。,2026-09-27
L77,listening,listen_choose_response,Choose the best response to the speaker.,简单,交际功能与直接回应,quicker,每份（8 题，8 个小题）,160,question_bank/sources/expanded_listening.py,主要依靠明确线索、常见表达或单一关系；适合作为基础练习。 “a quicker way to get to the station”问更快的到站路线，建议穿过公园是在提供路线；火车行程、车站开放时间和购票地点都不是前往车站的走法。,读懂：“a quicker way to get to the station”问更快到车站的路线；重点是到站前怎么走，不是坐上火车后的旅程。 解析：走穿过公园的小路，提供了具体路线，符合找捷径的需要。火车行程一小时属于后续交通；五点开站是开放时间；可在站内买票也没说明怎么更快到达。,2026-09-27
L78,listening,listen_choose_response,Choose the best response to the speaker.,适中,语用与隐含意图,ran out of time,每份（8 题，8 个小题）,160,question_bank/sources/expanded_listening.py,需要同义改写、复合句理解或联系相邻信息，不能只匹配一个关键词。 “before reaching the conclusion”说明结论尚未讨论，下次会议先谈这一部分能接续未完成事项；说结论已全部讨论或因此删除结论，均与原话相反。,读懂：“ran out of time”是时间用完，“before reaching the conclusion”表示还没讲到结论；“that”承接尚未讨论的结论。 解析：下次会议先谈结论，补上这次未完成部分。所有结论已谈完或因为已完成而删去结论，都把未完成说成完成；会议时间印在底部并未解决遗漏。,2026-09-27
L79,listening,listen_choose_response,Choose the best response to the speaker.,简单,交际功能与直接回应,electronic form,每份（8 题，8 个小题）,160,question_bank/sources/expanded_listening.py,主要依靠明确线索、常见表达或单一关系；适合作为基础练习。 “in electronic form”问能否提供电子版，答应发送 PDF 满足格式需求；文章谈电子设备不代表有电子副本，引用位置和发表年份也不回答格式问题。,读懂：“in electronic form”指电子版本，不是文章主题与电子设备有关；“PDF”是一种可以发送的电子文件格式。 解析：能发送电子文件，直接满足索要电子版的需求。应列入参考文献是在说用途；讲电子设备是在说题材；去年发表是在说时间，都没有回答手上有没有电子版。,2026-09-27
L80,listening,listen_choose_response,Choose the best response to the speaker.,简单,交际功能与直接回应,access card,每份（8 题，8 个小题）,160,question_bank/sources/expanded_listening.py,主要依靠明确线索、常见表达或单一关系；适合作为基础练习。 “can't find my access card”是在寻找遗失的门禁卡，询问最后使用时间能帮助回溯；使用规定、停车位置和卡片图案无法直接推进寻找。,读懂：“can't find my access card anywhere”是到处找不到门禁卡；“last use it”问最后一次在哪里或何时用过它的线索。 解析：追问最后使用时间，可帮助回想遗失经过，是合理的排查回应。六点后需要卡只说明用途；找到停车位换了寻找对象；蓝色边框只说外观，未推进寻找。,2026-09-27
L81,listening,listen_choose_response,Choose the best response to the speaker.,简单,交际功能与直接回应,rehearsal,每份（8 题，8 个小题）,160,question_bank/sources/expanded_listening.py,主要依靠明确线索、常见表达或单一关系；适合作为基础练习。 “move our rehearsal to Thursday”指改排练日期，说明周四五点后有空可协调安排；不是搬椅子，过去排练超时和剧院位置也不是对新时间的答复。,读懂：“move our rehearsal to Thursday”是把排练改到周四，不是搬动器材；“works for me after five”表示五点后我方便。 解析：确认周四五点后可行，直接协商新时间。周四排练曾超时谈过去；排练后搬椅子把改期误作搬物；剧院离得近则谈距离而非档期。,2026-09-27
L82,listening,listen_choose_response,Choose the best response to the speaker.,困难,语用与隐含意图,wouldn't,每份（8 题，8 个小题）,160,question_bank/sources/expanded_listening.py,需要处理抽象关系、限制条件、隐含态度或更复杂句法，并排除同主题的近似解释。 “You wouldn't happen to have a spare pen”是委婉借笔，“run out”在此指笔没墨了；告知包里有一支可用最合适，不是在问遗失的笔或考试剩余时间。,读懂：“You wouldn't happen to have”是委婉问是否碰巧有；“a spare pen”是多余可借的笔，“run out”在此指笔没墨了。 解析：说包里恰好有一支，回应了借笔需要。昨天已还笔、办公室没找到笔，都误作寻找旧笔；问写作时间结束则把墨水用尽误成时间用完。,2026-09-27
L83,listening,listen_choose_response,Choose the best response to the speaker.,适中,语用与隐含意图,stuffy,每份（8 题，8 个小题）,160,question_bank/sources/expanded_listening.py,需要同义改写、复合句理解或联系相邻信息，不能只匹配一个关键词。 “stuffy”指房间闷、空气不流通，提议开窗正好回应；它不表示储物空间不足，预约和搬家打包也无关。,读懂：“stuffy”形容房间闷、不通风，不是东西塞得多；“Shall I open a window”是在主动提议开窗。 解析：开窗有助于通风，回应了房间发闷的不适。储物空间足够只谈收纳；明天被预订只谈使用安排；搬家前打包完也没改善空气。,2026-09-27
L84,listening,listen_choose_response,Choose the best response to the speaker.,简单,交际功能与直接回应,How long,每份（8 题，8 个小题）,160,question_bank/sources/expanded_listening.py,主要依靠明确线索、常见表达或单一关系；适合作为基础练习。 “How long”问步行耗时，因此回答大约十五分钟；价格、路线和出发时刻分别回答别的问题，不能代替时长。,读懂：“How long does it take”问需要多长时间，“to walk there”限定为步行到那里；十五分钟是时长，不是几点开始。 解析：约十五分钟给出所需步行时间。十五美元属于费用，沿河走属于路线，两点一刻开始属于出发钟点；它们都不能说明步行要花多久。,2026-09-27
L85,listening,listen_choose_response,Choose the best response to the speaker.,适中,语用与隐含意图,citation,每份（8 题，8 个小题）,160,question_bank/sources/expanded_listening.py,需要同义改写、复合句理解或联系相邻信息，不能只匹配一个关键词。 “citation is complete”涉及引文信息是否齐全，指出缺少出版年份说明哪里不完整；不应照原样提交，也不是说书或研究尚未写完。,读懂：“citation”是文献引用信息，“is complete”指信息齐全；“publication year is missing”说明缺了出版年份。 解析：指出具体缺项，支持引用不完整的判断。原样提交忽略缺漏；书在退休前写完、研究已经完成，都是把引用信息齐全误成作品或研究结束。,2026-09-27
L86,listening,listen_choose_response,Choose the best response to the speaker.,简单,交际功能与直接回应,morning shift,每份（8 题，8 个小题）,160,question_bank/sources/expanded_listening.py,主要依靠明确线索、常见表达或单一关系；适合作为基础练习。 “prefer the morning shift”问是否偏好早班，答应并说明下午可学习给出选择及理由；只报下班时间没有表达偏好，移动预约地点则误解了班次含义。,读懂：“Would you prefer the morning shift”问是否更愿意上早班；“have the afternoon to study”是这样下午就能留来学习。 解析：表示愿意并解释好处，直接回答偏好。早班十二点半结束只说排班事实；今天早上已学完说过去；把预约移到另一房间则把班次误作移动动作。,2026-09-27
L87,listening,listen_choose_response,Choose the best response to the speaker.,适中,语用与隐含意图,elevator,每份（8 题，8 个小题）,160,question_bank/sources/expanded_listening.py,需要同义改写、复合句理解或联系相邻信息，不能只匹配一个关键词。 “elevator is being repaired”意味着此时不宜使用电梯，询问其他无障碍上楼路线是在解决通行问题；提议照常乘电梯忽略维修，账单和课程无关。,读懂：“is being repaired”表示电梯正在维修，眼下不能照常使用；“accessible route”指适合通行、照顾行动需要的路线。 解析：问有没有其他可通行的上楼路线，针对电梯不可用寻找替代。高兴地继续乘它忽略维修状态；账单明天到期和维修课程下周开始都换了问题。,2026-09-27
L88,listening,listen_choose_response,Choose the best response to the speaker.,困难,语用与隐含意图,keep an eye,每份（8 题，8 个小题）,160,question_bank/sources/expanded_listening.py,需要处理抽象关系、限制条件、隐含态度或更复杂句法，并排除同主题的近似解释。 “keep an eye on my bag”结合短暂离开，是请人照看包，答应留在原地最合适；带包离开不符托管意图，仅说看见哪个包也不等于照看。,读懂：“keep an eye on my bag”是替我照看包；“only be gone a minute”说明只是短暂离开，不是在找已经丢失的包。 解析：答应留在原地，意味着可以照看。现在带包离开不符托看意图；早该看好假设包已丢；能看见是哪只包只是视觉辨认，不等于承诺看管。,2026-09-27
L89,listening,listen_choose_response,Choose the best response to the speaker.,适中,语用与隐含意图,agreed,每份（8 题，8 个小题）,160,question_bank/sources/expanded_listening.py,需要同义改写、复合句理解或联系相邻信息，不能只匹配一个关键词。 “I thought we agreed to meet outside”是在追问为何未按约在室外见面，确认原约定并说明下雨解释了变动；直接否认曾约定或转谈墙面维修、明天会议均不合适。,"读懂：“I thought we agreed”表示原以为已有约定；“We did, but”先承认确实约过，再解释情况变了。 解析：原本约在外面，后来开始下雨，给出了改变地点的理由。说从未达成约定否认了前半句；外墙修好和明天再协商都没有解释今天为何不在外面见。",2026-09-27
L90,listening,listen_choose_response,Choose the best response to the speaker.,简单,交际功能与直接回应,hospital,每份（8 题，8 个小题）,160,question_bank/sources/expanded_listening.py,主要依靠明确线索、常见表达或单一关系；适合作为基础练习。 “stop near the hospital”问公交是否在医院附近停靠，指示下一站下车回应了目的地需求；探视时间、发车惯例和购票地点都不能确认站点。,读懂：“Does this bus stop near the hospital”问这班公交是否在医院附近停靠；“get off”是下车，不是医院几点关门。 解析：肯定回答并让对方下一站下车，提供了到医院的下车点。探视到八点是医院时间；公交早晨出车是发车安排；车站卖月票是购票信息，都未回答是否途经医院。,2026-09-27
L91,listening,listen_choose_response,Choose the best response to the speaker.,简单,交际功能与直接回应,receipt,每份（8 题，8 个小题）,160,question_bank/sources/expanded_listening.py,主要依靠明确线索、常见表达或单一关系；适合作为基础练习。 “a receipt”指付款凭证，答应提供并询问纸质或电子形式符合请求；付款期限、包裹送达和含税价格均不是收据。,读懂：“Could I have a receipt”是请求一张收据；“printed or emailed”是询问要纸质打印版还是邮件电子版。 解析：先答应再确认交付方式，完整承接索要收据的请求。月底付款期限、包裹三天内送达、标价含税，分别谈付款、运输和价格，都不提供收据。,2026-09-27
L92,listening,listen_choose_response,Choose the best response to the speaker.,简单,交际功能与直接回应,take notes,每份（8 题，8 个小题）,160,question_bank/sources/expanded_listening.py,主要依靠明确线索、常见表达或单一关系；适合作为基础练习。 “need someone to take notes”是在找人记录讨论，主动承担任务直接满足需求；事后阅读记录不等于负责记录，话题选择和休息安排也无关。,读懂：“take notes during the discussion”是讨论时做记录；“We need someone”是在找愿意承担这件事的人。 解析：我这次可以做，明确接下记录工作。事后阅读笔记只使用记录，没有负责写；大家选了主题只谈准备；讨论后休息则把“take”搭配换成了另一动作。,2026-09-27
L93,listening,listen_choose_response,Choose the best response to the speaker.,适中,语用与隐含意图,attachment,每份（8 题，8 个小题）,160,question_bank/sources/expanded_listening.py,需要同义改写、复合句理解或联系相邻信息，不能只匹配一个关键词。 “trouble opening the attachment”是附件无法打开，换格式重发提供了可能的解决办法；不能认为已经读完，也不是在问文章开头或文件内容。,读懂：“having trouble opening the attachment”是邮件附件打不开；“a different format”是换一种文件格式，而不是改文章开头。 解析：换格式重发，针对无法打开提供办法。说已经全读完与问题相反；开头介绍研究，把打开文件误作文章开篇；文件含昨天议程只说内容，并未解决访问。,2026-09-27
L94,listening,listen_choose_response,Choose the best response to the speaker.,简单,交际功能与直接回应,visitors,每份（8 题，8 个小题）,160,question_bank/sources/expanded_listening.py,主要依靠明确线索、常见表达或单一关系；适合作为基础练习。 “open to visitors”问访客是否可使用泳池，说明可凭日票入场同时回答许可及条件；翻修、停车和课程日期均不说明泳池准入规则。,读懂：“open to visitors”问是否允许访客使用，不只是门有没有开；“day pass”是可供当天入场的通行证。 解析：可以，但需日票，回答了准入及条件。户外区域翻新不等于访客可进；能停在下层停车场不等于有泳池权限；六月开课也没说明访客资格。,2026-09-27
L95,listening,listen_choose_response,Choose the best response to the speaker.,困难,语用与隐含意图,rule out,每份（8 题，8 个小题）,160,question_bank/sources/expanded_listening.py,需要处理抽象关系、限制条件、隐含态度或更复杂句法，并排除同主题的近似解释。 “wouldn't rule out getting in”表示仍有可能参加，提到有人取消预约即可解释潜在空位；不代表绝无候补机会、整个活动取消或个人名额已确认。,读懂：“full”是名额已满，“wouldn't rule out getting in”是仍不排除有机会参加；并没有说肯定能进去。 解析：可能有人取消预约，所以仍有空位机会。断言候补者一概进不了与仍有可能相反；整个活动取消和个人退订不是一回事；名额已确认又把可能升级成保证。,2026-09-27
L96,listening,listen_choose_response,Choose the best response to the speaker.,适中,语用与隐含意图,more slowly,每份（8 题，8 个小题）,160,question_bank/sources/expanded_listening.py,需要同义改写、复合句理解或联系相邻信息，不能只匹配一个关键词。 “speak a little more slowly”是在请求降低语速；先答应，再重述上一点，最能帮助听者跟上。调大音量不是放慢语速，后续演讲内容和稿件长度也未回应请求。,读懂：“speak a little more slowly”是请说慢一点，让人跟得上，不是请提高音量；“repeat that last point”是重说刚才最后一点。 解析：答应并重述，回应了没跟上讲话的困难。只提高音量不能代替放慢；下一位讲者谈什么和讲稿比去年短，都没调整当前讲话方式。,2026-09-27
L97,listening,listen_choose_response,Choose the best response to the speaker.,简单,交际功能与直接回应,double-check,每份（8 题，8 个小题）,160,question_bank/sources/expanded_listening.py,主要依靠明确线索、常见表达或单一关系；适合作为基础练习。 “double-check these totals”要求复核合计数，重新相加就是直接检验；不能把待核对理解为已定稿，均摊金额也不是查算术是否正确。,读懂：“double-check”是再核对一遍，不是乘以二；“totals”是合计数，“add them up again”是重新加总。 解析：重新计算能检验合计是否正确。说数字已经定稿把待核查误作已确认；两个登记台只是相似词；审核后均分是在分配结果，不是核对计算。,2026-09-27
L98,listening,listen_choose_response,Choose the best response to the speaker.,适中,语用与隐含意图,Do you mind,每份（8 题，8 个小题）,160,question_bank/sources/expanded_listening.py,需要同义改写、复合句理解或联系相邻信息，不能只匹配一个关键词。 “Do you mind if I join”是在请求加入；回复表示并不介意，并给出周三集合时间，说明允许加入；作业期限和加入其他名单都没有回应许可。,读懂：“Do you mind if I join”是问介不介意我加入；“Not at all”表示完全不介意，在这里就是欢迎加入。 解析：允许参加并告知周三见面，既回应许可又给安排。作业周三截止只谈期限；加入邮件列表换了组织；课前读某章只是学习建议，都没准许进这个小组。,2026-09-27
L99,listening,listen_choose_response,Choose the best response to the speaker.,简单,交际功能与直接回应,umbrella,每份（8 题，8 个小题）,160,question_bank/sources/expanded_listening.py,主要依靠明确线索、常见表达或单一关系；适合作为基础练习。 “left my umbrella on the shuttle”说明伞遗落车上，建议联系失物招领处能帮助找回；线路变化、早点赶车和降雨规律都不处理遗失物。,读懂：“left my umbrella on the shuttle”是把伞落在班车上；“lost-property office”是失物招领处，不是询问天气。 解析：建议联系失物招领，可实际查找遗落物。上学期改路线不处理遗失；明天早点出门把落东西误作赶车；春末雨更大只与伞的用途相关。,2026-09-27
L100,listening,listen_choose_response,Choose the best response to the speaker.,简单,交际功能与直接回应,revised schedule,每份（8 题，8 个小题）,160,question_bank/sources/expanded_listening.py,主要依靠明确线索、常见表达或单一关系；适合作为基础练习。 问修订版时间表何时“be available”，即何时可供查看，预计今天下午公布正面回应；调整了什么、旧版下载处和此前修订建议都不是新表的发布时间。,读懂：“revised schedule”是修改后的时间表，“be available”是可以获取，整句问何时能拿到它；不是问改了哪些内容。 解析：预计今天下午发布，给出新版可获取的时间。改下午实验时间是在说内容；下载旧版不是新版；上学期调查后建议修订是在说起因，都没回答发布时点。,2026-09-27
L101,listening,listen_choose_response,Choose the best response to the speaker.,困难,语用与隐含意图,return the favor,每份（8 题，8 个小题）,160,question_bank/sources/expanded_listening.py,需要处理抽象关系、限制条件、隐含态度或更复杂句法，并排除同主题的近似解释。 “cover Saturday”是请人代周六的班，“return the favor next week”提出日后回报；答应代班、条件是对方周一换班，与互换安排一致，不能当作周一已约定或周六班已取消。,读懂：“cover Saturday”是替人上周六的班，“return the favor”是日后回报帮忙；对方在寻求代班，不是在取消班次。 解析：愿意代周六班，但要对方周一替自己，构成具体交换。让原说话者周六两班都上没提供帮助；周一已安排好把条件当定案；取消周六班则改变原意。,2026-09-27
L102,listening,listen_choose_response,Choose the best response to the speaker.,适中,语用与隐含意图,sample,每份（8 题，8 个小题）,160,question_bank/sources/expanded_listening.py,需要同义改写、复合句理解或联系相邻信息，不能只匹配一个关键词。 “different from the others”提示样品异常，单独标记并请主管确认能保留区别、进一步核查；说全部相同违背观察，设备到货或相同标签也不解决异常。,读懂：“looks different from the others”是这个样本看起来与其余不同；“label it separately”是单独标记，避免混在一起。 解析：分开标记再问主管，既保留异常信息又寻求确认，未擅自判断原因。认定全部一样反驳了观察；下周设备到货无助当前判断；标签相同也不证明样本相同。,2026-09-27
L103,listening,listen_choose_response,Choose the best response to the speaker.,简单,交际功能与直接回应,didn't catch,每份（8 题，8 个小题）,160,question_bank/sources/expanded_listening.py,主要依靠明确线索、常见表达或单一关系；适合作为基础练习。 “didn't catch”在此指没听清，“last name”指姓，因此重述姓氏并拼写最有帮助；不是赶下一场演讲，也不是问名字或上一场主题。,读懂：“didn't catch”在听话场景中是没听清，“last name”是姓，不是最后一次演讲；答案还逐个拼出了这个姓的字母。 解析：重说姓并拼写，补上没听清的信息。上次讲研究方法把姓氏误成上次演讲；赶下一场演讲误解听清这个意思；说拼过名字也不是在补充姓。,2026-09-27
L104,listening,listen_choose_response,Choose the best response to the speaker.,适中,语用与隐含意图,proofread,每份（8 题，8 个小题）,160,question_bank/sources/expanded_listening.py,需要同义改写、复合句理解或联系相邻信息，不能只匹配一个关键词。 “Would you like me to proofread”是在主动提供校对帮助，表示欢迎并指定引言部分使任务明确；小说阅读、课程安排和印刷状态都没有这样回应这项帮助。,读懂：“Would you like me to”是在主动提出帮助，“proofread your draft”是替你校对草稿，检查文字错误。 解析：表示太好了，尤其想请看引言，接受帮助并指出重点。终稿已打印只报进度，未明确回应校对；先读小说再看电影和周四写作课，都换成了别的阅读或写作活动。,2026-09-27
L105,listening,listen_choose_response,Choose the best response to the speaker.,简单,交际功能与直接回应,appointment,每份（8 题，8 个小题）,160,question_bank/sources/expanded_listening.py,主要依靠明确线索、常见表达或单一关系；适合作为基础练习。 “need an appointment to collect the keys”问取钥匙是否要预约，说明无需预约、办公时间来即可完整回应；还钥匙期限、退押金和房间位置都是别的安排。,读懂：“need an appointment to collect the keys”问取钥匙是否必须预约；“just come during office hours”是办公时间直接来即可。 解析：明确不用预约，并给出可办理的时段，回应了取钥匙的前提。明天归还谈的是还钥匙；查房后取押金换了领取对象；预约室位置也没回答是否需预约。,2026-09-27
L106,listening,listen_choose_response,Choose the best response to the speaker.,困难,语用与隐含意图,out of the question,每份（8 题，8 个小题）,160,question_bank/sources/expanded_listening.py,需要处理抽象关系、限制条件、隐含态度或更复杂句法，并排除同主题的近似解释。 “isn't out of the question”表示线下开会并非不可能，但“getting everyone here could be tricky”强调出行困难；改为线上能解决参会障碍，不等于完全否定会议室或所有人已同意到场。,读懂：“isn't out of the question”是并非不可能，“getting everyone here could be tricky”指出困难在让所有人赶来；不是房间完全不能用。 解析：改线上能减少通勤者到场困难。彻底排除房间夸大否定；所有人已同意赶来没有依据；线上也不能解决路程问题则忽略其免通勤的作用。,2026-09-27
L107,listening,listen_choose_response,Choose the best response to the speaker.,适中,语用与隐含意图,wrong version,每份（8 题，8 个小题）,160,question_bank/sources/expanded_listening.py,需要同义改写、复合句理解或联系相邻信息，不能只匹配一个关键词。 “sent you the wrong version”是在承认误发，表示理解并请重发更新版可补救；不能把错误版本当作最新版，更不应继续转发错误副本。,读懂：“I'm afraid”在这里是委婉表达歉意，不是害怕；“the wrong version”是发错版本，“updated one”是更新后的那份。 解析：表示没关系并请重发新版，处理了发错文件的问题。认定收到的已是新版与道歉内容相反；再群发错版扩大错误；旧版曾在研讨会讨论只是背景。,2026-09-27
L108,listening,listen_choose_response,Choose the best response to the speaker.,简单,交际功能与直接回应,quiet place,每份（8 题，8 个小题）,160,question_bank/sources/expanded_listening.py,主要依靠明确线索、常见表达或单一关系；适合作为基础练习。 “a quiet place to work”要求推荐安静的工作地点，指向通常安静的图书馆楼上符合条件；关门时间、工作期限和推荐信签字都没有推荐地点。,读懂：“recommend a quiet place to work”是请推荐安静的工作地点；“upper floor”指楼上楼层，不是在索要推荐信。 解析：图书馆上层通常安静，同时满足地点和安静两项需求。周五早关门只说时间；周一前完工只说期限；推荐信需签名则把动词推荐误配成文书。,2026-09-27
L109,listening,listen_choose_response,Choose the best response to the speaker.,简单,交际功能与直接回应,batteries,每份（8 题，8 个小题）,160,question_bank/sources/expanded_listening.py,主要依靠明确线索、常见表达或单一关系；适合作为基础练习。 “checked the batteries”问是否检查过电池，报告今早已测试且正常同时回答检查与结果；借用时间、登记和打开电池盖的方法不证明已检查。,读懂：“Has anyone checked”问是否有人已检查，“batteries in the recorder”把检查对象限定为录音机电池；不是问怎样借设备。 解析：今天早上测过且电池正常，既说明已检查，也给出结果。明天能借和前台登记属于借用流程；电池盖怎样打开只是操作方法，不能证明检查已经完成。,2026-09-27
L110,listening,listen_choose_response,Choose the best response to the speaker.,困难,语用与隐含意图,provided,每份（8 题，8 个小题）,160,question_bank/sources/expanded_listening.py,需要处理抽象关系、限制条件、隐含态度或更复杂句法，并排除同主题的近似解释。 “leaning toward”只是倾向选择，“provided”引出改票费不能太高的条件；先查改票费才能决定，不能认定完全不计价格、已订好早班或一定保留晚班。,读懂：“leaning toward”是倾向于但尚未决定，“provided”引出条件：改签不能太贵；“change fee”就是改签费。 解析：先查费用再决定，尊重了尚未确定和价格限制。价格无所谓抹去条件；早班已订好把倾向当结果；无论如何保留晚班则把倾向反过来又加上绝对性。,2026-09-27
L111,listening,listen_choose_response,Choose the best response to the speaker.,适中,语用与隐含意图,postpone,每份（8 题，8 个小题）,160,question_bank/sources/expanded_listening.py,需要同义改写、复合句理解或联系相邻信息，不能只匹配一个关键词。 “postpone”结合“if it rains”，问下雨时能否延期，给出周五备用日期就是确认预案；照片是否完成、何时发布和昨天是否下雨均未回答此次延期安排。,读懂：“postpone the photo session if it rains”是若下雨就把拍照活动延期；“backup date”指备用日期，不是已拍照片的交付日。 解析：同意并给出周五备用日，回应了雨天如何安排。周五的照片已好说的是成品；活动后发照片误把延期当发布；昨天雨停则不能回答未来下雨的预案。,2026-09-27
L112,listening,listen_choose_response,Choose the best response to the speaker.,适中,语用与隐含意图,refund,每份（8 题，8 个小题）,160,question_bank/sources/expanded_listening.py,需要同义改写、复合句理解或联系相邻信息，不能只匹配一个关键词。 “who to contact about a refund”是在找退款经办方，指明注册办公室负责才有用；餐费包含项、联系方式更新和补缴方式都不是退款联系对象。,读懂：“who to contact about a refund”问退款该找谁，“handles those requests”是负责办理这些申请，不是询问如何付款。 解析：报名办公室负责退款申请，给出正确联系部门。费用含午餐说收费内容；更新联系方式把联系谁换成个人信息；银行转账补余款则与退回费用方向相反。,2026-09-27
L113,listening,listen_choose_response,Choose the best response to the speaker.,适中,语用与隐含意图,chart,每份（8 题，8 个小题）,160,question_bank/sources/expanded_listening.py,需要同义改写、复合句理解或联系相邻信息，不能只匹配一个关键词。 “attached the right chart”要求核实附件内容是否正确，确认是双方讨论过的月度合计图即完成核对；提醒先附件后发送、核对邮箱或安排讨论都不能证明图表选对。,读懂：“check whether I've attached the right chart”是请确认附件中的图表是否选对；“monthly totals”指之前讨论的每月合计数。 解析：确认图表展示的正是讨论过的数据，核对了附件内容。发送前要添加图只提醒步骤；邮箱地址正确检查错了对象；明天能讨论总数只是安排，不是现在的核验。,2026-09-27
L114,listening,listen_choose_response,Choose the best response to the speaker.,简单,交际功能与直接回应,side entrance,每份（8 题，8 个小题）,160,question_bank/sources/expanded_listening.py,主要依靠明确线索、常见表达或单一关系；适合作为基础练习。 “use the side entrance”明确要求走侧门，绕到楼侧符合指示；走正门与要求冲突，朝向和会后问路都不执行当前指令。,读懂：“directions”在这里是指引，“side entrance”是侧门；“walk around the building”是绕到楼的另一侧去找相应入口。 解析：绕楼走符合使用侧门的指示。改走正门直接违背要求；入口朝北只说方向；会后再问路错过当前进楼需要，也没按现有指引行动。,2026-09-27
L115,listening,listen_choose_response,Choose the best response to the speaker.,简单,交际功能与直接回应,pointing out,每份（8 题，8 个小题）,160,question_bank/sources/expanded_listening.py,主要依靠明确线索、常见表达或单一关系；适合作为基础练习。 “Thanks for pointing out the error”是在感谢提交前的提醒，回应不客气并庆幸及时发现符合情境；先提交再检查颠倒顺序，上传报错和指认建筑也无关。,读懂：“pointing out the error”是指出错误，“before I submitted it”是提交之前；“caught it in time”指及时发现，赶得上修改。 解析：不客气，很高兴及时发现，回应了感谢并符合先发现后提交的顺序。先交再检查反转步骤；上传后报错换了时点；以后指出建筑则只重复指出这个动作。,2026-09-27
L116,listening,listen_conversation,Choosing a project room,适中,语用与隐含意图,collaboration / background,每份（2 组，4 个小题）,200,question_bank/sources/expanded_listening.py,拒绝开放空间的原因是录音噪声，替代安排明确。 需要同义改写、复合句理解或联系相邻信息，不能只匹配一个关键词。,读懂：“record our presentation”是录制小组演讲，“background noise”是背景杂音，会影响录音清晰度；开放区不够安静。 解析：拒绝开放区是因为要安静录音。只能坐四人说的是原订的小房间，不是开放区；三点前订满说的是大房间，不等于开放区关闭；也没有禁止看幻灯片。,2026-09-27
L117,listening,listen_conversation,Choosing a project room,简单,细节定位,collaboration / background,每份（2 组，4 个小题）,200,question_bank/sources/expanded_listening.py,拒绝开放空间的原因是录音噪声，替代安排明确。 主要依靠明确线索、常见表达或单一关系；适合作为基础练习。,读懂：“move your booking to three”是把预约改到三点，“review the slides somewhere else first”是先去别处检查幻灯片。 解析：学生接受三点的房间，之前要在别处复习幻灯片。小房间本就坐不下六人，也未决定在那里录音；改时间不是取消演讲；请馆员写稿更无依据。,2026-09-27
L118,listening,listen_conversation,A changed lab partner,简单,细节定位,safety / measurements,每份（2 组，4 个小题）,200,question_bank/sources/expanded_listening.py,两人实验规则与可提前完成的背景问题直接给出。 主要依靠明确线索、常见表达或单一关系；适合作为基础练习。,读懂：“requires two people for safety”是为安全起见必须两人操作；有人检查设备“matters more than finishing quickly”，即比做得快更重要。 解析：不能单独实验的依据是安全要求，不是进度落后。退课的是搭档，不是学生本人；工作表没有丢，实验室也没有关闭。,2026-09-27
L119,listening,listen_conversation,A changed lab partner,简单,细节定位,safety / measurements,每份（2 组，4 个小题）,200,question_bank/sources/expanded_listening.py,两人实验规则与可提前完成的背景问题直接给出。 主要依靠明确线索、常见表达或单一关系；适合作为基础练习。,读懂：“background questions”是实验前的背景问题，“Leave the measurement section until”是把测量部分留到指定时候再做。 解析：现在可先答背景题，测量要等两人一起。独自开始测量违反安全限制；另组选三人不等于要选三门课；实验尚未完成，不能马上交完整报告。,2026-09-27
L120,listening,listen_conversation,Finding a source,适中,语境词义,paraphrased / verified,每份（2 组，4 个小题）,200,question_bank/sources/expanded_listening.py,逐字引用与改写不可混淆，缺少原始证据时需限制说法。 需要同义改写、复合句理解或联系相邻信息，不能只匹配一个关键词。,读懂：“paraphrased it”是用别的话转述意思，并非原封不动引用；“not the exact quotation”提醒不要只按这段原话查找。 解析：博客措辞可能不同于研究原文，所以逐字搜索会失败。博客已给研究者姓名，不能说只给标题；标题与主题无关没有证据；原文一定同措辞则与转述的可能相反。,2026-09-27
L121,listening,listen_conversation,Finding a source,困难,语用与隐含意图,paraphrased / verified,每份（2 组，4 个小题）,200,question_bank/sources/expanded_listening.py,逐字引用与改写不可混淆，缺少原始证据时需限制说法。 需要处理抽象关系、限制条件、隐含态度或更复杂句法，并排除同主题的近似解释。,读懂：“verified quotation”是已经核实的直接引语；“Don't present it as”表示不要把它声称为某种已确认的事实。 解析：原研究仍找不到，就不能把博客话语当作已核实原话。研究者有姓名不等于措辞正确；链接已失效；别的博客重复同句也不证明原作者真的这样写。,2026-09-27
L122,listening,listen_conversation,A club budget,适中,语用与隐含意图,afford / banners,每份（2 组，4 个小题）,200,question_bank/sources/expanded_listening.py,在预算限制下利用旧物、优先解决听不清的问题。 需要同义改写、复合句理解或联系相邻信息，不能只匹配一个关键词。,读懂：“people at the back couldn't hear the questions”是后排听不清提问；资金只够横幅或第二支麦克风二选一。 解析：观众听觉困难推动他们优先买麦克风。旧横幅日期处留白，并非印错日期；活动没取消，也不是已有太多麦克风。问题是声音传不到后排，不是装饰不够新。,2026-09-27
L123,listening,listen_conversation,A club budget,适中,细节定位,afford / banners,每份（2 组，4 个小题）,200,question_bank/sources/expanded_listening.py,在预算限制下利用旧物、优先解决听不清的问题。 需要同义改写、复合句理解或联系相邻信息，不能只匹配一个关键词。,读懂：“blank space for the date”是预留空白写日期，“add this year's date”是加上今年日期；布料仍然完好。 解析：他们将自行补日期继续使用旧横幅，把预算留给麦克风。买新印刷横幅与最终决定相反；转卖给别的社团或去掉全部信息都未提出，且社团名称仍可保留。,2026-09-27
L124,listening,listen_conversation,Returning a jacket,简单,细节定位,zipper / branch,每份（2 组，4 个小题）,200,question_bank/sources/expanded_listening.py,具体购物故障与门店调货，日常词汇占主导。 主要依靠明确线索、常见表达或单一关系；适合作为基础练习。,读懂：“the zipper sticks”是拉链卡住、拉动不顺；“the same size in green”表示想换同尺寸的绿色款。 解析：换货原因是拉链功能有问题，不是尺寸不合。顾客手机里有电子收据，并非遗失；指定绿色说明有想要的颜色，不能说讨厌所有颜色。,2026-09-27
L125,listening,listen_conversation,Returning a jacket,简单,细节定位,zipper / branch,每份（2 组，4 个小题）,200,question_bank/sources/expanded_listening.py,具体购物故障与门店调货，日常词汇占主导。 主要依靠明确线索、常见表达或单一关系；适合作为基础练习。,读懂：“the north branch has one”是北边分店有货，“send it over”是调过来；店员还说到“this shop”后会通知顾客。 解析：本店从另一分店调货，顾客无需自己去拿。马上修原夹克不是换货方案；海外订购和等新季款式都未提到；周四是预计调到的时间，不是维修完成日。,2026-09-27
L126,listening,listen_conversation,Planning a survey,适中,细节定位,responses / participation,每份（2 组，4 个小题）,200,question_bank/sources/expanded_listening.py,先只改变邀请显著程度，以判断低回复的原因。 需要同义改写、复合句理解或联系相邻信息，不能只匹配一个关键词。,读懂：“at the bottom of a long newsletter”是放在一封很长的简报最下面，“never saw the link”提示学生可能根本没注意到入口。 解析：回应少的可能原因是邀请不显眼，并非已证明问卷内容有问题。关闭一年、每人答两次、使用两种语言都没有证据，也解释不了对话提出的改善链接位置。,2026-09-27
L127,listening,listen_conversation,Planning a survey,困难,推断与条件整合,responses / participation,每份（2 组，4 个小题）,200,question_bank/sources/expanded_listening.py,先只改变邀请显著程度，以判断低回复的原因。 需要处理抽象关系、限制条件、隐含态度或更复杂句法，并排除同主题的近似解释。,读懂：“Not yet”是暂时不改问题，“instead of changing several things at once”是不要同时改好几处，先只调整邀请的显眼程度。 解析：试做者已理解问题，所以先看入口更醒目能否增加参与。先改题、题目和邀请一起改都破坏单项检验；把少人参与直接当题目不合适也跳过了原因核实。,2026-09-27
L128,listening,listen_conversation,A damaged book,简单,细节定位,loose / electronic,每份（2 组，4 个小题）,200,question_bank/sources/expanded_listening.py,书籍损坏与替代电子版本都有直接说明。 主要依靠明确线索、常见表达或单一关系；适合作为基础练习。,读懂：“loose pages”是书页松脱，“charged for damaging it”是因损坏被收费；学生借书时就发现破损，却还需拿它做作业。 解析：担心被归责且仍需使用，概括了这本破书带来的双重困难。电子书到期、罚款交了两遍、作业取消均未发生；担忧罚款不等于已经缴费。,2026-09-27
L129,listening,listen_conversation,A damaged book,简单,细节定位,loose / electronic,每份（2 组，4 个小题）,200,question_bank/sources/expanded_listening.py,书籍损坏与替代电子版本都有直接说明。 主要依靠明确线索、常见表达或单一关系；适合作为基础练习。,读懂：“electronic copy”是电子版本，“show you where to find it”是教你到哪里访问；目的是不必继续保留破损纸书。 解析：馆员提供电子版以便学生完成作业，纸书则送修。并未准许拆掉松页，也不能据此推出作业延期或赠送永久持有的书；可访问与拥有是两回事。,2026-09-27
L130,listening,listen_conversation,Weekend trip transport,简单,细节定位,rent / route,每份（2 组，4 个小题）,200,question_bank/sources/expanded_listening.py,从费用与安全步道条件确定交通方案。 主要依靠明确线索、常见表达或单一关系；适合作为基础练习。,读懂：“rent a van”是租一辆厢式车，紧接的“That's expensive”明确说太贵；六人同行导致一辆普通车不够坐，是前面的另一条信息。 解析：放弃租厢式车的原因是费用高，不是厢式车装不下六人。已有六人报名，不能说没人想去；车站距步道两公里，也不是就在山顶旁。,2026-09-27
L131,listening,listen_conversation,Weekend trip transport,简单,细节定位,rent / route,每份（2 组，4 个小题）,200,question_bank/sources/expanded_listening.py,从费用与安全步道条件确定交通方案。 主要依靠明确线索、常见表达或单一关系；适合作为基础练习。,读懂：“along the river”是沿河走，“include that walk in the route”是把这段步行纳入行程；车站离步道还有两公里。 解析：他们决定坐火车后沿河走到步道，并为此预留时间。平坦路线和已准备步行鞋支持这一安排；没有租两辆车或等校车的计划，更没有取消徒步。,2026-09-27
L132,listening,listen_conversation,An internship report,适中,语用与隐含意图,log / evidence,每份（2 组，4 个小题）,200,question_bank/sources/expanded_listening.py,把逐日叙述转为技能论证，理解材料作为证据的作用。 需要同义改写、复合句理解或联系相邻信息，不能只匹配一个关键词。,读懂：“organize the report around the three main skills”是按学到的三项主要技能组织报告，“not to reproduce your timetable”是不要重写一遍日程。 解析：导师建议改组织方式，用技能串起精选经历，不是只交日志或删除全部例子。报告太长也不表示能提高官方字数上限，限制仍需遵守。,2026-09-27
L133,listening,listen_conversation,An internship report,困难,推断与条件整合,log / evidence,每份（2 组，4 个小题）,200,question_bank/sources/expanded_listening.py,把逐日叙述转为技能论证，理解材料作为证据的作用。 需要处理抽象关系、限制条件、隐含态度或更复杂句法，并排除同主题的近似解释。,读懂：“as evidence”是作为证据，“what the examples show about your learning”是说明这些例子如何体现学习成果，而不是堆砌记录。 解析：应选能证明技能发展的日志条目，并解释其意义。选最长三条与证据相关性无关；让日志代替解释遗漏学习分析；照日期抄每条首句仍没有按技能组织。,2026-09-27
L134,listening,listen_conversation,A shared kitchen,简单,推断与条件整合,labeled / shared,每份（2 组，4 个小题）,200,question_bank/sources/expanded_listening.py,食物归属误解与标签规则在对话中直接解释。 主要依靠明确线索、常见表达或单一关系；适合作为基础练习。,读懂：“unlabeled food”是没写姓名的食物，“for everyone”是供所有人共享；“might be assuming”表明这只是对误会原因的推测。 解析：食物不见可能因住户把无标签食品当公用，并非冰箱坏了。经理正要提供标签，不是禁止贴标签；移除所有架子也未发生。,2026-09-27
L135,listening,listen_conversation,A shared kitchen,简单,细节定位,labeled / shared,每份（2 组，4 个小题）,200,question_bank/sources/expanded_listening.py,食物归属误解与标签规则在对话中直接解释。 主要依靠明确线索、常见表达或单一关系；适合作为基础练习。,读懂：“a clear labeling rule”是明确的贴标签规则，“a separate shelf for shared items”是给共享食品单独一层。 解析：经理会建立标签加共享区的办法，并把普通标签放在冰箱旁，方便执行。没有禁止冷藏、按进厨房次数收费，也没要换成没有架子的小冰箱；专用容器也并不必需。,2026-09-27
L136,listening,listen_conversation,A missed deadline,适中,推断与条件整合,confirmation / timestamp,每份（2 组，4 个小题）,200,question_bank/sources/expanded_listening.py,区分上传完成和正式提交，需联系进度条与确认按钮。 需要同义改写、复合句理解或联系相邻信息，不能只匹配一个关键词。,读懂：“progress bar reached the end”只说上传进度条走完；“a final submit button after the upload”说明上传后还需按最终提交键。 解析：未收到确认且立即关页，推知学生可能漏了最后提交，并非没写文章或从未开网站。题目也没提供标题遗漏证据；上传完成不自动等于作业正式递交。,2026-09-27
L137,listening,listen_conversation,A missed deadline,适中,细节定位,confirmation / timestamp,每份（2 组，4 个小题）,200,question_bank/sources/expanded_listening.py,区分上传完成和正式提交，需联系进度条与确认按钮。 需要同义改写、复合句理解或联系相邻信息，不能只匹配一个关键词。,读懂：“Email your instructor the file and explain what happened”是把文件发给任课老师并说明经过；是否算按时由老师决定。 解析：助理建议联系老师，学生还准备附上传时间记录。删时间戳会失去说明线索；交别人的文章或一直等到下学期均不是建议。助理只能解释系统，不能承诺免除迟交。,2026-09-27
L138,listening,listen_conversation,A conference poster,适中,语用与隐含意图,dense / central,每份（2 组，4 个小题）,200,question_bank/sources/expanded_listening.py,海报重点先于配图，区分核心结论与方法细节。 需要同义改写、复合句理解或联系相邻信息，不能只匹配一个关键词。,读懂：“central finding”是最主要的研究发现，“visible in the title”是让人在标题里就能清楚看到它；“First”标出了优先动作。 解析：同事先让标题突出结论，而不是先加照片。删全部结果会失去海报核心；把字缩小会让密集内容更难读，也与去掉可口头补充的细节相反。,2026-09-27
L139,listening,listen_conversation,A conference poster,适中,细节定位,dense / central,每份（2 组，4 个小题）,200,question_bank/sources/expanded_listening.py,海报重点先于配图，区分核心结论与方法细节。 需要同义改写、复合句理解或联系相邻信息，不能只匹配一个关键词。,读懂：“move the methods to a handout”是把研究方法移到单独发放的资料上；“keep one main graph”则说明海报保留核心图。 解析：详细方法仍会提供，只是转到讲义，方便需要细节的人查看。它们不塞进标题，也不是另做墙面大海报；移出海报不等于认为方法无关或完全丢弃。,2026-09-27
L140,listening,listen_conversation,A music lesson,适中,语用与隐含意图,accurately / measures,每份（2 组，4 个小题）,200,question_bank/sources/expanded_listening.py,慢练的目的与后续加速构成因果链。 需要同义改写、复合句理解或联系相邻信息，不能只匹配一个关键词。,读懂：“play it accurately”是弹准确，“increase the speed gradually afterward”是之后逐渐提速；老师强调先准后快。 解析：慢练是为减少反复巩固错误，再回到目标速度，不是逃避难段或取消演奏要求。对话没有换乐器计划，慢速也不是永久终点。,2026-09-27
L141,listening,listen_conversation,A music lesson,简单,细节定位,accurately / measures,每份（2 组，4 个小题）,200,question_bank/sources/expanded_listening.py,慢练的目的与后续加速构成因果链。 主要依靠明确线索、常见表达或单一关系；适合作为基础练习。,读懂：“the section where the error happens”是出错的小段，“two difficult measures”是两个困难的小节，不是两次测量。 解析：学生先练这两个小节，再连到前后音乐。不是一开始全速弹完整场，也没换乐器；只练轻松结尾避开了真正的错误位置。,2026-09-27
L142,listening,listen_conversation,A course waiting list,适中,细节定位,enrolled / official,每份（2 组，4 个小题）,200,question_bank/sources/expanded_listening.py,暂时旁听与正式注册的区别决定学生的后续行为。 需要同义改写、复合句理解或联系相邻信息，不能只匹配一个关键词。,读懂：“allows waiting-list students to attend the first week”是允许候补学生第一周来听课；“Not yet”否定的是已正式注册。 解析：学生得到的是首周旁听许可，不是立即获得正式名额。仍需通过注册系统，因此不能绕过系统；未注册也能参加期末考试的权限从未给出。,2026-09-27
L143,listening,listen_conversation,A course waiting list,困难,推断与条件整合,enrolled / official,每份（2 组，4 个小题）,200,question_bank/sources/expanded_listening.py,暂时旁听与正式注册的区别决定学生的后续行为。 需要处理抽象关系、限制条件、隐含态度或更复杂句法，并排除同主题的近似解释。,读懂：“don't fall behind if a place opens”是若以后有空位，就不会因缺课落后；“registration is actually confirmed”才表示注册真正被确认。 解析：先听课、做作业是跟上进度，不保证拿到正式名额。候补第一不等于必录；到场不能代替系统注册；教师也未取消人数上限。,2026-09-27
L144,listening,listen_conversation,Choosing a display location,适中,语用与隐含意图,Conservator / reproduction,每份（2 组，4 个小题）,200,question_bank/sources/expanded_listening.py,从褪色风险推出原件和复制品的不同展放安排。 需要同义改写、复合句理解或联系相邻信息，不能只匹配一个关键词。,读懂：“Direct sunlight could fade the ink”是阳光直射可能使墨迹褪色；“controlled lighting”指可控制的照明，兼顾阅读与保护。 解析：改变展位是怕原信件被阳光损伤，不是信上本来就没有可读文字。游客不能进馆、窗户无法清洗也未提及；另一面墙较暗是可解决的照明问题。,2026-09-27
L145,listening,listen_conversation,Choosing a display location,适中,细节定位,Conservator / reproduction,每份（2 组，4 个小题）,200,question_bank/sources/expanded_listening.py,从褪色风险推出原件和复制品的不同展放安排。 需要同义改写、复合句理解或联系相邻信息，不能只匹配一个关键词。,读懂：“a reproduction”是复制品，不是原件；“put a reproduction near the window instead”说明窗边改放复制版本。 解析：原信件移到可控灯光下，窗边留给复制品，既展示又避免晒坏原件。继续让原件直晒与保护目的相反；空柜无标签、新窗框都不是最终决定。,2026-09-27
L146,listening,listen_conversation,A sports booking,简单,细节定位,ninety / booking,每份（2 组，4 个小题）,200,question_bank/sources/expanded_listening.py,三个时间点的简单对应，不需要额外背景。 主要依靠明确线索、常见表达或单一关系；适合作为基础练习。,读懂：“another booking at five”是五点已有别人预约，“ending at five”要求这次使用最迟五点结束，不是场馆五点关闭。 解析：不能超过五点是为了不占用下一位的场地。允许改为九十分钟，说明不是从不允许长预约；四点关门或选手没器材均无依据。,2026-09-27
L147,listening,listen_conversation,A sports booking,简单,细节定位,ninety / booking,每份（2 组，4 个小题）,200,question_bank/sources/expanded_listening.py,三个时间点的简单对应，不需要额外背景。 主要依靠明确线索、常见表达或单一关系；适合作为基础练习。,读懂：“Three thirty is free”是三点半有空档，“a ninety-minute booking ending at five”是使用九十分钟、五点结束。 解析：双方同意从三点半开始，到五点恰好一个半小时。四点是原来的开始时间，不是最终安排；四点半仅剩半小时，五点又已有别人预约，两点从未提出。,2026-09-27
L148,listening,listen_conversation,A scholarship document,适中,细节定位,verified / transcript,每份（2 组，4 个小题）,200,question_bank/sources/expanded_listening.py,把证明申请、最终正式文件和两个截止时间结合。 需要同义改写、复合句理解或联系相邻信息，不能只匹配一个关键词。,读懂：“official transcript”是正式成绩单，“the university's verified document”是经大学核实的文件，不是随手截的屏幕图。 解析：截图不足在于缺少校方核验，不是因为所有电子文件都被禁止。上传正式材料的流程仍可使用；必须手写成绩或申请人没有学业记录，都没有材料支持。,2026-09-27
L149,listening,listen_conversation,A scholarship document,困难,推断与条件整合,verified / transcript,每份（2 组，4 个小题）,200,question_bank/sources/expanded_listening.py,把证明申请、最终正式文件和两个截止时间结合。 需要处理抽象关系、限制条件、隐含态度或更复杂句法，并排除同主题的近似解释。,读懂：“upload the receipt for the request”是先上传申请正式成绩单的凭证；“follow within a week”是正式文件可在一周内补交。 解析：先交申请凭证、再按时补正式成绩单，两步缺一不可。截图不能永久替代；现在什么都不交会错过明天截止；等成绩单到手才交凭证也倒置了临时补救顺序。,2026-09-27
L150,listening,listen_conversation,Improving a guided tour,简单,细节定位,finish / booking,每份（2 组，4 个小题）,200,question_bank/sources/expanded_listening.py,路线终点缺失造成问题，解决办法是补充说明。 主要依靠明确线索、常见表达或单一关系；适合作为基础练习。,读懂：“never mentions the finish”是没写行程在哪里结束；“across town at the museum”说明终点在城另一边的博物馆，而非起点车站。 解析：预订页漏掉终点，游客无法预先安排返回取车，所以反复询问。每天改方向、车站永久关闭、博物馆拒绝游客均未发生；路线本身仍受欢迎。,2026-09-27
L151,listening,listen_conversation,Improving a guided tour,简单,细节定位,finish / booking,每份（2 组，4 个小题）,200,question_bank/sources/expanded_listening.py,路线终点缺失造成问题，解决办法是补充说明。 主要依靠明确线索、常见表达或单一关系；适合作为基础练习。,读懂：“clearer information before people book”是让人在预订前获得更清楚的信息；“Add that and the nearest bus stop”要求补终点及附近公交站。 解析：经理要改预订说明，帮助游客安排返程，不是缩短路线。向导提议缩短后被明确否定；博物馆营业时间、向导合同也不在修改范围。,2026-09-27
L152,listening,listen_conversation,A computer backup,适中,细节定位,backup / separate,每份（2 组，4 个小题）,200,question_bank/sources/expanded_listening.py,区分确认副本可读与防止单个存储设备失效。 需要同义改写、复合句理解或联系相邻信息，不能只匹配一个关键词。,读懂：“open some files on the drive to check the copy”是打开移动存储设备上的文件，验证复制件可用；不是只看文件夹是否出现。 解析：删除电脑原件前应确认备份能打开，防止删掉后才发现复制失败。新屏幕、文件是否同名、设备是不是最便宜，都不能证明数据完整可读。,2026-09-27
L153,listening,listen_conversation,A computer backup,适中,语用与隐含意图,backup / separate,每份（2 组，4 个小题）,200,question_bank/sources/expanded_listening.py,区分确认副本可读与防止单个存储设备失效。 需要同义改写、复合句理解或联系相邻信息，不能只匹配一个关键词。,读懂：“A drive can fail or be lost”是存储设备可能损坏或丢失，“somewhere separate”要求第二份备份放在另一处。 解析：多一份独立备份可减少全靠单台设备的风险。副本数量不会自动改善原始数据质量；大学存储要同款电脑、第一台设备不能存文件夹，材料均未说。,2026-09-27
L154,listening,listen_conversation,A volunteer orientation,适中,语用与隐含意图,procedures / demonstration,每份（2 组，4 个小题）,200,question_bank/sources/expanded_listening.py,已有经验仍须了解本地规则，线上简介不能替代现场示范。 需要同义改写、复合句理解或联系相邻信息，不能只匹配一个关键词。,读懂：“local procedures and allergy labeling”是本机构的操作流程与过敏原标签规则；“may differ”说明以前机构的做法可能不一样。 解析：有经验仍须培训，是要学本地规则，只是可以参加缩短版。经验没有被说成有害；也不需从识字学起，更不是这里没有安全程序。,2026-09-27
L155,listening,listen_conversation,A volunteer orientation,适中,细节定位,procedures / demonstration,每份（2 组，4 个小题）,200,question_bank/sources/expanded_listening.py,已有经验仍须了解本地规则，线上简介不能替代现场示范。 需要同义改写、复合句理解或联系相邻信息，不能只匹配一个关键词。,读懂：“The introduction is online”是介绍部分在线完成，“the packing demonstration is in person”是打包示范必须到场观看。 解析：需要本人参加的是打包示范，之后才可开始打包。在线介绍不要求现场；两部分全在线忽略转折；只填联系方式既非示范，也不能代替操作培训。,2026-09-27
L156,listening,listen_announcement,Library quiet floor,简单,语用与隐含意图,silent / headphones,每份（1 组，2 个小题）,90,question_bank/sources/expanded_listening.py,明确区分安静电脑使用与通话、讨论。 主要依靠明确线索、常见表达或单一关系；适合作为基础练习。,读懂：“reserved for silent study”是专供安静自习，“follows student requests”说明调整是回应学生对安静空间的需求。 解析：三楼改为静音区是为了考试期间安静学习，不是电脑被移走或图书馆不接待访客。一楼仍供小组合作，不能说永久关闭；考试后还会评估安排。,2026-09-27
L157,listening,listen_announcement,Library quiet floor,简单,细节定位,silent / headphones,每份（1 组，2 个小题）,90,question_bank/sources/expanded_listening.py,明确区分安静电脑使用与通话、讨论。 主要依靠明确线索、常见表达或单一关系；适合作为基础练习。,读懂：“may still use laptops”是仍可用笔记本电脑，“wear headphones for audio”要求有声音时戴耳机，不是禁用电子设备。 解析：三楼允许安静用电脑；小组讨论须去一楼，电话要到自习室外，外放音频违背耳机要求。禁止出声与禁止使用电脑并不相同。,2026-09-27
L158,listening,listen_announcement,Field trip footwear,简单,细节定位,footwear / alternative,每份（1 组，2 个小题）,90,question_bank/sources/expanded_listening.py,借用外套与自备鞋子的条件清楚。 主要依靠明确线索、常见表达或单一关系；适合作为基础练习。,读懂：“shoes with a firm grip”是抓地防滑的鞋，“no spare footwear”说明系里没有备用鞋；防水外套则可借。 解析：学生必须自备合适鞋子，因为要走湿滑岩石。外套不是人人都得自带；公告没有要求学生提供大巴或给全班带午餐，这些都超出个人准备责任。,2026-09-27
L159,listening,listen_announcement,Field trip footwear,简单,细节定位,footwear / alternative,每份（1 组，2 个小题）,90,question_bank/sources/expanded_listening.py,借用外套与自备鞋子的条件清楚。 主要依靠明确线索、常见表达或单一关系；适合作为基础练习。,读懂：“alternative observation activity on campus”是改在校内做观察活动；“even if”表示即使午餐已付款，也不例外。 解析：鞋不合适就不能走野外路线，须参加校内替代活动。午餐付款不能豁免安全要求；赤脚走不安全且未获允许；系里明确没备用鞋，不能指望自动借到靴子。,2026-09-27
L160,listening,listen_announcement,Research participant payments,简单,细节定位,withdraw / completed,每份（1 组，2 个小题）,90,question_bank/sources/expanded_listening.py,退出例外与已完成部分付费、无需解释原因三个信息需组合。 主要依靠明确线索、常见表达或单一关系；适合作为基础练习。,读懂：“contact email”是接收联系信息的邮箱，“before leaving today”把核对时间限定在今天离开前；报酬通过电子方式发放。 解析：离开前要确认自己的邮箱正确，以免错过付款消息。研究者私人账户余额、其他参与者记忆分数、下学期课表，都不是通知要求核对的资料。,2026-09-27
L161,listening,listen_announcement,Research participant payments,困难,推断与条件整合,withdraw / completed,每份（1 组，2 个小题）,90,question_bank/sources/expanded_listening.py,退出例外与已完成部分付费、无需解释原因三个信息需组合。 需要处理抽象关系、限制条件、隐含态度或更复杂句法，并排除同主题的近似解释。,读懂：“payment for sessions you have finished”是已完成的场次仍有报酬，“do not need to explain your decision”是退出不必说明理由。 解析：完成两场后退出，仍可拿这两场的钱且不用解释。必须完成全程才给钱、先交退出理由，都加了不存在的门槛；用其他研究额度代替钱也未提。,2026-09-27
L162,listening,listen_announcement,Water interruption,简单,细节定位,interruption / equipment,每份（1 组，2 个小题）,90,question_bank/sources/expanded_listening.py,水恢复与洗衣房恢复不是同一时间，设备检查解释差异。 主要依靠明确线索、常见表达或单一关系；适合作为基础练习。,读懂：“neighboring recreation center”是旁边的活动中心，“remain available”说明那里的厕所和洗手池仍可用；需出示住宿卡。 解析：西楼停水时可去活动中心用洗手池，不是去停水楼的任意浴室。洗衣房尚未开放；维修现场也未被指定为用水地点。替代服务位于另一栋楼。,2026-09-27
L163,listening,listen_announcement,Water interruption,适中,语用与隐含意图,interruption / equipment,每份（1 组，2 个小题）,90,question_bank/sources/expanded_listening.py,水恢复与洗衣房恢复不是同一时间，设备检查解释差异。 需要同义改写、复合句理解或联系相邻信息，不能只匹配一个关键词。,读懂：“after water returns”是恢复供水之后，“check its equipment”是检查洗衣设备；恢复水与开放洗衣房是两个时间点。 解析：水预计中午恢复，洗衣房一点开，是留时间让工作人员检查设备。并非一点才开始修水管，也没有新增收费或改成住房。时间延后有单独的检验原因。,2026-09-27
L164,listening,listen_announcement,Guest lecture recording,简单,细节定位,recorded / permission,每份（1 组，2 个小题）,90,question_bank/sources/expanded_listening.py,区分讲座、答疑、缺席者提问和公开传播权限。 主要依靠明确线索、常见表达或单一关系；适合作为基础练习。,读懂：“The question period afterward will not be recorded”是之后的问答不录制；这样大家能自由讨论尚不成熟的想法。 解析：不录的是问答环节，嘉宾讲座本身会录并上传课程网站。整场都不录扩大了否定范围；仅不录课程介绍或一律不录幻灯片都没有证据。,2026-09-27
L165,listening,listen_announcement,Guest lecture recording,适中,细节定位,recorded / permission,每份（1 组，2 个小题）,90,question_bank/sources/expanded_listening.py,区分讲座、答疑、缺席者提问和公开传播权限。 需要同义改写、复合句理解或联系相邻信息，不能只匹配一个关键词。,读懂：“submit a question through the course page before two o'clock”是两点前通过课程网页提交问题；老师会选其中几个代问。 解析：不能到场也可提前在线提问，但不保证所有问题都会被问到。擅自公开录像违反许可限制；取消活动或参加另一场未公布讲座，都不是提供的替代参与方式。,2026-09-27
L166,listening,listen_announcement,Market stall setup,适中,细节定位,loading / registration,每份（1 组，2 个小题）,90,question_bank/sources/expanded_listening.py,推算开放时间，并区分车辆截止和顾客进场时间。 需要同义改写、复合句理解或联系相邻信息，不能只匹配一个关键词。,读懂：“by eight forty-five”是八点四十五前，“fifteen minutes before the market opens”说明撤车时间比开市早十五分钟。 解析：八点四十五加十五分钟是九点，所以市场九点开放。七点半只允许开始布摊；八点四十五是车辆离场截止；十点十五没有依据，不能随意多加时间。,2026-09-27
L167,listening,listen_announcement,Market stall setup,困难,推断与条件整合,loading / registration,每份（1 组，2 个小题）,90,question_bank/sources/expanded_listening.py,推算开放时间，并区分车辆截止和顾客进场时间。 需要处理抽象关系、限制条件、隐含态度或更复杂句法，并排除同主题的近似解释。,读懂：“after that time”承接八点四十五的撤车截止，“loading bay on East Road”是东路装卸区；之后要自己把货搬进去。 解析：八点五十已过车辆截止，应到东路卸货再搬往广场。不能因九点才开市就继续开进广场；预订电源只影响插座资格，不能豁免车辆规定；在入口等顾客也非办法。,2026-09-27
L168,listening,listen_announcement,Digital archive workshop,适中,语用与隐含意图,scanners / deleted,每份（1 组，2 个小题）,90,question_bank/sources/expanded_listening.py,设备需求解释地点变化，保存文件规则由删除时点决定。 需要同义改写、复合句理解或联系相邻信息，不能只匹配一个关键词。,读懂：“moved from Room 18 to the media lab”是从十八号室改到媒体实验室，“because”后说明需要专用扫描仪。 解析：新地点有必需设备，所以活动搬迁。开始时间仍为两点半，并非原时间太早；停车区大小和原房间禁纸均未提到。地点变更不等于时间、所有使用规则都变了。,2026-09-27
L169,listening,listen_announcement,Digital archive workshop,适中,细节定位,scanners / deleted,每份（1 组，2 个小题）,90,question_bank/sources/expanded_listening.py,设备需求解释地点变化，保存文件规则由删除时点决定。 需要同义改写、复合句理解或联系相邻信息，不能只匹配一个关键词。,读懂：“will be deleted”是将被删除，“that evening”指当天晚上，“bring a storage device or upload your work”是自带存储设备或上传保存。 解析：应离开前把成果存到实验室电脑以外，不能依赖永久保留。等次日再复制可能已来不及；打印到脆弱纸张既不能替代数字备份，也违背保护材料的提醒。,2026-09-27
L170,listening,listen_announcement,Exam room identification,简单,细节定位,identification / temporary,每份（1 组，2 个小题）,90,question_bank/sources/expanded_listening.py,识别证件照片的例外与提前检查的目的。 主要依靠明确线索、常见表达或单一关系；适合作为基础练习。,读懂：“A photograph of a card on your phone will not be accepted”明确说手机上的证件照片不被接受，不等于所有带照片的证件都无效。 解析：不合格的是拍下来的学生卡图片。有效学生卡、其他官方带照片证件，以及行政处开的临时准考通行证，都有公告依据可用。,2026-09-27
L171,listening,listen_announcement,Exam room identification,适中,语用与隐含意图,identification / temporary,每份（1 组，2 个小题）,90,question_bank/sources/expanded_listening.py,识别证件照片的例外与提前检查的目的。 需要同义改写、复合句理解或联系相邻信息，不能只匹配一个关键词。,读懂：“twenty minutes early”是提前二十分钟，“so identification checks do not delay the start”是留出身份核验时间，避免耽误开考。 解析：早到的目的是验身份，不是先参加另一场考试或自行选题。手机须留在指定区域，也不能把早到解释成考试中能取手机；这些都不是因果句所说明的用途。,2026-09-27
L172,listening,listen_announcement,Garden maintenance day,简单,主旨与目的,maintenance / frozen,每份（1 组，2 个小题）,90,question_bank/sources/expanded_listening.py,对比种植与维修，再定位天气备选任务。 主要依靠明确线索、常见表达或单一关系；适合作为基础练习。,读懂：“focus on repairing paths rather than planting”是重点修小路，而不是种植物；“rather than”明确排除了容易联想到的园艺活动。 解析：本次主要计划是修路，不是种满所有空地。手套和工具由组织者提供，并非卖防护衣；新建学校更不在通知中。孩子做种子标签是分区小任务，不能替代全场重点。,2026-09-27
L173,listening,listen_announcement,Garden maintenance day,简单,细节定位,maintenance / frozen,每份（1 组，2 个小题）,90,question_bank/sources/expanded_listening.py,对比种植与维修，再定位天气备选任务。 主要依靠明确线索、常见表达或单一关系；适合作为基础练习。,读懂：“If the ground is frozen”是如果地面结冻，“switch to cleaning tools inside the shed”是改到棚屋里清洁工具。 解析：结冻触发室内备用活动，不是永久关园或丢掉所有工具。孩子始终不得进入修路区，不能因为天气变了就推成由孩子单独修路；换任务不等于取消全部劳动。,2026-09-27
L174,listening,listen_announcement,Student journal submissions,适中,细节定位,discipline / eligible,每份（1 组，2 个小题）,90,question_bank/sources/expanded_listening.py,区分摘要和全文阶段，并理解面向非专业读者的要求。 需要同义改写、复合句理解或联系相邻信息，不能只匹配一个关键词。,读懂：“no more than two hundred words”是不超过两百词，“Do not send the full article yet”是现在先别交全文。 解析：十一月十日前只需短摘要，入选后才获得指导和全文期限。所有人立即交完整精修稿错在阶段；发表证明不是要求，已发表作品反而不合格；学科也不限一个。,2026-09-27
L175,listening,listen_announcement,Student journal submissions,适中,语用与隐含意图,discipline / eligible,每份（1 组，2 个小题）,90,question_bank/sources/expanded_listening.py,区分摘要和全文阶段，并理解面向非专业读者的要求。 需要同义改写、复合句理解或联系相邻信息，不能只匹配一个关键词。,读懂：“understandable to readers outside that field”是让本专业以外的人也能看懂；“any discipline”表示作者研究可来自任何学科。 解析：文章面向跨专业读者，不只同术语圈的专家，也不只作者同学或海外编辑。作者来自什么领域与读者需要什么背景是不同维度，跨学科投稿不表示可以堆满专门术语。,2026-09-27
L176,listening,listen_announcement,Pool lane allocation,简单,细节定位,reserved / trial,每份（1 组，2 个小题）,90,question_bank/sources/expanded_listening.py,部分泳道保留与四周试行直接给出。 主要依靠明确线索、常见表达或单一关系；适合作为基础练习。,读懂：“two pool lanes”只是两条泳道，“remaining lanes will stay open”表示其余泳道照常供自主游泳者使用。 解析：晚六至七点的变化是两条道用于教学，并非全池关闭。无障碍更衣室和升降设施仍可用；只允许没有教练的人游泳更与上课安排相反。,2026-09-27
L177,listening,listen_announcement,Pool lane allocation,简单,细节定位,reserved / trial,每份（1 组，2 个小题）,90,question_bank/sources/expanded_listening.py,部分泳道保留与四周试行直接给出。 主要依靠明确线索、常见表达或单一关系；适合作为基础练习。,读懂：“a trial arrangement for four weeks”是试行四周；“between six and seven”说的是每天晚间的上课时段，不是试行总长度。 解析：试行持续四周。一晚上混淆单次安排与整个试用周期；六个月和两年都没有依据。下周是开始时间，也不是结束时点或持续时长。,2026-09-27
L178,listening,listen_announcement,Astronomy night weather plan,简单,细节定位,observations / darkness,每份（1 组，2 个小题）,90,question_bank/sources/expanded_listening.py,天气替代安排明确，手机亮屏的影响需理解因果。 主要依靠明确线索、常见表达或单一关系；适合作为基础练习。,读懂：“If clouds prevent telescope viewing”是如果云层挡住望远镜观测，“go ahead either way”表示不管哪种天气活动都照常进行。 解析：多云时改到讲堂，用近期观测资料作室内演示，而不是自动取消。无需自带设备的要求未变；开始仍是八点，没有改到黎明。天气改变的是活动形式，不是有无活动。,2026-09-27
L179,listening,listen_announcement,Astronomy night weather plan,适中,语用与隐含意图,observations / darkness,每份（1 组，2 个小题）,90,question_bank/sources/expanded_listening.py,天气替代安排明确，手机亮屏的影响需理解因果。 需要同义改写、复合句理解或联系相邻信息，不能只匹配一个关键词。,读懂：“eyes need time to adjust to darkness”是眼睛需要时间适应黑暗；亮手机屏会打扰这种适应，不是在改变望远镜。 解析：避开亮屏是保护暗处观察状态。手机不会因在户外就不能工作，也没有要求永久没收所有手机；望远镜尺寸更不受屏幕亮度改变。提醒针对使用方式而非持有权。,2026-09-27
L180,listening,listen_announcement,Peer tutoring appointments,适中,细节定位,cancellation / unclaimed,每份（1 组，2 个小题）,90,question_bank/sources/expanded_listening.py,候补资格与限时接受名额不同，需要推断逾期后果。 需要同义改写、复合句理解或联系相邻信息，不能只匹配一个关键词。,读懂：“have two hours to accept”是收到名额通知后有两小时确认接受；加入候补名单本身“does not reserve a place”，并没有锁定席位。 解析：确认期限是两小时，不是两天、十分钟或整个学期。时钟对应的是获得空位通知后的回应窗口，不是从加入名单那刻一直计算，也不是辅导课时长。,2026-09-27
L181,listening,listen_announcement,Peer tutoring appointments,困难,推断与条件整合,cancellation / unclaimed,每份（1 组，2 个小题）,90,question_bank/sources/expanded_listening.py,候补资格与限时接受名额不同，需要推断逾期后果。 需要处理抽象关系、限制条件、隐含态度或更复杂句法，并排除同主题的近似解释。,读懂：“Unclaimed places then pass to the next person”是没被及时确认的空位会转给下一位；通知已给两小时接受期限。 解析：三小时未回复超过期限，因此席位很可能转给候补下一人。先排队不代表无限保留；自动进入其他场次未被承诺；必须明确拒绝才失效则忽视了逾时规则。,2026-09-27
L182,listening,listen_announcement,Campus art installation,简单,细节定位,barriers / separately,每份（1 组，2 个小题）,90,question_bank/sources/expanded_listening.py,区分施工、开放和另行安排的活动。 主要依靠明确线索、常见表达或单一关系；适合作为基础练习。,读懂：“the marked path through the courtyard”是穿过庭院的标记通道，“until the barriers are removed”表示围挡拆除前要走这条路。 解析：施工期间行人按庭院标线进入，楼本身仍开放。爬围挡不符合指引；送货车通道并非无限制的人行入口；等下月重新开楼则捏造了整楼关闭。,2026-09-27
L183,listening,listen_announcement,Campus art installation,适中,推断与条件整合,barriers / separately,每份（1 组，2 个小题）,90,question_bank/sources/expanded_listening.py,区分施工、开放和另行安排的活动。 需要同义改写、复合句理解或联系相邻信息，不能只匹配一个关键词。,读懂：“will be announced separately”是之后另外通知，“not scheduled for installation day”明确排除了安装当天举办交流。 解析：艺术家讨论的日期尚待另行公布。周二是装雕塑的日子，九至十一点是送货车时段，都不能移作讨论时间；也不是永久取消，更非进楼的前提。,2026-09-27
L184,listening,listen_announcement,Borrowing presentation equipment,适中,细节定位,connector / overnight,每份（1 组，2 个小题）,90,question_bank/sources/expanded_listening.py,设备接口和归还延迟会影响不同借用者。 需要同义改写、复合句理解或联系相邻信息，不能只匹配一个关键词。,读懂：“check the connector you need before collection”是取设备前核对所需接口，“not every laptop uses the same adapter”是电脑转接头并不通用。 解析：借用者应确认自己电脑需要哪种连接器，避免借回后连不上。工作人员的软件密码和外壳颜色无关；提前至少一天预约是明确要求，不是要检查能否绕开。,2026-09-27
L185,listening,listen_announcement,Borrowing presentation equipment,适中,语用与隐含意图,connector / overnight,每份（1 组，2 个小题）,90,question_bank/sources/expanded_listening.py,设备接口和归还延迟会影响不同借用者。 需要同义改写、复合句理解或联系相邻信息，不能只匹配一个关键词。,读懂：“if you expect a delay”是预计会晚还，“contact the desk immediately”要求立即联系服务台，不是等到真的超时。 解析：应尽快通知媒体借用台，因为会影响下一人的预约。自行网上延长且不通知没有依据；只还连接器无法让下一人用投影仪；次早询问原转接头也没处理归还延误。,2026-09-27
L186,listening,listen_announcement,Food collection for commuters,适中,细节定位,dietary / order code,每份（1 组，2 个小题）,90,question_bank/sources/expanded_listening.py,预订、领取时段与代领凭据是不同条件。 需要同义改写、复合句理解或联系相邻信息，不能只匹配一个关键词。,读懂：“by noon on the same day”是取餐当天中午前，限定下单时限；“between four and five thirty”则是下午领取时段。 解析：订单截止在当日中午，不是五点半后，也不要求只能提前一周。到站时间由个人行程决定，不能替代固定截止；通勤受延误时允许代领，但没有放宽下单时间。,2026-09-27
L187,listening,listen_announcement,Food collection for commuters,适中,推断与条件整合,dietary / order code,每份（1 组，2 个小题）,90,question_bank/sources/expanded_listening.py,预订、领取时段与代领凭据是不同条件。 需要同义改写、复合句理解或联系相邻信息，不能只匹配一个关键词。,读懂：“by showing the order code”是出示订单码后代领，“not held overnight”是未领餐不会留到第二天。 解析：朋友可凭订单码领取，不能让工作人员在没有码的情况下猜订单。第二天再来违背不过夜规定；取餐时改饮食要求也不是代领条件，特殊需求应下单时说明。,2026-09-27
L188,listening,listen_academic_talk,Why islands have unusual species,适中,主旨与目的,isolation / traits,每份（1 组，4 个小题）,180,question_bank/sources/expanded_listening.py,隔离同时造成物种特征和脆弱性；入侵捕食者的后果需要推断。 需要同义改写、复合句理解或联系相邻信息，不能只匹配一个关键词。,读懂：“isolation”是地理隔离，“distinctive communities”指独特的生物群落，“vulnerable”是容易受伤害；结尾把独特性与脆弱性连起来。 解析：全文说明隔离如何塑造岛上生物，也带来外来威胁风险。到达受偶然性影响，并非可完全预测；隔离不保证捕食者到来后仍安全；货运监控是保护措施，不是物种起源的解释。,2026-09-27
L189,listening,listen_academic_talk,Why islands have unusual species,适中,细节定位,isolation / traits,每份（1 组，4 个小题）,180,question_bank/sources/expanded_listening.py,隔离同时造成物种特征和脆弱性；入侵捕食者的后果需要推断。 需要同义改写、复合句理解或联系相邻信息，不能只匹配一个关键词。,读懂：“better travelers”是更能跨越距离传播的生物，“chance also matters”说明偶然机会也影响谁能到岛上。 解析：到达者是经传播能力和偶然性筛选的小部分，并非大陆物种的完整样本。不能只按种群数量预测；适应岛上未来条件是到达后的事；岛上食物限制也不决定大陆生物为何开始出行。,2026-09-27
L190,listening,listen_academic_talk,Why islands have unusual species,困难,推断与条件整合,isolation / traits,每份（1 组，4 个小题）,180,question_bank/sources/expanded_listening.py,隔离同时造成物种特征和脆弱性；入侵捕食者的后果需要推断。 需要处理抽象关系、限制条件、隐含态度或更复杂句法，并排除同主题的近似解释。,读懂：“animals that evolved without it”是从未有这种捕食者的环境中演化的动物；“without”提示它们可能缺乏应对威胁的特征。 解析：新捕食者会重创未适应它的当地动物，而不是当地动物主要通过与它竞争演化而来。隔离使捕食者找不到足够猎物、货运监控偏袒本地捕食者，都不是所给原因。,2026-09-27
L191,listening,listen_academic_talk,Why islands have unusual species,适中,篇章作用与结构,isolation / traits,每份（1 组，4 个小题）,180,question_bank/sources/expanded_listening.py,隔离同时造成物种特征和脆弱性；入侵捕食者的后果需要推断。 需要同义改写、复合句理解或联系相邻信息，不能只匹配一个关键词。,读懂：“monitoring boats and cargo”是检查船只与货物，“reduce accidental introductions”是减少生物被意外带进岛上。 解析：这个例子展示防止外来生物进入的保护措施。它不是用来比较岛陆现有种群，也不是观察许多代的适应过程；更不能证明各物种离岛机会相等，方向已经从进入被换成离开。,2026-09-27
L192,listening,listen_academic_talk,Learning through retrieval,适中,主旨与目的,retrieval / spacing,每份（1 组，4 个小题）,180,question_bank/sources/expanded_listening.py,费力不等于无效，但难度和时间间隔也有限度。 需要同义改写、复合句理解或联系相邻信息，不能只匹配一个关键词。,读懂：“Retrieving information”是主动从记忆中提取信息，“Corrective feedback”是纠错反馈；“manageable challenge”指有难度但仍能完成的挑战。 解析：全文支持有反馈、有适当难度的回忆练习促进长期学习。轻松不保证记得牢；永远超出能力的题收益少；间隔过长反而回忆不出，不能说越久越好。,2026-09-27
L193,listening,listen_academic_talk,Learning through retrieval,适中,细节定位,retrieval / spacing,每份（1 组，4 个小题）,180,question_bank/sources/expanded_listening.py,费力不等于无效，但难度和时间间隔也有限度。 需要同义改写、复合句理解或联系相邻信息，不能只匹配一个关键词。,读懂：“prevents errors from becoming established”是防止错误被固定下来；顺序是先尝试回忆，再核对答案，而不是直接看答案。 解析：反馈帮助纠正提取时的错误。它不取消先回忆的必要，不要求避开一切难题，也不保证下一次毫不费力；适度费力本来就是练习的一部分。,2026-09-27
L194,listening,listen_academic_talk,Learning through retrieval,困难,语用与隐含意图,retrieval / spacing,每份（1 组，4 个小题）,180,question_bank/sources/expanded_listening.py,费力不等于无效，但难度和时间间隔也有限度。 需要处理抽象关系、限制条件、隐含态度或更复杂句法，并排除同主题的近似解释。,读懂：“waiting too long may make it impossible”是等太久可能完全想不起来；适当遗忘增加难度，过度遗忘则超出可练范围。 解析：间隔过长的弊端是无法成功提取信息。不是问题越来越熟而不用回想，也不是纠错不再需要；间隔仍影响难度，且这里使它变得过难。,2026-09-27
L195,listening,listen_academic_talk,Learning through retrieval,困难,语用与隐含意图,retrieval / spacing,每份（1 组，4 个小题）,180,question_bank/sources/expanded_listening.py,费力不等于无效，但难度和时间间隔也有限度。 需要处理抽象关系、限制条件、隐含态度或更复杂句法，并排除同主题的近似解释。,读懂：“feeling of ease while studying”是学习时觉得顺畅轻松，“what will be remembered later”是以后真正还记得多少，两者并不总一致。 解析：讲者警惕把当下流畅当成长期记牢。借提示完成有难度任务、回忆后核对、调节间隔都被支持，不能把这些正确操作误作被批评对象。,2026-09-27
L196,listening,listen_academic_talk,The hidden work of roots,适中,主旨与目的,rhizosphere / compounds,每份（1 组，4 个小题）,180,question_bank/sources/expanded_listening.py,专有词在原文定义；困难项需区分养分数量与生物可用性。 需要同义改写、复合句理解或联系相邻信息，不能只匹配一个关键词。,读懂：“roots are active participants”说根会主动影响环境，“release compounds”是释放化合物，并通过微生物影响养分供给。 解析：主线是根与附近土壤生物的相互作用，不是肥料总量独自决定生长。化学测量和直接观察需结合，不能完全互替；根附近土壤受到影响，不是保持不变。,2026-09-27
L197,listening,listen_academic_talk,The hidden work of roots,简单,语境词义,rhizosphere / compounds,每份（1 组，4 个小题）,180,question_bank/sources/expanded_listening.py,专有词在原文定义；困难项需区分养分数量与生物可用性。 主要依靠明确线索、常见表达或单一关系；适合作为基础练习。,读懂：“this influenced region”指受到根影响的区域，后句才给出名称“rhizosphere”，中文叫根际；它在根附近的土壤中。 解析：根际是受影响的土壤范围，不是根内部的化合物，也不是观察根的透明容器；远离根且不受影响的土壤与定义相反。想象边界只是划范围，不是真墙。,2026-09-27
L198,listening,listen_academic_talk,The hidden work of roots,适中,语用与隐含意图,rhizosphere / compounds,每份（1 组，4 个小题）,180,question_bank/sources/expanded_listening.py,专有词在原文定义；困难项需区分养分数量与生物可用性。 需要同义改写、复合句理解或联系相邻信息，不能只匹配一个关键词。,读懂：“digging up a plant changes the very relationships”是挖出植物恰好改变了要研究的关系；研究过程干扰了原有环境。 解析：挖根会扰动根与周围生物的互动，所以难以观察原状。说完全不影响附近生物直接相反；能识别的化合物数目受限、只测总养分都不是这里指出的困难。,2026-09-27
L199,listening,listen_academic_talk,The hidden work of roots,困难,推断与条件整合,rhizosphere / compounds,每份（1 组，4 个小题）,180,question_bank/sources/expanded_listening.py,专有词在原文定义；困难项需区分养分数量与生物可用性。 需要处理抽象关系、限制条件、隐含态度或更复杂句法，并排除同主题的近似解释。,读懂：“availability”是植物实际可获得的程度，“not just on total quantity”提醒养分总量并不等于能被植物利用的量。 解析：生物相互关系影响养分可用性，因此同样施肥可能长得不同。等量就等效、只测总量差异就消失，都忽略这些关系；微生物吃掉全部新增养分则是无依据的绝对化。,2026-09-27
L200,listening,listen_academic_talk,Why a translation has choices,困难,主旨与目的,interpretation / imagery,每份（1 组，4 个小题）,180,question_bank/sources/expanded_listening.py,区分字面意义、礼貌语气和文学形式，决定需有文本依据。 需要处理抽象关系、限制条件、隐含态度或更复杂句法，并排除同主题的近似解释。,读懂：“reasoned interpretation”是有理由支持的理解与转译，“relationship between speakers”是说话双方关系；还要顾交流目的与读者需要。 解析：翻译须依据文本与场景作选择，不是读起来自然就无需证据。词典对应不保证保留关系和语气；文学节奏只是要考虑的特征，并非永远压倒意思。,2026-09-27
L201,listening,listen_academic_talk,Why a translation has choices,适中,篇章作用与结构,interpretation / imagery,每份（1 组，4 个小题）,180,question_bank/sources/expanded_listening.py,区分字面意义、礼貌语气和文学形式，决定需有文本依据。 需要同义改写、复合句理解或联系相邻信息，不能只匹配一个关键词。,读懂：“word-for-word”是逐字翻译，“sound unexpectedly rude”是听起来意外地不礼貌；动作译对不等于语气译对。 解析：礼貌请求说明字面对应可能丢失社会关系和礼貌含义。不是关系决定查哪本词典，也不是语法相同就必然同语气；原文没说间接表达一定比动词形式不礼貌。,2026-09-27
L202,listening,listen_academic_talk,Why a translation has choices,适中,细节定位,interpretation / imagery,每份（1 组，4 个小题）,180,question_bank/sources/expanded_listening.py,区分字面意义、礼貌语气和文学形式，决定需有文本依据。 需要同义改写、复合句理解或联系相邻信息，不能只匹配一个关键词。,读懂：“rhythm and recurring imagery”是节奏与反复出现的意象；文学翻译除了传意，还要处理这些表达效果。 解析：额外关注的是节奏和重复意象，不是保留每个语法形式不变。文中说保住一种特征可能要调整另一种；消除全部取舍或靠词典免除风格考虑，都否认了这种权衡。,2026-09-27
L203,listening,listen_academic_talk,Why a translation has choices,适中,篇章作用与结构,interpretation / imagery,每份（1 组，4 个小题）,180,question_bank/sources/expanded_listening.py,区分字面意义、礼貌语气和文学形式，决定需有文本依据。 需要同义改写、复合句理解或联系相邻信息，不能只匹配一个关键词。,读懂：“explain particularly important decisions in notes”是用译者注说明特别重要的选择；注释让读者看见翻译背后的理由。 解析：加注是解释关键决策，不是证明只有这一种译法。选择仍要有文本证据，不能用个人喜好取代；也没说注释专为逐词保留被正文改变的意思。,2026-09-27
L204,listening,listen_academic_talk,Cooling cities with surfaces,困难,主旨与目的,reflective / passive,每份（1 组，4 个小题）,180,question_bank/sources/expanded_listening.py,局部反射、全年能耗与气候条件组成多个评价维度。 需要处理抽象关系、限制条件、隐含态度或更复杂句法，并排除同主题的近似解释。,读懂：“fitted to a place”是根据具体地点配套，“rather than copied”强调不能见别处有效就照搬；周边建筑与季节都影响效果。 解析：核心是降温策略须在本地条件中评估。只测屋顶温度会漏掉邻近影响；夏冬收益不同，不能说全年一样；异地成功也不能免去本地检验。,2026-09-27
L205,listening,listen_academic_talk,Cooling cities with surfaces,简单,细节定位,reflective / passive,每份（1 组，4 个小题）,180,question_bank/sources/expanded_listening.py,局部反射、全年能耗与气候条件组成多个评价维度。 主要依靠明确线索、常见表达或单一关系；适合作为基础练习。,读懂：“a lighter surface reflects more”是浅色表面反射更多光能；深色屋顶则“absorb”较多，也就是吸收更多能量。 解析：浅色屋顶常靠反射更多太阳能减少自身升温。把能量更多留在屋顶、夏季送入建筑内部，都与减少吸热的机制相反；减少向周围反射也颠倒了关键动作。,2026-09-27
L206,listening,listen_academic_talk,Cooling cities with surfaces,适中,语用与隐含意图,reflective / passive,每份（1 组，4 个小题）,180,question_bank/sources/expanded_listening.py,局部反射、全年能耗与气候条件组成多个评价维度。 需要同义改写、复合句理解或联系相邻信息，不能只匹配一个关键词。,读懂：“passive warming in winter”是冬季靠吸收日照得到的自然增温；少吸热在夏天有利，冬天却可能减少取暖收益。 解析：看全年能耗才能纳入季节差异，不能用某个夏日屋顶温度直接预测冬季。夏天少吸热不必然改善冬季增温；算全年能耗也不能省略行人舒适度这个独立指标。,2026-09-27
L207,listening,listen_academic_talk,Cooling cities with surfaces,适中,细节定位,reflective / passive,每份（1 组，4 个小题）,180,question_bank/sources/expanded_listening.py,局部反射、全年能耗与气候条件组成多个评价维度。 需要同义改写、复合句理解或联系相邻信息，不能只匹配一个关键词。,读懂：“structural support”是屋顶结构的承重支持，“appropriate maintenance”是适当维护；绿色屋顶不是只要种上植物就能一直运行。 解析：植物屋顶需要结构足够支撑且持续维护。完全不用维护与原话相反；定期换成反光漆并非要求；即使遮阴够好，结构承不住额外重量也不满足条件。,2026-09-27
L208,listening,listen_academic_talk,What a sample represents,困难,推断与条件整合,representative / weighting,每份（1 组，4 个小题）,180,question_bank/sources/expanded_listening.py,样本更大只能改善该群体精度，不保证代表性；权重也有边界。 需要处理抽象关系、限制条件、隐含态度或更复杂句法，并排除同主题的近似解释。,读懂：“entire city”指全城人口，“that audience”只指这场音乐会的听众；到场者与待在家的人可能偏好不同。 解析：例子说明样本未必代表目标总体，问题在选了谁，不一定是问题措辞含糊。增加同类样本不会自动覆盖其他居民；全城也不必须与最大听众群偏好一致。,2026-09-27
L209,listening,listen_academic_talk,What a sample represents,困难,细节定位,representative / weighting,每份（1 组，4 个小题）,180,question_bank/sources/expanded_listening.py,样本更大只能改善该群体精度，不保证代表性；权重也有边界。 需要处理抽象关系、限制条件、隐含态度或更复杂句法，并排除同主题的近似解释。,读懂：“more precise”是估计更精确，“for that audience”限定这种改善只适用于所调查的音乐会听众，而非全城。 解析：多问同场听众可以更准地估计这群人的偏好，但不能补上从不听音乐会的居民。地点和选人方式没变，选择偏差不会仅靠加人数自动消失，也不能据此可靠推断全城。,2026-09-27
L210,listening,listen_academic_talk,What a sample represents,简单,细节定位,representative / weighting,每份（1 组，4 个小题）,180,question_bank/sources/expanded_listening.py,样本更大只能改善该群体精度，不保证代表性；权重也有边界。 主要依靠明确线索、常见表达或单一关系；适合作为基础练习。,读懂：“defining the population they want to understand”是先明确想了解的目标人群；“population”在研究中是总体，不只指人口数量。 解析：研究者应先定研究谁，再决定怎样抽人和需要多少回应。先想要一个统计结果会倒果为因；没定对象就先选加权办法或先凑回应数，也违背原文顺序。,2026-09-27
L211,listening,listen_academic_talk,What a sample represents,适中,语用与隐含意图,representative / weighting,每份（1 组，4 个小题）,180,question_bank/sources/expanded_listening.py,样本更大只能改善该群体精度，不保证代表性；权重也有边界。 需要同义改写、复合句理解或联系相邻信息，不能只匹配一个关键词。,读懂：“adjust some known differences”是调整某些已知差异，“cannot automatically repair every missing perspective”说明不能自动补回所有漏掉的观点。 解析：加权有作用但非万能；不知道哪些人遗漏，就不能凭空恢复他们的信息。音乐会听众不会因此等同全城随机样本，简单加回应数也不是消除选择偏差的保证。,2026-09-27
L212,listening,listen_academic_talk,The uses of archaeological fragments,适中,细节定位,residues / excavation,每份（1 组，4 个小题）,180,question_bank/sources/expanded_listening.py,发现位置和实验室分析互相补充，操作改变语境的风险需理解。 需要同义改写、复合句理解或联系相邻信息，不能只匹配一个关键词。,读懂：“household sites”是家庭生活遗址，“ordinary activities across a community”指群体的日常活动；陶片可留下加热痕迹与内容物残留。 解析：碎锅有价值在于提供普通生活的证据，并非好看才有社会价值。家庭碎片不主要证明精英典礼；也无需凑成完整器物才能推测用途，关键是材料痕迹和出土语境。,2026-09-27
L213,listening,listen_academic_talk,The uses of archaeological fragments,适中,语用与隐含意图,residues / excavation,每份（1 组，4 个小题）,180,question_bank/sources/expanded_listening.py,发现位置和实验室分析互相补充，操作改变语境的风险需理解。 需要同义改写、复合句理解或联系相邻信息，不能只匹配一个关键词。,读懂：“record its position before removing it”是移动前记录位置，“cannot always be reconstructed afterward”说明出土关系事后未必能恢复。 解析：保留原位置是防止挖走后失去语境。位置并不能独自揭示全部内容物；实验室技术也不能保证补回遗漏的现场关系；不同出土处不必然代表器物用途不同。,2026-09-27
L214,listening,listen_academic_talk,The uses of archaeological fragments,简单,细节定位,residues / excavation,每份（1 组，4 个小题）,180,question_bank/sources/expanded_listening.py,发现位置和实验室分析互相补充，操作改变语境的风险需理解。 主要依靠明确线索、常见表达或单一关系；适合作为基础练习。,读懂：“Contamination”是外来物质污染样本，“residue analysis”是分析器物上的残留物；污染可能使检测结果不再反映原内容物。 解析：使分析复杂的是样本污染，不是记录周边物品或搬动前采取防护。这些措施用于保护证据；结合材质和位置比较也有助解释，不能把预防办法反当问题来源。,2026-09-27
L215,listening,listen_academic_talk,The uses of archaeological fragments,适中,语用与隐含意图,residues / excavation,每份（1 组，4 个小题）,180,question_bank/sources/expanded_listening.py,发现位置和实验室分析互相补充，操作改变语境的风险需理解。 需要同义改写、复合句理解或联系相邻信息，不能只匹配一个关键词。,"读懂：“These precautions may appear slow, but”是这些防范步骤虽显得慢，但后面要说明其价值；“reliable evidence”指可靠的证据。 解析：讲者赞成谨慎操作，因为它使不起眼的物件也能提供可靠信息。难看不能成为跳过步骤的理由；实验室技术不取代仔细发掘；未来好不好展览也不是主要依据。",2026-09-27
L216,listening,listen_academic_talk,How public goods are maintained,适中,语境词义,collective-action / administration,每份（1 组，4 个小题）,180,question_bank/sources/expanded_listening.py,公共利益与个人出资不自动一致，制度安排依赖社区规模。 需要同义改写、复合句理解或联系相邻信息，不能只匹配一个关键词。,读懂：“everyone waits for someone else to contribute”是人人都等别人出钱出力，“collective-action problem”就是共享利益却难以共同行动的问题。 解析：公园人人受益，但维护可能无人承担。不是成本让公园只能一人用，也不是一个人乘凉就减少别人的阴凉；贡献规则必定打击志愿者更非原文意思。,2026-09-27
L217,listening,listen_academic_talk,How public goods are maintained,简单,细节定位,collective-action / administration,每份（1 组，4 个小题）,180,question_bank/sources/expanded_listening.py,公共利益与个人出资不自动一致，制度安排依赖社区规模。 主要依靠明确线索、常见表达或单一关系；适合作为基础练习。,读懂：“organize volunteer days”是安排志愿服务日，大家共同维护；还可制定贡献规则或用地方税支持，办法依情况选择。 解析：组织志愿维护是明确提到的解决方式。享受公园不会自动付清维护费；所有规模都套同一种非正式规则违背因地制宜；等人人出一样多再动工也未提。,2026-09-27
L218,listening,listen_academic_talk,How public goods are maintained,适中,推断与条件整合,collective-action / administration,每份（1 组，4 个小题）,180,question_bank/sources/expanded_listening.py,公共利益与个人出资不自动一致，制度安排依赖社区规模。 需要同义改写、复合句理解或联系相邻信息，不能只匹配一个关键词。,读懂：“members know each other may coordinate informally”说熟悉彼此的小群体可能非正式协调；大城市则可能需要正式管理来组织众多人。 解析：规模大时非正式协作较难，正式管理是应对协调需求，不表示城市居民一定不爱公共空间。它也不取消支出透明的重要性；小群体反而必须比大群体规则更细并无依据。,2026-09-27
L219,listening,listen_academic_talk,How public goods are maintained,适中,语用与隐含意图,collective-action / administration,每份（1 组，4 个小题）,180,question_bank/sources/expanded_listening.py,公共利益与个人出资不自动一致，制度安排依赖社区规模。 需要同义改写、复合句理解或联系相邻信息，不能只匹配一个关键词。,读懂：“Clear information about how funds are used”是清楚说明钱会怎么用；公开维护计划让居民知道承诺的修路或添设备是否落实。 解析：透明的支出信息有助信任。无论规模都用非正式规则并非保证；等别人付钱是困境而非解法；只数公园使用量却不解释维护支出，也没有回应资金用途疑虑。,2026-09-27
L220,listening,listen_academic_talk,Reading layers of rock,困难,主旨与目的,sedimentary / faulting,每份（1 组，4 个小题）,180,question_bank/sources/expanded_listening.py,现存层序可受形变和侵蚀改变，缺失不代表没有事件。 需要处理抽象关系、限制条件、隐含态度或更复杂句法，并排除同主题的近似解释。,读懂：“what has survived”是保存下来的地质记录，“removed or rearranged”是被移除或重新排列；地层不是始终完整未变的时间表。 解析：主旨是结合缺失与后期变化解释岩层历史。仅凭岩石类型不足以重建全部历史；有缺口不等于保存部分全无价值；褶皱断层也可能改变原顺序。,2026-09-27
L221,listening,listen_academic_talk,Reading layers of rock,适中,细节定位,sedimentary / faulting,每份（1 组，4 个小题）,180,question_bank/sources/expanded_listening.py,现存层序可受形变和侵蚀改变，缺失不代表没有事件。 需要同义改写、复合句理解或联系相邻信息，不能只匹配一个关键词。,读懂：“Similar materials can form in more than one environment”是相似物质可能形成于不同环境；颗粒大小、形状和排列能提供额外线索。 解析：岩石类型不能唯一指向形成环境，因此还要看颗粒特征。说颗粒与环境无关或类型总能锁定单一环境都不符；颗粒分析也不能取代后期构造调查。,2026-09-27
L222,listening,listen_academic_talk,Reading layers of rock,简单,细节定位,sedimentary / faulting,每份（1 组，4 个小题）,180,question_bank/sources/expanded_listening.py,现存层序可受形变和侵蚀改变，缺失不代表没有事件。 主要依靠明确线索、常见表达或单一关系；适合作为基础练习。,读懂：“Later folding or faulting”是后来的褶皱或断层活动，“complicate that arrangement”说明它们会扰乱原来上新下老的排列。 解析：改变原层序的是构造变形。新沉积在旧层之上属于正常次序；层内保存贝壳只是内容特征；不同环境形成相似材料也不必然把地层移动或翻转。,2026-09-27
L223,listening,listen_academic_talk,Reading layers of rock,困难,推断与条件整合,sedimentary / faulting,每份（1 组，4 个小题）,180,question_bank/sources/expanded_listening.py,现存层序可受形变和侵蚀改变，缺失不代表没有事件。 需要处理抽象关系、限制条件、隐含态度或更复杂句法，并排除同主题的近似解释。,读懂：“no preserved deposit”是没有保存下来的沉积，“erosion”是侵蚀；也可能那段时间本就很少沉积，而非什么都没发生。 解析：缺口可来自未积累或后来被移除，两种可能都要保留。不能认定地区毫无变化，也不能一律断言岩层倒转；说只有侵蚀一种原因则删掉了原文明说的另一可能。,2026-09-27
L224,listening,listen_academic_talk,Attention and interruptions,适中,语境词义,resumption / nonurgent,每份（1 组，4 个小题）,180,question_bank/sources/expanded_listening.py,中断后的恢复成本与答复速度不同，需跨句评价总体工作表现。 需要同义改写、复合句理解或联系相邻信息，不能只匹配一个关键词。,读懂：“resumption”是中断后继续，“reconstruct what they were doing”是重新想起刚才在做什么；这段恢复思路的额外付出就是恢复成本。 解析：它发生在回到原任务时，不等于回复消息本身花的时间，也不是中断前正常做任务的投入。集中非紧急通知是一种改善办法，不是这个概念的定义。,2026-09-27
L225,listening,listen_academic_talk,Attention and interruptions,简单,细节定位,resumption / nonurgent,每份（1 组，4 个小题）,180,question_bank/sources/expanded_listening.py,中断后的恢复成本与答复速度不同，需跨句评价总体工作表现。 主要依靠明确线索、常见表达或单一关系；适合作为基础练习。,读懂：“between two completed steps”是在两个已完成步骤之间；相比之下，脑中还在比较多个可能时更容易被打乱。 解析：步骤边界处中断可能影响较小，因为不必保留尚未完成的复杂比较。记忆里握着多种方案或比较未完时都更敏感；回复快只描述消息处理速度，不保证原工作损失小。,2026-09-27
L226,listening,listen_academic_talk,Attention and interruptions,适中,语用与隐含意图,resumption / nonurgent,每份（1 组，4 个小题）,180,question_bank/sources/expanded_listening.py,中断后的恢复成本与答复速度不同，需跨句评价总体工作表现。 需要同义改写、复合句理解或联系相邻信息，不能只匹配一个关键词。,读懂：“record the next action”是记下回来后下一步做什么；写“unresolved conflict”这种尚待解决的冲突，比笼统写完成规划更有帮助。 解析：短笔记保存当前目标，让人知道从哪里继续，不是免除完成任务。它不能把急件变成非急件，也不是在计量回复速度；关键是保留具体待办线索。,2026-09-27
L227,listening,listen_academic_talk,Attention and interruptions,困难,推断与条件整合,resumption / nonurgent,每份（1 组，4 个小题）,180,question_bank/sources/expanded_listening.py,中断后的恢复成本与答复速度不同，需跨句评价总体工作表现。 需要处理抽象关系、限制条件、隐含态度或更复杂句法，并排除同主题的近似解释。,读懂：“fast replies alone do not capture overall performance”是单看回消息快，无法反映整体表现；被打断任务的完成质量也须计入。 解析：快回复可能掩盖主任务质量下降，因此需要测量后者。两者不一定同步改善；消息长短也不全面代表恢复成本；集中通知更不意味着原工作不必评价。,2026-09-27
L228,listening,listen_academic_talk,What makes a material recyclable,困难,主旨与目的,recyclable / bonded,每份（1 组，4 个小题）,180,question_bank/sources/expanded_listening.py,技术可回收与本地实际回收区分明确，还需考虑分离和需求。 需要处理抽象关系、限制条件、隐含态度或更复杂句法，并排除同主题的近似解释。,读懂：“not guaranteed to be recycled”是不保证最终真的被回收；“technically possible”只表示技术上做得到，不保证本地区有设施能处理。 解析：讲者区分理论可回收与实际回收结果，还要看收集、分拣、处理和再利用需求。标签不显示实际再利用数量，材料成分也不是唯一因素；某地有工艺不等于本地可用。,2026-09-27
L229,listening,listen_academic_talk,What makes a material recyclable,适中,细节定位,recyclable / bonded,每份（1 组，4 个小题）,180,question_bank/sources/expanded_listening.py,技术可回收与本地实际回收区分明确，还需考虑分离和需求。 需要同义改写、复合句理解或联系相邻信息，不能只匹配一个关键词。,读懂：“tightly bonded layers”是紧密粘在一起的多层材料；与单一材料容器相比，这类结构更难分离和分拣。 解析：难点在于为了后续处理，必须把复合层区分开，不能说多层结构免去了分类。它也不会自动隔离食物残留，更不保证每种回收成分都有买家；这些是不同环节的问题。,2026-09-27
L230,listening,listen_academic_talk,What makes a material recyclable,适中,语用与隐含意图,recyclable / bonded,每份（1 组，4 个小题）,180,question_bank/sources/expanded_listening.py,技术可回收与本地实际回收区分明确，还需考虑分离和需求。 需要同义改写、复合句理解或联系相邻信息，不能只匹配一个关键词。,读懂：“available equipment”是当地已有的处理设备，“cannot handle”表示某设施处理不了某类容器；不同地方的能力可能不同。 解析：地区指引差异可由设备与处理能力不同造成，不是消费者偏好单独决定。外观相似不证明材质完全相同；本地规则也不等于列出全球技术上能做的一切。,2026-09-27
L231,listening,listen_academic_talk,What makes a material recyclable,适中,主旨与目的,recyclable / bonded,每份（1 组，4 个小题）,180,question_bank/sources/expanded_listening.py,技术可回收与本地实际回收区分明确，还需考虑分离和需求。 需要同义改写、复合句理解或联系相邻信息，不能只匹配一个关键词。,读懂：“Reducing unnecessary packaging”是减少没必要的包装，“recycling alone cannot solve”说明只靠回收仍有解决不了的问题。 解析：更广的策略是在源头少产生多余包装。只换标签不改使用后的实际去向没有回应问题；某处能回收不等于应增加包装；只看回收符号更是全文反对的简化判断。,2026-09-27
L232,listening,listen_academic_talk,Historical accounts and perspective,困难,推断与条件整合,independent / uncertainties,每份（1 组，4 个小题）,180,question_bank/sources/expanded_listening.py,证词一致未必独立，时点、用途与共同来源限定结论可信度。 需要处理抽象关系、限制条件、隐含态度或更复杂句法，并排除同主题的近似解释。,读懂：“different places”“different actions”“different outcomes”分别指见证位置、注意到的行动和预期结果不同；两人诚实也可能记述不一致。 解析：差异可源于视角、注意和期待，并非主要用来证明谁撒谎。站同处也不保证注意一致；后来的信息还会影响记忆，不能说回忆完全不变。,2026-09-27
L233,listening,listen_academic_talk,Historical accounts and perspective,适中,细节定位,independent / uncertainties,每份（1 组，4 个小题）,180,question_bank/sources/expanded_listening.py,证词一致未必独立，时点、用途与共同来源限定结论可信度。 需要同义改写、复合句理解或联系相邻信息，不能只匹配一个关键词。,"读懂：“when a source was produced, for whom, and for what purpose”是问材料何时形成、写给谁、为何写；三者共同帮助判断证据性质。 解析：历史学家要考查时间、受众和目的，不是凭官方身份或写得早就认定完全可靠。多份内容一致也要追来源，不能先当独立证明；日记和演说各有局限。",2026-09-27
L234,listening,listen_academic_talk,Historical accounts and perspective,困难,推断与条件整合,independent / uncertainties,每份（1 组，4 个小题）,180,question_bank/sources/expanded_listening.py,证词一致未必独立，时点、用途与共同来源限定结论可信度。 需要处理抽象关系、限制条件、隐含态度或更复杂句法，并排除同主题的近似解释。,读懂：“depend on one earlier report”是都依赖同一篇早先报道；“independent confirmation”指来源互不依赖的另行证实，不是复制几遍。 解析：三家报纸可能转用同一记者描述，不能当成三名独立证人。共同结论不证明同时写成；不同目的不必然互相矛盾；私人记录也不会自动来自官方演说。,2026-09-27
L235,listening,listen_academic_talk,Historical accounts and perspective,困难,语用与隐含意图,independent / uncertainties,每份（1 组，4 个小题）,180,question_bank/sources/expanded_listening.py,证词一致未必独立，时点、用途与共同来源限定结论可信度。 需要处理抽象关系、限制条件、隐含态度或更复杂句法，并排除同主题的近似解释。,读懂：“claims whose strength matches the available evidence”是论断的确定程度要与证据力度相称，“explaining uncertainties”是把仍不确定的地方说清楚。 解析：建议是有多少支持就下多强的判断。官方且较新不自动优先；重复记述未追源不能先当证实；存在不确定也不意味所有有说服力的结论都得放弃。,2026-09-27
L236,listening,listen_choose_response,Choose the best response to the speaker.,简单,问题与解决,knob,每份（8 题，8 个小题）,160,question_bank/sources/expansion_2026_09/listen_choose_response.json,椅子总往下滑，是在反映故障；关键是调座椅旋钮直接处理下滑；降桌子只改桌高；键盘位置、到货日期都不解决故障。,keeps sinking,2026-09-27
L237,listening,listen_choose_response,Choose the best response to the speaker.,适中,条件与范围,optional,每份（8 题，8 个小题）,160,question_bank/sources/expansion_2026_09/listen_choose_response.json,optional指自愿的，对方在核实排练要求；原话是不演出才可不排练给出条件；观众离场、演出时长、购票时间都不解释演员的义务。,optional,2026-09-27
L238,listening,listen_choose_response,Choose the best response to the speaker.,简单,澄清与核实,number,每份（8 题，8 个小题）,160,question_bank/sources/expansion_2026_09/listen_choose_response.json,清楚说七十而非十七，直接完成核对。说明明天拨号没有回读数字；来电者姓名是另一项信息；读完文章把回读数字误解成普通阅读。,reading the last number back,2026-09-27
L239,listening,listen_choose_response,Choose the best response to the speaker.,适中,隐含请求,barely,每份（8 题，8 个小题）,160,question_bank/sources/expansion_2026_09/listen_choose_response.json,重点是几乎端不住碗，不是汤味道；证据是托盘能承托碗；加盐、原料针对味道；小勺不解决端碗困难。,barely hold the bowl,2026-09-27
L240,listening,listen_choose_response,Choose the best response to the speaker.,适中,提醒与回应,reserved,每份（8 题，8 个小题）,160,question_bank/sources/expansion_2026_09/listen_choose_response.json,座位留给客队，问句有提醒让座之意；关键是承认后换排直接响应；比赛胜负、客队交通、明日票务都不处理座位归属。,reserved for the visiting team,2026-09-27
L241,listening,listen_choose_response,Choose the best response to the speaker.,简单,时间条件,drilling,每份（8 题，8 个小题）,160,question_bank/sources/expansion_2026_09/listen_choose_response.json,答应开窗前检查，遵守关窗的终止条件。开工时间、上月修窗都未回应请求；午后关门则换了对象，也没有答应现在关窗。,until the drilling outside stops,2026-09-27
L242,listening,listen_choose_response,Choose the best response to the speaker.,简单,指代与识别,cable,每份（8 题，8 个小题）,160,question_bank/sources/expansion_2026_09/listen_choose_response.json,蓝胶带能区分线；幕布位置、开始时间、设备通常好用都无法识别哪根线。,which cable,2026-09-27
L243,listening,listen_choose_response,Choose the best response to the speaker.,适中,委婉偏好,initials,每份（8 题，8 个小题）,160,question_bank/sources/expansion_2026_09/listen_choose_response.json,她不愿公开全名，表达隐私顾虑；关键词是用姓名首字母减少公开信息；公布日期、姓氏拼写、大字号都不回应隐藏全名的要求。,full name,2026-09-27
L244,listening,listen_choose_response,Choose the best response to the speaker.,简单,地点核实,entrance,每份（8 题，8 个小题）,160,question_bank/sources/expansion_2026_09/listen_choose_response.json,核实面向河的入口，facing表示朝向；线索是确认并排除停车场入口回答位置；水位、昨天停车、门重刷漆都未确认入口。,facing the river,2026-09-27
L245,listening,listen_choose_response,Choose the best response to the speaker.,困难,语域与意图,formal,每份（8 题，8 个小题）,160,question_bank/sources/expansion_2026_09/listen_choose_response.json,怀疑笑话适合正式欢迎辞，正式场合是留到晚餐调整表达场合；麦克风、字号只涉及设备；只说晚餐顺序未回应笑话适不适合。,formal welcome speech,2026-09-27
L246,listening,listen_choose_response,Choose the best response to the speaker.,适中,条件识别,deposit,每份（8 题，8 个小题）,160,question_bank/sources/expansion_2026_09/listen_choose_response.json,问定金是否可退，关键词是主办方取消才退给出条件；付款方式、发车地点、报名热度均未回答退款。,refundable,2026-09-27
L247,listening,listen_choose_response,Choose the best response to the speaker.,困难,隐含修改请求,paragraph,每份（8 题，8 个小题）,160,question_bank/sources/expansion_2026_09/listen_choose_response.json,文字像在说独立完成，担心贡献归属；线索是补上帮忙的学生纠正归属；提前完成、篇幅短、移动标题都不改变谁做的。,all the work myself,2026-09-27
L248,listening,listen_choose_response,Choose the best response to the speaker.,简单,顺序与行动,hospital,每份（8 题，8 个小题）,160,question_bank/sources/expansion_2026_09/listen_choose_response.json,要在医院下一站下车，先后关系是经过医院后按铃回应下车；急诊入口、工作经历、票有效期都未说明下车安排。,after the hospital,2026-09-27
L249,listening,listen_choose_response,Choose the best response to the speaker.,简单,偏好与比较,sweet,每份（8 题，8 个小题）,160,question_bank/sources/expansion_2026_09/listen_choose_response.json,要较低甜度，而非更小份；关键词是原味酸奶提供低甜度替代；畅销不等于不甜；供应时间无关；份量小不改变甜度。,less sweet,2026-09-27
L250,listening,listen_choose_response,Choose the best response to the speaker.,适中,程序与先后,address,每份（8 题，8 个小题）,160,question_bank/sources/expansion_2026_09/listen_choose_response.json,签名前发现地址错了，问题是先改地址再签处理错误；签名匹配、签名栏数量不解决地址；已寄表不是本次操作建议。,address is wrong,2026-09-27
L251,listening,listen_choose_response,Choose the best response to the speaker.,简单,数字澄清,fifty,每份（8 题，8 个小题）,160,question_bank/sources/expansion_2026_09/listen_choose_response.json,没听清十五还是五十，需澄清五和零明确五十；运费、上次数量、付款日期均未区分两个数字。,fifteen or fifty,2026-09-27
L252,listening,listen_choose_response,Choose the best response to the speaker.,困难,隐含标准,readable,每份（8 题，8 个小题）,160,question_bank/sources/expansion_2026_09/listen_choose_response.json,担心大厅对面远看效果；距离线索是去远处测试可读性回应担心；开放时间、纸张、午间站位都未检查远观效果。,across the hall,2026-09-27
L253,listening,listen_choose_response,Choose the best response to the speaker.,简单,许可与条件,guest,每份（8 题，8 个小题）,160,question_bank/sources/expansion_2026_09/listen_choose_response.json,问能否携伴，guest指她带来的人；线索是允许并要求登记回答许可；嘉宾演讲者、请柬、现有客人均不批准携伴。,brought a guest,2026-09-27
L254,listening,listen_choose_response,Choose the best response to the speaker.,适中,间接求助,model,每份（8 题，8 个小题）,160,question_bank/sources/expansion_2026_09/listen_choose_response.json,缺少完成品的外观参照，所需的是背面照片提供外观；零件编号、预计用时、语言版本都不展示成品。,finished model,2026-09-27
L255,listening,listen_choose_response,Choose the best response to the speaker.,简单,习语与请求,lid,每份（8 题，8 个小题）,160,question_bank/sources/expansion_2026_09/listen_choose_response.json,give me a hand是帮忙，此处请帮开盖；线索是试着拧盖接下任务；洗罐经历、另有罐子、冷藏标签都不解决盖子问题。,give me a hand,2026-09-27
L256,listening,listen_choose_response,Choose the best response to the speaker.,适中,条件承诺,shift,每份（8 题，8 个小题）,160,question_bank/sources/expansion_2026_09/listen_choose_response.json,愿意代班但四点前要结束，条件词是三点半结束满足条件；四点后忙不说明结束时间；上月代班、制服均不确认时限。,as long as,2026-09-27
L257,listening,listen_choose_response,Choose the best response to the speaker.,简单,投诉与解决,receipt,每份（8 题，8 个小题）,160,question_bank/sources/expansion_2026_09/listen_choose_response.json,账单两份，实际只买一份；依据是核单改账处理多收；新鲜制作、换打印机、下次口味均不解决本次差额。,only bought one,2026-09-27
L258,listening,listen_choose_response,Choose the best response to the speaker.,简单,许可与指代,outlet,每份（8 题，8 个小题）,160,question_bank/sources/expansion_2026_09/listen_choose_response.json,问是否可用插座，请求是允许且手机充满说明可让出；续航、楼上电脑、促销均未回应插座使用许可。,may I plug in,2026-09-27
L259,listening,listen_choose_response,Choose the best response to the speaker.,适中,计划变化,introduce,每份（8 题，8 个小题）,160,question_bank/sources/expansion_2026_09/listen_choose_response.json,对原定介绍嘉宾的人选表示疑惑，过去预期是已改由玛雅接手解释变化；嘉宾作品、印有简介、去年见面均不说明现负责人。,I thought,2026-09-27
L260,listening,listen_choose_response,Choose the best response to the speaker.,适中,否定与前提,proposals,每份（8 题，8 个小题）,160,question_bank/sources/expansion_2026_09/listen_choose_response.json,提议听完两份方案再决定，前提是尚未听莉娜方案支持等待；首方案优点未回应暂缓；纸张、去年预算无关本次程序。,both proposals,2026-09-27
L261,listening,listen_choose_response,Choose the best response to the speaker.,简单,隐含意图,handles,每份（8 题，8 个小题）,160,question_bank/sources/expansion_2026_09/listen_choose_response.json,两伞相似，可能要区分归属；线索是名字能区分；天气、平时习惯、购买地点均不能辨认眼前两把。,looks just like mine,2026-09-27
L262,listening,listen_choose_response,Choose the best response to the speaker.,简单,时间变更,appointment,每份（8 题，8 个小题）,160,question_bank/sources/expansion_2026_09/listen_choose_response.json,已有预约想提前，要求是九点空档提供机会；用时、关门时间、首次预约渠道未回应提前现有预约。,moving my appointment earlier,2026-09-27
L263,listening,listen_choose_response,Choose the best response to the speaker.,适中,习语理解,explanation,每份（8 题，8 个小题）,160,question_bank/sources/expansion_2026_09/listen_choose_response.json,习语表示没听懂，不是头顶上方；线索是具体例子帮助理解；高台误作空间；听得见不等于懂；讲多久不解决理解困难。,went over my head,2026-09-27
L264,listening,listen_choose_response,Choose the best response to the speaker.,简单,要求与范围,certificate,每份（8 题，8 个小题）,160,question_bank/sources/expansion_2026_09/listen_choose_response.json,问材料要原件还是扫描件，关键是首阶段接受扫描件回答要求；寄到时间、扫描仪位置、修课经历都未说明材料形式。,original certificate,2026-09-27
L265,listening,listen_choose_response,Choose the best response to the speaker.,困难,反事实与暗示,ankle,每份（8 题，8 个小题）,160,question_bank/sources/expansion_2026_09/listen_choose_response.json,要不是脚踝问题就参加，暗含本次受限；证据是下次留位承认障碍；起点与今日带水假定现在参加；买鞋经历无关。,if it weren't for my ankle,2026-09-27
L266,listening,listen_choose_response,Choose the best response to the speaker.,简单,原因识别,catalog,每份（8 题，8 个小题）,160,question_bank/sources/expansion_2026_09/listen_choose_response.json,how come问为什么，关注展柜空着的原因；关键词是物品拿去拍目录照片解释空柜；材质、开门时间、勿触摸规定不说明原因。,How come,2026-09-27
L267,listening,listen_choose_response,Choose the best response to the speaker.,适中,隐含约定,mention,每份（8 题，8 个小题）,160,question_bank/sources/expansion_2026_09/listen_choose_response.json,between us指保密，不是空间位置；线索是承诺不告诉别人接下保密要求；午后讲违反请求；椅子位置误解习语；类似故事未承诺保密。,between us,2026-09-27
L268,listening,listen_choose_response,Choose the best response to the speaker.,简单,选择回应,light,每份（8 题，8 个小题）,160,question_bank/sources/expansion_2026_09/listen_choose_response.json,问工作时灯开还是关，需要选择；线索是明确要开并解释读笔记；下班习惯、安装日期、笔记位置均未表明灯光偏好。,on or off,2026-09-27
L269,listening,listen_choose_response,Choose the best response to the speaker.,简单,问题与解决,spare,每份（8 题，8 个小题）,160,question_bank/sources/expansion_2026_09/listen_choose_response.json,钥匙锁在柜内，实际求助；问题是找备用钥匙解决取回；清洁、选空柜、衣服放得下都不打开现柜。,left my key inside,2026-09-27
L270,listening,listen_choose_response,Choose the best response to the speaker.,简单,安排与责任,water,每份（8 题，8 个小题）,160,question_bank/sources/expansion_2026_09/listen_choose_response.json,担心外出期间植物照料；时间范围是邻居浇水提供安排；购买地点、旅行城市、花盆摆位都不保证无人时照料。,while you're away,2026-09-27
L271,listening,listen_choose_response,Choose the best response to the speaker.,适中,转折与权衡,uphill,每份（8 题，8 个小题）,160,question_bank/sources/expansion_2026_09/listen_choose_response.json,虽近但全上坡，暗示省路程不一定省力；关键是改走平缓长路回应难度；买地图、路线颜色、昨天上坡都未调整当前选择。,all uphill,2026-09-27
L272,listening,listen_choose_response,Choose the best response to the speaker.,适中,数量与单位,cabin,每份（8 题，8 个小题）,160,question_bank/sources/expansion_2026_09/listen_choose_response.json,问计价单位，per person是每人；关键是按整间收且不随人数变回答单位；景观、容量、价目位置都没说明眼前价格怎么计。,per person,2026-09-27
L273,listening,listen_choose_response,Choose the best response to the speaker.,简单,请求与回应,pause,每份（8 题，8 个小题）,160,question_bank/sources/expansion_2026_09/listen_choose_response.json,请求暂缓以便记录，pause是暂停；线索是等待准备好直接配合；卖笔记本、钟表、写报告经历都未暂停当前讲解。,pause here,2026-09-27
L274,listening,listen_choose_response,Choose the best response to the speaker.,适中,习语与核实,pavilion,每份（8 题，8 个小题）,160,question_bank/sources/expansion_2026_09/listen_choose_response.json,still on表示仍照常办，对方在确认；线索是确认并移到亭下解释雨天应对；单说有雨未明确举办与否；篮子、步道无关。,still on,2026-09-27
L275,listening,listen_choose_response,Choose the best response to the speaker.,适中,问题与解决,file type,每份（8 题，8 个小题）,160,question_bank/sources/expansion_2026_09/listen_choose_response.json,对方改发 PDF，直接提供可尝试打开的另一个格式，而不是让打不开文件的人先自行导出。改标题、提报告日期、评价照片都没有处理格式问题。,file type,2026-09-27
L276,listening,listen_choose_response,Choose the best response to the speaker.,简单,方式选择,precise,每份（8 题，8 个小题）,160,question_bank/sources/expansion_2026_09/listen_choose_response.json,问反馈采用口头还是书面；二选一是明确选择书面并给理由；上次有帮助、写作课日期、读稿场所未选本次反馈形式。,aloud or in writing,2026-09-27
L277,listening,listen_choose_response,Choose the best response to the speaker.,简单,隐含请求,labels,每份（8 题，8 个小题）,160,question_bank/sources/expansion_2026_09/listen_choose_response.json,标签快用完，暗含补充需求；线索是开工前再印补足物资；瓶子排序、标本来源、打印耗墨都没有补标签。,nearly out of labels,2026-09-27
L278,listening,listen_choose_response,Choose the best response to the speaker.,适中,委婉询问,panel,每份（8 题，8 个小题）,160,question_bank/sources/expansion_2026_09/listen_choose_response.json,委婉问桌子能否加长，关键词是底下备用板说明可扩展；桌布、房间长度、椅子样式都不回答桌子结构。,extended,2026-09-27
L279,listening,listen_choose_response,Choose the best response to the speaker.,简单,短语辨义,editor,每份（8 题，8 个小题）,160,question_bank/sources/expansion_2026_09/listen_choose_response.json,heard back是收到回复，不是听见讲话；线索是尚未且周五前答复回应进展；办公室楼层、听演讲、文章结构都没说明是否回信。,heard back,2026-09-27
L280,listening,listen_choose_response,Choose the best response to the speaker.,简单,地点与指路,stairs,每份（8 题，8 个小题）,160,question_bank/sources/expansion_2026_09/listen_choose_response.json,请指路，不是要寻物经历；请求是楼梯后左边提供路线；维修日期、丢围巾经历、员工经验都不指明地点。,point me toward,2026-09-27
L281,listening,listen_choose_response,Choose the best response to the speaker.,适中,问题与解决,microphone,每份（8 题，8 个小题）,160,question_bank/sources/expansion_2026_09/listen_choose_response.json,麦克风收进太多杂音，重点是远离风扇减少噪声源；观众数量、长电缆、开场内容不针对背景声。,every little sound,2026-09-27
L282,listening,listen_choose_response,Choose the best response to the speaker.,简单,优先次序,frozen,每份（8 题，8 个小题）,160,question_bank/sources/expansion_2026_09/listen_choose_response.json,问是否先收冷冻品，是处理优先次序；线索是其他可等确认优先；超市拥挤、付款方式、袋子好提均未排列收纳顺序。,frozen food away first,2026-09-27
L283,listening,listen_choose_response,Choose the best response to the speaker.,困难,否定问句,proofreading,每份（8 题，8 个小题）,160,question_bank/sources/expansion_2026_09/listen_choose_response.json,反问提醒发送前校对；限制是答应再查一次回应提醒；昨日消息、校对员排班、手机发送方式都未保证本次检查。,without proofreading,2026-09-27
L284,listening,listen_choose_response,Choose the best response to the speaker.,适中,许可与范围,context,每份（8 题，8 个小题）,160,question_bank/sources/expansion_2026_09/listen_choose_response.json,请求引用发言，要获得许可；关键是允许但保留语境给出引用条件；刊期、评论时间、旧刊位置均未授权引用。,quote your comment,2026-09-27
L285,listening,listen_choose_response,Choose the best response to the speaker.,适中,隐含建议,courtyard,每份（8 题，8 个小题）,160,question_bank/sources/expansion_2026_09/listen_choose_response.json,庭院噪声超预期，隐含想换更合适位置；线索是去室内回应噪声；改建年份、咖啡种类、是否加糖都不改变环境。,so noisy,2026-09-27
L286,listening,listen_choose_response,Choose the best response to the speaker.,简单,人物与归属,gloves,每份（8 题，8 个小题）,160,question_bank/sources/expansion_2026_09/listen_choose_response.json,whose问所有者，需要认领线索；关键是可能属于园丁回答归属；保暖用途、外套位置、关园时间都不说明手套是谁的。,whose gloves,2026-09-27
L287,listening,listen_choose_response,Choose the best response to the speaker.,适中,习语与请求,figures,每份（8 题，8 个小题）,160,question_bank/sources/expansion_2026_09/listen_choose_response.json,意指请别人复核，不是再要眼镜；习语是核对标签和数字是复查；移到窗边、眼镜到货、说明数据来源未进行检查。,a second pair of eyes,2026-09-27
L288,listening,listen_choose_response,Choose the best response to the speaker.,简单,建议与理由,chilly,每份（8 题，8 个小题）,160,question_bank/sources/expansion_2026_09/listen_choose_response.json,问虽暖是否仍该带外套，需要后续天气理由；线索是日落会凉说明值得带；口袋、购衣经历、现位置都不判断是否需要。,once the sun goes down,2026-09-27
L289,listening,listen_choose_response,Choose the best response to the speaker.,适中,澄清与比较,editions,每份（8 题，8 个小题）,160,question_bank/sources/expansion_2026_09/listen_choose_response.json,怀疑版本不同，要核对版本特征；关键是说封面并问对方帮助比较；喜欢旧作、书店时间、读完期限都不核对版本。,different editions,2026-09-27
L290,listening,listen_choose_response,Choose the best response to the speaker.,简单,否定与请求,compartment,每份（8 题，8 个小题）,160,question_bank/sources/expansion_2026_09/listen_choose_response.json,明确不让放顶部行李架，需要遵守；请求是放脚边尊重限制；上面有空间是在争论容量；清洁和重量均未确认照办。,don't put my bag,2026-09-27
L291,listening,listen_choose_response,Choose the best response to the speaker.,适中,社交回应,staying,每份（8 题，8 个小题）,160,question_bank/sources/expansion_2026_09/listen_choose_response.json,表示欠个人情、感谢帮助，不是计数；关键是共同完成很高兴接住感谢；明天加班、开放时间、另一个箱子都误离谢意。,I owe you one,2026-09-27
L292,listening,listen_choose_response,Choose the best response to the speaker.,简单,时间与期限,noon,每份（8 题，8 个小题）,160,question_bank/sources/expansion_2026_09/listen_choose_response.json,问多久能准备好，要求完成时间；关键是中午前印好给期限；拍摄活动、尺寸、修相机业务都没回答交付时间。,How soon,2026-09-27
L293,listening,listen_choose_response,Choose the best response to the speaker.,简单,要求与责任,goggles,每份（8 题，8 个小题）,160,question_bank/sources/expansion_2026_09/listen_choose_response.json,问是否自带护目镜，而非如何佩戴；线索是老师发放说明无需自带；能套眼镜、课程主题、上次佩戴均未说明提供方。,our own safety goggles,2026-09-27
L294,listening,listen_choose_response,Choose the best response to the speaker.,适中,委婉告辞,expire,每份（8 题，8 个小题）,160,question_bank/sources/expansion_2026_09/listen_choose_response.json,停车计时快到期，是委婉告辞原因；线索是就此道别接受离开；街上有表、会议有趣、乘公交经历都未回应离意。,about to expire,2026-09-27
L295,listening,listen_choose_response,Choose the best response to the speaker.,适中,条件整合,rate,每份（8 题，8 个小题）,160,question_bank/sources/expansion_2026_09/listen_choose_response.json,要更便宜但仍含早餐，限制是合住房较便宜且含早同时满足两点；早餐地点、退房存包、套房卧室均未满足组合需求。,still includes breakfast,2026-09-27
L296,listening,listen_choose_response,Choose the best response to the speaker.,困难,立场与证据,definite,每份（8 题，8 个小题）,160,question_bank/sources/expansion_2026_09/listen_choose_response.json,数据少却说得太确定，担心证据与语气不配；依据是给论断加限制回应不确定性；文件位置、采集日、字数都不调整确信程度。,how little data we have,2026-09-27
L297,listening,listen_choose_response,Choose the best response to the speaker.,简单,习语与请求,bench,每份（8 题，8 个小题）,160,question_bank/sources/expansion_2026_09/listen_choose_response.json,make room是腾位置，请求是挪一点能容纳人；材质、门口有人、坐这里的习惯都不腾位。,make room,2026-09-27
L298,listening,listen_choose_response,Choose the best response to the speaker.,适中,范围与许可,caption,每份（8 题，8 个小题）,160,question_bank/sources/expansion_2026_09/listen_choose_response.json,问说明文字是否给所有人标姓名；范围是仅标同意者回答范围并加隐私条件；拍照地点、两行长度、活动感受均不界定谁被标名。,identify everyone,2026-09-27
L299,listening,listen_choose_response,Choose the best response to the speaker.,适中,路线与转折,loops,每份（8 题，8 个小题）,160,question_bank/sources/expansion_2026_09/listen_choose_response.json,担心路径是否回湖边；目的地是确认会到但先绕山解释暂不朝湖；湖深、速度、地图存放未说明路线走向。,back to the lake,2026-09-27
L300,listening,listen_choose_response,Choose the best response to the speaker.,简单,请求与承诺,courier,每份（8 题，8 个小题）,160,question_bank/sources/expansion_2026_09/listen_choose_response.json,请求代管包裹直到快递员到，动作是放柜台后保存接下代管；快递员衣服、买包装地点、包裹重量均未同意保管。,leave this package with you,2026-09-27
L301,listening,listen_choose_response,Choose the best response to the speaker.,适中,时间约束,question time,每份（8 题，8 个小题）,160,question_bank/sources/expansion_2026_09/listen_choose_response.json,休息前只接一个问题，直接按剩余时间调整议程。嘉宾来自哪所学校、卡片列着上周问题、休息室椅子多，都没有安排眼下剩余的问答。,used up most of our question time,2026-09-27
L302,listening,listen_choose_response,Choose the best response to the speaker.,简单,语境辨义,twenty,每份（8 题，8 个小题）,160,question_bank/sources/expansion_2026_09/listen_choose_response.json,要把二十元换零钱，不是问售价；表达是两张十元回应换钞；二十元价格、换陈列、银行多久开均未提供零钱。,change for a twenty,2026-09-27
L303,listening,listen_choose_response,Choose the best response to the speaker.,简单,对比与行动,screen,每份（8 题，8 个小题）,160,question_bank/sources/expansion_2026_09/listen_choose_response.json,请面向听众讲话而非对幕布，关键对比是转身让大家听见落实要求；屏幕大小、发笔记、房间安静都不改变说话朝向。,rather than the screen,2026-09-27
L304,listening,listen_choose_response,Choose the best response to the speaker.,适中,选择与建议,volunteering,每份（8 题，8 个小题）,160,question_bank/sources/expansion_2026_09/listen_choose_response.json,torn between表示两者难选，线索是用周末时间匹配作比较标准帮助决定；颜色、番茄产量、亲戚经历不比较本人能否参加。,torn between,2026-09-27
L305,listening,listen_choose_response,Choose the best response to the speaker.,简单,错误修正,spelling,每份（8 题，8 个小题）,160,question_bank/sources/expansion_2026_09/listen_choose_response.json,姓名有拼写错，typo是打字错误；关键词是重印正确姓名解决；夹子强、名单有名、佩戴方向都不修正字。,typo,2026-09-27
L306,listening,listen_choose_response,Choose the best response to the speaker.,适中,假设与纠正,share,每份（8 题，8 个小题）,160,question_bank/sources/expansion_2026_09/listen_choose_response.json,核实是否均摊，equally是相等；关键词是儿童份额减半纠正均摊假设；总价包含项、收据位置、付款时间不说明各人份额。,equally,2026-09-27
L307,listening,listen_choose_response,Choose the best response to the speaker.,简单,评价与原因,beforehand,每份（8 题，8 个小题）,160,question_bank/sources/expansion_2026_09/listen_choose_response.json,评价完成比预期快，可自然解释原因；线索是事前整理解释效率；下次预约、等列车、箱子位置均不承接本次速度评价。,quicker than I expected,2026-09-27
L308,listening,listen_choose_response,Choose the best response to the speaker.,简单,方式选择,attachments,每份（8 题，8 个小题）,160,question_bank/sources/expansion_2026_09/listen_choose_response.json,问发送方式，候选之一是共享文件夹；线索是选文件夹并解释附件太多；拍摄设备、邮箱地址、清晰度均未选方式。,shared a folder,2026-09-27
L309,listening,listen_choose_response,Choose the best response to the speaker.,适中,习语与推断,parking,每份（8 题，8 个小题）,160,question_bank/sources/expansion_2026_09/listen_choose_response.json,意为别指望，不是不要数数；线索是留步行时间应对近处可能没位；入口、昨车数量、楼上视野都未安排备选。,wouldn't count on,2026-09-27
L310,listening,listen_choose_response,Choose the best response to the speaker.,简单,程序与因果,rinse,每份（8 题，8 个小题）,160,question_bank/sources/expansion_2026_09/listen_choose_response.json,问换颜色前是否洗笔，时间关系是否则混色解释洗笔必要性；存放、采购、成品晾干都未回答换色操作。,before changing colors,2026-09-27
L311,listening,listen_choose_response,Choose the best response to the speaker.,适中,习语理解,lecture,每份（8 题，8 个小题）,160,question_bank/sources/expansion_2026_09/listen_choose_response.json,表示座满只能站，不是讲师站立；线索是下次早到应对座位不足；讲师站门边误解对象；房间历史、讲座风格无关座位。,standing room only,2026-09-27
L312,listening,listen_choose_response,Choose the best response to the speaker.,简单,即时请求,ladder,每份（8 题，8 个小题）,160,question_bank/sources/expansion_2026_09/listen_choose_response.json,请稳住梯子，steady是稳定；请求是握两边落实扶稳；能到多高、借来地点、架子安装时间都不是此刻协助。,hold the ladder steady,2026-09-27
L313,listening,listen_choose_response,Choose the best response to the speaker.,适中,规则与范围,coupon,每份（8 题，8 个小题）,160,question_bank/sources/expansion_2026_09/listen_choose_response.json,问优惠券能否用于已打折物品；范围是仅原价商品直接否定叠加；结束日、券来源、刷卡方式均不回答适用范围。,already on sale,2026-09-27
L314,listening,listen_choose_response,Choose the best response to the speaker.,困难,条件与计划,glue,每份（8 题，8 个小题）,160,question_bank/sources/expansion_2026_09/listen_choose_response.json,完成取决于胶及时凝固，set在此为凝固；条件是先做不需胶的部分利用等待；成品位置、买胶地点、封面照片不处理进度瓶颈。,glue sets in time,2026-09-27
L315,listening,listen_choose_response,Choose the best response to the speaker.,简单,核实与动作,latched,每份（8 题，8 个小题）,160,question_bank/sources/expansion_2026_09/listen_choose_response.json,要求确认门闩扣好，关键词是轻拉能检查是否扣住；朝向、早上经过、换铰链均不验证当前门闩。,latched,2026-09-27
L316,listening,listen_choose_response,Choose the best response to the speaker.,简单,纠正与焦点,author,每份（8 题，8 个小题）,160,question_bank/sources/expansion_2026_09/listen_choose_response.json,纠正所缺信息：作者而非书名；关键否定是给人名补所缺；书名恰是排除项；购买日、书名位置也未给作者。,not the title,2026-09-27
L317,listening,listen_choose_response,Choose the best response to the speaker.,简单,问题与解决,extender,每份（8 题，8 个小题）,160,question_bank/sources/expansion_2026_09/listen_choose_response.json,安全带长度不够，扣不到；故障是延长件增加长度；扣合响声不是长度问题；更换座椅、座位偏好均不解决。,won't reach the buckle,2026-09-27
L318,listening,listen_choose_response,Choose the best response to the speaker.,简单,请求与方式,instrument,每份（8 题，8 个小题）,160,question_bank/sources/expansion_2026_09/listen_choose_response.json,想选择前听音色，所需体验是逐一短奏提供试听；尺寸摆法、课次数、预留时间都不能让人听到。,listen to a sample,2026-09-27
L319,listening,listen_choose_response,Choose the best response to the speaker.,适中,条件承诺,tent,每份（8 题，8 个小题）,160,question_bank/sources/expansion_2026_09/listen_choose_response.json,可借但归还必须干燥，条件是归还前晾干遵守；容量、营地、另借睡袋都未承诺干燥归还。,back dry,2026-09-27
L320,listening,listen_choose_response,Choose the best response to the speaker.,简单,社交语用,interrupting,每份（8 题，8 个小题）,160,question_bank/sources/expansion_2026_09/listen_choose_response.json,问此刻是否方便交流，而非钟点；线索是刚忙完请进明确方便；门漆、时钟误差、打断录音的经历都不说明可否聊。,is now a good time,2026-09-27
L321,listening,listen_choose_response,Choose the best response to the speaker.,适中,话语功能,discussion,每份（8 题，8 个小题）,160,question_bank/sources/expansion_2026_09/listen_choose_response.json,请把讨论拉回主题，不是返回房间；请求是重回资金决定恢复议题；房间位置、主讲到场、带会议纪要都未转回讨论。,back to the main question,2026-09-27
L322,listening,listen_choose_response,Choose the best response to the speaker.,适中,费用澄清,heating,每份（8 题，8 个小题）,160,question_bank/sources/expansion_2026_09/listen_choose_response.json,怀疑多收暖气费，原预期是租金含暖气；线索是确认包含并区分热水费消除误解；采光、付款地点、维修日均不解释费用项目。,included heating,2026-09-27
L323,listening,listen_choose_response,Choose the best response to the speaker.,适中,转折与焦点,aisles,每份（8 题，8 个小题）,160,question_bank/sources/expansion_2026_09/listen_choose_response.json,缺的是椅间空间，不是椅子；关键是撤一排扩走道对症；再借椅子反而加挤；交付日期、入口数量不改变排布。,space between them,2026-09-27
L324,listening,listen_choose_response,Choose the best response to the speaker.,适中,规则推断,deadline,每份（8 题，8 个小题）,160,question_bank/sources/expansion_2026_09/listen_choose_response.json,问日期硬性还是期望目标，关键是逾期不受理说明硬期限；高亮、讨论日期、网上提交都不说明迟交后果。,actual deadline,2026-09-27
L325,listening,listen_choose_response,Choose the best response to the speaker.,适中,前提与承诺,commit,每份（8 题，8 个小题）,160,question_bank/sources/expansion_2026_09/listen_choose_response.json,要先看完整安排再承诺，顺序要求是决定前发送尊重顺序；承诺时长、去年决定、墨色都未提供她所需的前提。,before seeing the full schedule,2026-09-27
L326,listening,listen_choose_response,Choose the best response to the speaker.,简单,要求与依据,fabric,每份（8 题，8 个小题）,160,question_bank/sources/expansion_2026_09/listen_choose_response.json,问洗涤方式，dry cleaning指干洗；线索是标签允许轻柔机洗直接说明要求；颜色、洗衣店位置、另一件衣服经历不能确定这块面料。,dry cleaning,2026-09-27
L327,listening,listen_choose_response,Choose the best response to the speaker.,困难,立场与证据,trial,每份（8 题，8 个小题）,160,question_bank/sources/expansion_2026_09/listen_choose_response.json,conclusive表示足以定论，她认为尚不能定论；线索是重复试验补证据；显示位置、星期、放大表格均不提高结论可靠性。,conclusive,2026-09-27
L328,listening,listen_choose_response,Choose the best response to the speaker.,简单,空间与请求,edge,每份（8 题，8 个小题）,160,question_bank/sources/expansion_2026_09/listen_choose_response.json,请求杯子离边缘远些，位置限制是放中间落实；咖啡温度、购杯地点、桌面材质均未移动杯子。,away from the edge,2026-09-27
L329,listening,listen_choose_response,Choose the best response to the speaker.,简单,建议与后续,convenient,每份（8 题，8 个小题）,160,question_bank/sources/expansion_2026_09/listen_choose_response.json,建议用电话解释，交流渠道是询问方便通话时间推进建议；号码位数、昨天解释、充电处都未安排通话。,over the phone,2026-09-27
L330,listening,listen_choose_response,Choose the best response to the speaker.,适中,规则与条件,attendee,每份（8 题，8 个小题）,160,question_bank/sources/expansion_2026_09/listen_choose_response.json,问票能否转给别人，关键词是可转但新参加者改名给出规则；发票时间、演出时点、重印均不等于转让许可。,transferable,2026-09-27
L331,listening,listen_choose_response,Choose the best response to the speaker.,适中,隐含问题,staircase,每份（8 题，8 个小题）,160,question_bank/sources/expansion_2026_09/listen_choose_response.json,拆分搬运应对空间；书架颜色、参观回忆、通往楼层均不解决宽度限制。,narrower,2026-09-27
L332,listening,listen_choose_response,Choose the best response to the speaker.,简单,时间关系,festival,每份（8 题，8 个小题）,160,question_bank/sources/expansion_2026_09/listen_choose_response.json,问提前多久预订，不是使用多久；关键是至少一周回答提前量；排练时长、地点、容量都错了时间或信息维度。,in advance,2026-09-27
L333,listening,listen_choose_response,Choose the best response to the speaker.,适中,澄清与区分,preliminary,每份（8 题，8 个小题）,160,question_bank/sources/expansion_2026_09/listen_choose_response.json,要粗略估算而非正式账单；关键是初步总额对应估算；最终账单期限、付款方式、账单柜仍未提供估算。,rough estimate,2026-09-27
L334,listening,listen_choose_response,Choose the best response to the speaker.,简单,社交回应,take over,每份（8 题，8 个小题）,160,question_bank/sources/expansion_2026_09/listen_choose_response.json,take over是接手值守，主动提供帮助；线索是接受并说返回时间回应替班；食堂时间、昨日休息、桌位置都未表态接受。,take over,2026-09-27
L335,listening,listen_choose_response,Choose the best response to the speaker.,适中,读者意识,spell it out,每份（8 题，8 个小题）,160,question_bank/sources/expansion_2026_09/listen_choose_response.json,担心缩写读者不懂，关键词是首次写全称解决理解；收到文档不等于懂；省空间是优点却未回应；认识作者无关。,abbreviation,2026-09-27
L336,listening,listen_choose_response,Choose the best response to the speaker.,简单,适合度判断,basics,每份（8 题，8 个小题）,160,question_bank/sources/expansion_2026_09/listen_choose_response.json,问零基础能否参加，对象是从基础开始说明适合；教室大、初学者购物、老师出书都不证明课程起点。,complete beginners,2026-09-27
L337,listening,listen_choose_response,Choose the best response to the speaker.,简单,问题定位,zoom,每份（8 题，8 个小题）,160,question_bank/sources/expansion_2026_09/listen_choose_response.json,看得见但字太小，障碍是放大该处提高可读性；接线正确只说明显示正常；移动文件、印刷品到货未改变屏幕文字。,small print,2026-09-27
L338,listening,listen_choose_response,Choose the best response to the speaker.,适中,条件请求,reservation,每份（8 题，8 个小题）,160,question_bank/sources/expansion_2026_09/listen_choose_response.json,希望有更静房间时获通知，条件是预约上备注可跟进请求；入住时间、钥匙位置、去年经历不记录通知需求。,if a quieter room becomes available,2026-09-27
L339,listening,listen_choose_response,Choose the best response to the speaker.,适中,提醒与纠正,disposable,每份（8 题，8 个小题）,160,question_bank/sources/expansion_2026_09/listen_choose_response.json,提醒不用一次性盘的约定，限制是改拿可洗盘遵守；打折不能取消约定；见面时间是另一约定；摆放位置未改用品。,not to use disposable plates,2026-09-27
L340,listening,listen_choose_response,Choose the best response to the speaker.,适中,许可与条件,legible,每份（8 题，8 个小题）,160,question_bank/sources/expansion_2026_09/listen_choose_response.json,问电子副本能否提交，形式是清晰可读即可给许可条件；章节、复印地点、截止日不回答电子形式是否接受。,digital copy,2026-09-27
L341,listening,listen_choose_response,Choose the best response to the speaker.,困难,习语与态度,spot,每份（8 题，8 个小题）,160,question_bank/sources/expansion_2026_09/listen_choose_response.json,表示突然为难，不是座位问题；习语是给思考时间减轻压力；座位、题目页码、放文件均按字面误解或未回应难处。,puts me on the spot,2026-09-27
L342,listening,listen_choose_response,Choose the best response to the speaker.,简单,许可与限制,exit,每份（8 题，8 个小题）,160,question_bank/sources/expansion_2026_09/listen_choose_response.json,问能否留箱过夜，时间是允许但不堵出口给存放规则；到货时间、买胶带、保安排班都未批准放箱。,overnight,2026-09-27
L343,listening,listen_choose_response,Choose the best response to the speaker.,适中,隐含请求,equipment,每份（8 题，8 个小题）,160,question_bank/sources/expansion_2026_09/listen_choose_response.json,不愿自己入镜，要求是镜头只对设备尊重；彩色、时长、后发照片都不防止拍到她。,not to be photographed,2026-09-27
L344,listening,listen_choose_response,Choose the best response to the speaker.,简单,时间安排,fifteen,每份（8 题，8 个小题）,160,question_bank/sources/expansion_2026_09/listen_choose_response.json,问是否预留问答时间，不是题目内容；关键是末尾留十五分钟回应安排；首题主题、邮件回答、比去年早结束不明确现场留时。,time for questions,2026-09-27
L345,listening,listen_choose_response,Choose the best response to the speaker.,简单,隐含建议,soil,每份（8 题，8 个小题）,160,question_bank/sources/expansion_2026_09/listen_choose_response.json,植物像缺水，用thirsty拟人表达；线索是检查土后浇水回应需水；盆纹、礼物来历、摆放美观都不判断水分。,thirsty,2026-09-27
L346,listening,listen_choose_response,Choose the best response to the speaker.,简单,条件筛选,track,每份（8 题，8 个小题）,160,question_bank/sources/expansion_2026_09/listen_choose_response.json,要无背景音乐版本，限制是纯讲话音轨满足；音乐来源、麦克风、总音量都不分离背景音乐。,without background music,2026-09-27
L347,listening,listen_choose_response,Choose the best response to the speaker.,简单,纠正与期限,submit,每份（8 题，8 个小题）,160,question_bank/sources/expansion_2026_09/listen_choose_response.json,纠正截止时间提前，核心是今晚交配合明天截止；下周表、昨天别表、周日关门均未调整本次行动。,"tomorrow, not next week",2026-09-27
L348,listening,listen_choose_response,Choose the best response to the speaker.,适中,定义与澄清,flexible,每份（8 题，8 个小题）,160,question_bank/sources/expansion_2026_09/listen_choose_response.json,要解释弹性承诺具体含义，词组是每周可改时数说明弹性所在；活动种类、志愿者感受、加入时间均未定义承诺。,flexible commitment,2026-09-27
L349,listening,listen_choose_response,Choose the best response to the speaker.,适中,词义与行动,wire,每份（8 题，8 个小题）,160,question_bank/sources/expansion_2026_09/listen_choose_response.json,live形容电线是带电，不是活着；线索是先断电针对安全顾虑；长度、电工出现、开关材质都不保证已无电。,still live,2026-09-27
L350,listening,listen_choose_response,Choose the best response to the speaker.,简单,比较与请求,size,每份（8 题，8 个小题）,160,question_bank/sources/expansion_2026_09/listen_choose_response.json,想试穿但担心太小，需更大尺码；线索是拿大一码回应尺寸；镜子、流行度、小码位置都不解决偏小。,a little small,2026-09-27
L351,listening,listen_choose_response,Choose the best response to the speaker.,简单,时间限制,following,每份（8 题，8 个小题）,160,question_bank/sources/expansion_2026_09/listen_choose_response.json,请求避开考试周，时间限制是看下一周满足避让；考点、复习经历、设备需求都不调整时间。,avoid scheduling this during exam week,2026-09-27
L352,listening,listen_choose_response,Choose the best response to the speaker.,适中,范围与优先,settle,每份（8 题，8 个小题）,160,question_bank/sources/expansion_2026_09/listen_choose_response.json,settle在此是敲定，不是定居点；重点是先同意主要目标缩小本次任务；房间大小、记过细节、村落位置都未回应决策范围。,settle every detail,2026-09-27
L353,listening,listen_choose_response,Choose the best response to the speaker.,适中,结果与让步,rattling,每份（8 题，8 个小题）,160,question_bank/sources/expansion_2026_09/listen_choose_response.json,问修理效果是否消除异响，目标是多数改善但颠簸仍响回答效果与限制；店址、支付、订件都不是实际结果。,solve the rattling noise,2026-09-27
L354,listening,listen_choose_response,Choose the best response to the speaker.,适中,委婉许可,essential,每份（8 题，8 个小题）,160,question_bank/sources/expansion_2026_09/listen_choose_response.json,委婉请求早走，要判断是否允许；句式是不介意且重点已讲完表示许可；晚开会、忘笔记、钟位置均不回应。,Would you mind if,2026-09-27
L355,listening,listen_choose_response,Choose the best response to the speaker.,简单,核实与证据,numbering,每份（8 题，8 个小题）,160,question_bank/sources/expansion_2026_09/listen_choose_response.json,怀疑中间缺页，需要核对连续性；线索是六跳八证明少七页；封面、纸够、读首页都不验证页序。,a page missing,2026-09-27
L356,listening,listen_choose_response,Choose the best response to the speaker.,适中,资格与条件,enrollment,每份（8 题，8 个小题）,160,question_bank/sources/expansion_2026_09/listen_choose_response.json,waived表示免除，问学生志愿者是否免收费；关键是在读证明可免给出资格；付款处、往届参与、培训日期都不回答减免。,waived,2026-09-27
L357,listening,listen_choose_response,Choose the best response to the speaker.,困难,隐含意图,deliver,每份（8 题，8 个小题）,160,question_bank/sources/expansion_2026_09/listen_choose_response.json,不想承诺超出能力，deliver指兑现；线索是缩小项目并落实时间降低过度承诺；草稿位置、运货经历、标题美观均不对齐承诺与能力。,more than we can deliver,2026-09-27
L358,listening,listen_choose_response,Choose the best response to the speaker.,适中,范围筛选,unmarked,每份（8 题，8 个小题）,160,question_bank/sources/expansion_2026_09/listen_choose_response.json,只要有本人批注的页，限定是去掉未标页遵守筛选；绿墨水、发全文件、页码位置均不按要求缩小范围。,just the pages with my comments,2026-09-27
L359,listening,listen_choose_response,Choose the best response to the speaker.,困难,焦点与澄清,timing,每份（8 题，8 个小题）,160,question_bank/sources/expansion_2026_09/listen_choose_response.json,反对的是时机，不是方案本身；焦点是下月再议调整时机；来源、更多细节、他人喜欢都在辩护想法而非时机。,only the timing,2026-09-27
L360,listening,listen_choose_response,Choose the best response to the speaker.,简单,规则与许可,sketching,每份（8 题，8 个小题）,160,question_bank/sources/expansion_2026_09/listen_choose_response.json,问展厅是否允许写生，规则是可用铅笔给许可及工具限制；展品国别、卖画册、外面画过都不说明厅内规则。,allow sketching,2026-09-27
L361,listening,listen_choose_response,Choose the best response to the speaker.,困难,话语功能与顺序,layout,每份（8 题，8 个小题）,160,question_bank/sources/expansion_2026_09/listen_choose_response.json,意为进度顺序太超前，不是走得快；线索是先定布局再配色恢复依赖顺序；亮色效果、去年蓝色、样本位置仍停在过早的颜色决定。,getting ahead of ourselves,2026-09-27
L362,listening,listen_choose_response,Choose the best response to the speaker.,简单,条件许可,bicycle,每份（8 题，8 个小题）,160,question_bank/sources/expansion_2026_09/listen_choose_response.json,借车并承诺六点前还，请求含期限；线索是够赶晚间骑行说明同意；档位、回家路线、修车店关门都不是借车许可。,return it by six,2026-09-27
L363,listening,listen_choose_response,Choose the best response to the speaker.,适中,证据与推断,recorded,每份（8 题，8 个小题）,160,question_bank/sources/expansion_2026_09/listen_choose_response.json,问结论证据是观察还是猜测；区分是三次记录说明有观察依据；结论位置、标题建议、观察室窗户都不证明实际观察过。,observation or someone's guess,2026-09-27
L364,listening,listen_choose_response,Choose the best response to the speaker.,简单,偏好与行动,path,每份（8 题，8 个小题）,160,question_bank/sources/expansion_2026_09/listen_choose_response.json,明确宁愿走也不等，偏好是走公园小路落实步行；座椅、车费、昨日等待均不承接选择。,rather walk than wait,2026-09-27
L365,listening,listen_choose_response,Choose the best response to the speaker.,适中,程度与请求,glare,每份（8 题，8 个小题）,160,question_bank/sources/expansion_2026_09/listen_choose_response.json,只需减眩光而非全遮光，程度是仍留日光符合适量遮挡；颜色、全开顶灯、擦窗时间都不控制百叶程度。,just enough to cut the glare,2026-09-27
L366,listening,listen_choose_response,Choose the best response to the speaker.,简单,路线与范围,lift,每份（8 题，8 个小题）,160,question_bank/sources/expansion_2026_09/listen_choose_response.json,问楼梯能否直达，all the way指全程；线索是末层需电梯否定直达；植物、屋顶维修、个人习惯都不说明连接路线。,all the way,2026-09-27
L367,listening,listen_choose_response,Choose the best response to the speaker.,困难,证据与范围,sample,每份（8 题，8 个小题）,160,question_bank/sources/expansion_2026_09/listen_choose_response.json,representative表示有代表性，担心覆盖不全；关键词是纳入下午班扩大覆盖；透明容器误作实物样本；教室、字号都不改变抽样组成。,representative,2026-09-27
L368,listening,listen_choose_response,Choose the best response to the speaker.,适中,条件与行动,alarm,每份（8 题，8 个小题）,160,question_bank/sources/expansion_2026_09/listen_choose_response.json,希望测试但不吓人，限制是提前告知减少突然惊吓；更响地点、访客车辆、控制板位置都不提醒听众。,without startling,2026-09-27
L369,listening,listen_choose_response,Choose the best response to the speaker.,简单,问题与解决,screws,每份（8 题，8 个小题）,160,question_bank/sources/expansion_2026_09/listen_choose_response.json,把手再次松动，需要固定；故障是拧紧螺丝处理松动；开门方向、油漆、包的位置都不能固定把手。,loose again,2026-09-27
L370,listening,listen_choose_response,Choose the best response to the speaker.,适中,原因与许可,publish,每份（8 题，8 个小题）,160,question_bank/sources/expansion_2026_09/listen_choose_response.json,问为何暂不公布，consent指同意；线索是两人尚未同意构成暂缓理由；排序、字体、认识名单人物均不解释未发布。,consent,2026-09-27
L371,listening,listen_choose_response,Choose the best response to the speaker.,适中,委婉拒绝,arranged,每份（8 题，8 个小题）,160,question_bank/sources/expansion_2026_09/listen_choose_response.json,感谢但已有车，是婉拒搭车帮助；关键是接受拒绝并留后备不强迫；车程、窗座、站点都未承认已有安排。,already arranged a ride,2026-09-27
L372,listening,listen_choose_response,Choose the best response to the speaker.,适中,顺序与因果,binding,每份（8 题，8 个小题）,160,question_bank/sources/expansion_2026_09/listen_choose_response.json,问装订前是否编页，关注顺序；线索是装好后难改说明先编号；机器位置、封面颜色、纸材都未回答顺序理由。,before binding,2026-09-27
L373,listening,listen_choose_response,Choose the best response to the speaker.,简单,数量与范围,vegetarian,每份（8 题，8 个小题）,160,question_bank/sources/expansion_2026_09/listen_choose_response.json,要求确认素餐总数，问的是十二且含司机给清楚总数；菜品、司机到时、订餐厅确认均不是数量。,how many,2026-09-27
L374,listening,listen_choose_response,Choose the best response to the speaker.,适中,计划变化,backup,每份（8 题，8 个小题）,160,question_bank/sources/expansion_2026_09/listen_choose_response.json,back on表示恢复安排，问户外课是否恢复；线索是确认恢复并保留室内后备回答状态；椅子、天气报告位置、室内音响都未明确恢复与否。,back on,2026-09-27
L375,listening,listen_choose_response,Choose the best response to the speaker.,适中,范围澄清,toolkit,每份（8 题，8 个小题）,160,question_bank/sources/expansion_2026_09/listen_choose_response.json,以为报名费包含材料，要澄清收费范围；线索是含册子不含工具包界定范围；颜色、截止日、搬材料均不解释费用。,covered the materials,2026-09-27
L376,listening,listen_choose_response,Choose the best response to the speaker.,简单,习语与指导,folding,每份（8 题，8 个小题）,160,question_bank/sources/expansion_2026_09/listen_choose_response.json,意为逐步指导，不是随便谈话；请求是说明向内折上边给具体首步；首次课日期、找主办人、成品位置不提供步骤。,talk me through,2026-09-27
L377,listening,listen_choose_response,Choose the best response to the speaker.,适中,前提与顺序,verify,每份（8 题，8 个小题）,160,question_bank/sources/expansion_2026_09/listen_choose_response.json,数字检查前不值得打印，前提是先核总数落实校验；打印机地点、双面偏好、图表颜色都未满足前提。,until the figures are checked,2026-09-27
L378,listening,listen_choose_response,Choose the best response to the speaker.,适中,比较与让步,demonstration,每份（8 题，8 个小题）,160,question_bank/sources/expansion_2026_09/listen_choose_response.json,问内容是否重复，而非参加人数；关键是基本重复但加问答回应相同与不同；人多、日照、预订座位都不比较内容。,a repeat,2026-09-27
L379,listening,listen_choose_response,Choose the best response to the speaker.,简单,请求与交付,summary,每份（8 题，8 个小题）,160,question_bank/sources/expansion_2026_09/listen_choose_response.json,请求把当前内容写下来，目的防忘；线索是事后发摘要提供书面记录；写作课、笔的位置、字好读都没有记录内容。,put that in writing,2026-09-27
L380,listening,listen_choose_response,Choose the best response to the speaker.,困难,隐含意图,estimate,每份（8 题，8 个小题）,160,question_bank/sources/expansion_2026_09/listen_choose_response.json,这里指估时过于乐观，担心时间不够；关键词是留额外一天增加余量；估算页数、前次材料、热情好都未处理时间风险。,optimistic,2026-09-27
L381,listening,listen_choose_response,Choose the best response to the speaker.,简单,规范与回应,polished,每份（8 题，8 个小题）,160,question_bank/sources/expansion_2026_09/listen_choose_response.json,问鞋要脱还是穿，明确选择是请脱鞋直接给要求；舒适度、鞋架空位、购鞋经历都未明确规范。,remove them,2026-09-27
L382,listening,listen_choose_response,Choose the best response to the speaker.,适中,分类与澄清,asterisk,每份（8 题，8 个小题）,160,question_bank/sources/expansion_2026_09/listen_choose_response.json,tentative指暂定，想区分已确定与待定；关键词是星号标未确认者建立区别；日期排序不是状态分类；个人预约、办公室位置也不区分全表。,tentative,2026-09-27
L383,listening,listen_choose_response,Choose the best response to the speaker.,困难,语气与修复,rephrase,每份（8 题，8 个小题）,160,question_bank/sources/expansion_2026_09/listen_choose_response.json,指出语气比本意严厉，不只是音量；线索是重述解释本意修复语气；声学大声不等于苛刻；完成报告、页边位置无关误解。,more harshly,2026-09-27
L384,listening,listen_choose_response,Choose the best response to the speaker.,适中,时间与条件,download,每份（8 题，8 个小题）,160,question_bank/sources/expansion_2026_09/listen_choose_response.json,问结课后如何保留笔记使用权，时点是关账号前下载可离线保留；练习、记笔记习惯、末课教室都不解决结课后访问。,after the course ends,2026-09-27
L385,listening,listen_choose_response,Choose the best response to the speaker.,适中,焦点与解决,channel,每份（8 题，8 个小题）,160,question_bank/sources/expansion_2026_09/listen_choose_response.json,音乐没问题，听不清的是播报；焦点是单调麦克风频道处理播报；选曲者、播报间隔、靠近乐手都没有提升播报声。,announcements I can't hear,2026-09-27
L386,listening,listen_choose_response,Choose the best response to the speaker.,简单,条件匹配,pillars,每份（8 题，8 个小题）,160,question_bank/sources/expansion_2026_09/listen_choose_response.json,要视线无遮挡，unobstructed指不被挡；线索是前无柱子满足；易离场、价格、上次座位均未保证视线。,unobstructed view,2026-09-27
L387,listening,listen_choose_response,Choose the best response to the speaker.,简单,澄清与核实,rewrite,每份（8 题，8 个小题）,160,question_bank/sources/expansion_2026_09/listen_choose_response.json,辨不清一个手写数字，需要改清晰；线索是重写能消歧义；八个栏目、六份收据只是重复数字；填表时间也未澄清。,six or an eight,2026-09-27
L388,listening,listen_choose_response,Choose the best response to the speaker.,简单,范围与否定,portion,每份（8 题，8 个小题）,160,question_bank/sources/expansion_2026_09/listen_choose_response.json,担心全部取消，要澄清范围；关键词是仅户外部分否定整场取消；去年人数、通知位置、取消票都没有限定活动范围。,whole event,2026-09-27
L389,listening,listen_choose_response,Choose the best response to the speaker.,简单,习语与请求,timer,每份（8 题，8 个小题）,160,question_bank/sources/expansion_2026_09/listen_choose_response.json,keep an eye on意为留意照看，任务是看计时器照看烤箱；清洁时间、看见门、烘焙习惯都不承担临时代看。,keep an eye on,2026-09-27
L390,listening,listen_choose_response,Choose the best response to the speaker.,适中,条件与分工,fairly,每份（8 题，8 个小题）,160,question_bank/sources/expansion_2026_09/listen_choose_response.json,接受额外工作但要求公平分担，条件词是先分任务回应公平；改进效果、旧经历、桌子数量都未安排责任分配。,provided,2026-09-27
L391,listening,listen_choose_response,Choose the best response to the speaker.,适中,许可与程序,performers,每份（8 题，8 个小题）,160,question_bank/sources/expansion_2026_09/listen_choose_response.json,问使用录音前是否要授权，关键是先问表演者回应许可；时长、到场时间、调音量都不能替代同意。,permission first,2026-09-27
L392,listening,listen_choose_response,Choose the best response to the speaker.,简单,问题与解决,weight,每份（8 题，8 个小题）,160,question_bank/sources/expansion_2026_09/listen_choose_response.json,担心抽屉承重，不是文件难找；限制是重文件移走减载；字母排序、油漆、标签都不减重量。,any more weight,2026-09-27
L393,listening,listen_choose_response,Choose the best response to the speaker.,适中,协商与选择,halfway,每份（8 题，8 个小题）,160,question_bank/sources/expansion_2026_09/listen_choose_response.json,问是否折中选地点，halfway指中间位置；线索是双方方便的车站咖啡馆回应折中；车程、曾拜访、新椅子均不确认共同地点。,meet halfway,2026-09-27
L394,listening,listen_choose_response,Choose the best response to the speaker.,简单,分类与行动,torn,每份（8 题，8 个小题）,160,question_bank/sources/expansion_2026_09/listen_choose_response.json,要求按损坏与可用分类，标准是破损本放一箱落实；送货箱数、复印机、读过哪本都不按状态分拣。,damaged copies,2026-09-27
L395,listening,listen_choose_response,Choose the best response to the speaker.,适中,习语与条件,introductions,每份（8 题，8 个小题）,160,question_bank/sources/expansion_2026_09/listen_choose_response.json,squeeze in此处是挤出时间安排，不是塞进箱子；线索是缩短介绍腾时间给条件；设备放箱误解字面；喜欢表演、册子页数不提供时间。,squeeze in,2026-09-27
L396,listening,listen_choose_response,Choose the best response to the speaker.,适中,规则与范围,defects,每份（8 题，8 个小题）,160,question_bank/sources/expansion_2026_09/listen_choose_response.json,问意外损坏是否保修，范围是只保产品自身缺陷直接排除意外；保修卡位置、邮寄方式、掉收据均不说明覆盖。,accidental damage,2026-09-27
L397,listening,listen_choose_response,Choose the best response to the speaker.,简单,请求与限制,flash,每份（8 题，8 个小题）,160,question_bank/sources/expansion_2026_09/listen_choose_response.json,请不用闪光灯，动作限制是关闭闪光满足；动物活跃时间、闪光强、明天拍照都未确认当前停用。,avoid using flash,2026-09-27
L398,listening,listen_choose_response,Choose the best response to the speaker.,适中,立场与范围,trial period,每份（8 题，8 个小题）,160,question_bank/sources/expansion_2026_09/listen_choose_response.json,认为变化不是永久，关键词是试行后复审符合暂定；已印牌子不能证明永久；描述流程、宣布日期不回应持续性。,permanent,2026-09-27
L399,listening,listen_choose_response,Choose the best response to the speaker.,简单,词义与核实,ahead,每份（8 题，8 个小题）,160,question_bank/sources/expansion_2026_09/listen_choose_response.json,钟快指时间领先，不是移动迅速；线索是比手机快五分给校验结果；电池、看得清、换指针都未判断准确性。,clock is fast,2026-09-27
L400,listening,listen_choose_response,Choose the best response to the speaker.,适中,条件与范围,briefing,每份（8 题，8 个小题）,160,question_bank/sources/expansion_2026_09/listen_choose_response.json,有经验者问能否免基础介绍，要求是可跳介绍但须安全说明区分两部分；章节、购置日、他人经验都未给豁免规则。,skip the introduction,2026-09-27
L401,listening,listen_choose_response,Choose the best response to the speaker.,适中,进展与承诺,detail,每份（8 题，8 个小题）,160,question_bank/sources/expansion_2026_09/listen_choose_response.json,希望现在有更确定答复，关注进展；线索是尚缺一项并承诺中午知晓回应延误；答案位置、类似题、餐厅忙时均不交代本次确定性。,more definite answer,2026-09-27
L402,listening,listen_choose_response,Choose the best response to the speaker.,简单,因果与建议,stable,每份（8 题，8 个小题）,160,question_bank/sources/expansion_2026_09/listen_choose_response.json,问重物是否放底部，需要装叠建议；线索是增强稳定性支持安排；底架颜色、曾称重、同尺寸均不判断上下布局。,heavier items at the bottom,2026-09-27
L403,listening,listen_choose_response,Choose the best response to the speaker.,适中,信息补全,closure,每份（8 题，8 个小题）,160,question_bank/sources/expansion_2026_09/listen_choose_response.json,摘要漏掉改计划原因，需要补因果；关键是补封路原因对症；一页长度、标题字号、明天印计划都不补缺失信息。,leaves out the reason,2026-09-27
L404,listening,listen_choose_response,Choose the best response to the speaker.,简单,地点与请求,window,每份（8 题，8 个小题）,160,question_bank/sources/expansion_2026_09/listen_choose_response.json,想离厨房门远些，位置偏好是前窗桌给替代地点；厨房时间、开门方式、菜单都不调整就座位置。,away from the kitchen door,2026-09-27
L405,listening,listen_choose_response,Choose the best response to the speaker.,适中,建议与理由,entrance,每份（8 题，8 个小题）,160,question_bank/sources/expansion_2026_09/listen_choose_response.json,建议出发前复核地址，先后是请柬可能指另入口，支持查地址；纸厚、上次出发早、邮编位数都未回应本次核实。,before we set off,2026-09-27
L406,listening,listen_conversation,A transcript for the exhibit,适中,原因与范围,transcript,每份（2 组，4 个小题）,200,question_bank/sources/expansion_2026_09/listen_conversation.json,问不用墙面全文的原因；会挡住门口是十二页全文会让人堵门；没说完全听不懂、拒绝分享，且仍会放短摘录，非不能放文字。,block the doorway,2026-09-27
L407,listening,listen_conversation,A transcript for the exhibit,简单,后续行动,excerpt,每份（2 组，4 个小题）,200,question_bank/sources/expansion_2026_09/listen_conversation.json,问下一步；match指与录音吻合，线索是送印前核对文字；十二是页数非分钟；不要求访客听写，也没决定搬播放器。,match the recording,2026-09-27
L408,listening,listen_conversation,A pottery pickup,简单,细节与纠正,kiln,每份（2 组，4 个小题）,200,question_bank/sources/expansion_2026_09/listen_conversation.json,店员确认底部粗糙，可能划伤桌面，所以需要磨平。裂缝只是男方的猜测，已被否定；陶器已出窑；颜色变化没有被提到。,the base is rough,2026-09-27
L409,listening,listen_conversation,A pottery pickup,适中,决定与推断,scratch,每份（2 组，4 个小题）,200,question_bank/sources/expansion_2026_09/listen_conversation.json,男方接受处理好后周五再取，以免礼物划伤桌面。今晚送礼是最初愿望，已调整；没有决定另买一只；桌面尚未受损，不需要修桌子。,I'll come back Friday,2026-09-27
L410,listening,listen_conversation,A bird count route,适中,比较与证据,comparable,每份（2 组，4 个小题）,200,question_bank/sources/expansion_2026_09/listen_conversation.json,问为何质疑比较；关键是停留时间是否相同桥边等人更久，计数机会不同；非不同日、不同组计数，也没封草地。,same amount of time,2026-09-27
L411,listening,listen_conversation,A bird count route,适中,建议与数据,observation,每份（2 组，4 个小题）,200,question_bank/sources/expansion_2026_09/listen_conversation.json,问现有笔记如何处理；保留的依据是保留并补时长；删掉与原话相反；改成同数量伪造数据；估遗漏鸟也未提出。,Keep them,2026-09-27
L412,listening,listen_conversation,A theater prop,适中,澄清与原因,handling,每份（2 组，4 个小题）,200,question_bank/sources/expansion_2026_09/listen_conversation.json,女方说风险在反复搬弄，不在借多久，所以只借一晚仍不解决问题。演出取消、博物馆出售箱子、办手续太慢都不是材料给出的限制。,"handling, not the length",2026-09-27
L413,listening,listen_conversation,A theater prop,简单,目的与行动,lightweight,每份（2 组，4 个小题）,200,question_bank/sources/expansion_2026_09/listen_conversation.json,男方提出做轻质复制品，女方随即说去申请细节照片，照片用于指导仿制。并未举行拍卖；还没借出使用，更无演后损伤；演员能否抬起道具也不是选演员的依据。,build a lightweight copy,2026-09-27
L414,listening,listen_conversation,A podcast interview,适中,目的与推断,humming,每份（2 组，4 个小题）,200,question_bank/sources/expansion_2026_09/listen_conversation.json,先换供电方式和位置做短测试，是为了查噪声来源，再决定是否重录全访谈。没有要换问题；也尚未证明嘉宾音量有问题；测试录音不是要取代完整采访。,where the noise came from,2026-09-27
L415,listening,listen_conversation,A podcast interview,简单,明确细节,separately,每份（2 组，4 个小题）,200,question_bank/sources/expansion_2026_09/listen_conversation.json,另存原始文件，才能在排查噪声时保留已有采访。不是删除；尚未决定发布；测试是他们先排查，也没要求嘉宾先剪辑。,save the original file separately,2026-09-27
L416,listening,listen_conversation,An accessible garden tour,简单,问题识别,gravel,每份（2 组，4 个小题）,200,question_bank/sources/expansion_2026_09/listen_conversation.json,父亲使用助行架，而标准路线有碎石坡，因此顾虑是能否顺利走完。温室温度、是否出售助行架、导游语言都不是男方提出的需求。,uses a walking frame,2026-09-27
L417,listening,listen_conversation,An accessible garden tour,适中,替代方案,potted,每份（2 组，4 个小题）,200,question_bank/sources/expansion_2026_09/listen_conversation.json,导游把盆栽带到外面，在较方便行走的区域照样讲解植物。不是用录像代替，也无需硬走碎石坡；讲解仍由导游负责，不让游客自行采集。,bring several potted specimens outside,2026-09-27
L418,listening,listen_conversation,A sourdough workshop,适中,因果与条件,dough,每份（2 组，4 个小题）,200,question_bank/sources/expansion_2026_09/listen_conversation.json,问为何需更久；厨房冷的证据是温度低与醒发慢相连；她没说加倍面粉、用错面包方或放暖器旁。,Pretty cold,2026-09-27
L419,listening,listen_conversation,A sourdough workshop,简单,建议与标准,sticky,每份（2 组，4 个小题）,200,question_bank/sources/expansion_2026_09/listen_conversation.json,问判断依据；roughly double指大约涨到两倍看体积变化而非死守两小时；食谱颜色、袋内剩粉都不是发好标志。,roughly double,2026-09-27
L420,listening,listen_conversation,A campus mural,困难,观点与范围,approval,每份（2 组，4 个小题）,200,question_bank/sources/expansion_2026_09/listen_conversation.json,行政批准解决能不能画，日常使用者意见解决是否愿意天天看。女方没有比较油漆种类，也没说学生权力更高；征求意见是补充许可，并非取消许可。,It gives us permission,2026-09-27
L421,listening,listen_conversation,A campus mural,适中,目的与因果,sketches,每份（2 组，4 个小题）,200,question_bank/sources/expansion_2026_09/listen_conversation.json,先展示草图收意见，修改还容易；买漆画上墙后再改成本更高。没有出售草图买车、申请换墙或教大家调色的计划。,Changing a sketch is a lot easier,2026-09-27
L422,listening,listen_conversation,A microscope reservation,简单,时间关系,samples,每份（2 组，4 个小题）,200,question_bank/sources/expansion_2026_09/listen_conversation.json,样本中午才准备好，赶不上周四上午预约，故想换下午。显微镜并非全天停用；没有不会制样的说明；男方是可以对换，不是要求延长实验时间。,until noon,2026-09-27
L423,listening,listen_conversation,A microscope reservation,适中,程序与条件,reservations,每份（2 组，4 个小题）,200,question_bank/sources/expansion_2026_09/listen_conversation.json,双方口头同意还不够，系统由管理员更改，两条预约确认后才带样本来。男方可以对换而非取消实验；重新建账号、自己搬仪器均不是规定步骤。,wait for confirmation,2026-09-27
L424,listening,listen_conversation,A running club pace,适中,误解与纠正,departure,每份（2 组，4 个小题）,200,question_bank/sources/expansion_2026_09/listen_conversation.json,实际训练组与社交组不同；没有全马、借鞋、迟到社交组的说法。,two departure times for the same run,2026-09-27
L425,listening,listen_conversation,A running club pace,适中,推断与需求,junction,每份（2 组，4 个小题）,200,question_bank/sources/expansion_2026_09/listen_conversation.json,问适合原因；停下重聚的依据是岔口等人回应跟不上的问题；没给一公里上限；比赛训练是另一组；六点十非任意时间。,stops to regroup,2026-09-27
L426,listening,listen_conversation,A family photograph donation,适中,证据与确定性,approximate,每份（2 组，4 个小题）,200,question_bank/sources/expansion_2026_09/listen_conversation.json,拍摄年份是捐赠者的猜测，馆员因此标为约略日期。这个年份既不是车站开业年，也不是继承书桌的年份；不确定仍可记录，只须保留不确定性。,that's a guess,2026-09-27
L427,listening,listen_conversation,A family photograph donation,适中,目的与范围,inherited,每份（2 组，4 个小题）,200,question_bank/sources/expansion_2026_09/listen_conversation.json,询问怎么得到照片是在记录藏品的传承来源，方便后续研究。不是给照片或书桌估价；祖母保存照片也不等于所有照片都是她拍的。,how you came to have them,2026-09-27
L428,listening,listen_conversation,A bicycle brake check,适中,原因与纠正,braking,每份（2 组，4 个小题）,200,question_bank/sources/expansion_2026_09/listen_conversation.json,刹车表面沾油可能失去有效制动力，所以不能照搬其他零件吱响就润滑的办法。材料没有说缺少前刹、店里没油或担心车变重。,make the brake ineffective,2026-09-27
L429,listening,listen_conversation,A bicycle brake check,简单,程序与承诺,inspection,每份（2 组，4 个小题）,200,question_bank/sources/expansion_2026_09/listen_conversation.json,女方答应检查后先电话联系，再考虑换零件，故关键是更换前沟通。直接换片跳过该步骤；送到教室和开润滑课都不是她的承诺。,before replacing anything,2026-09-27
L430,listening,listen_conversation,A language exchange,简单,问题与原因,switches,每份（2 组，4 个小题）,200,question_bank/sources/expansion_2026_09/listen_conversation.json,问交流活动的问题；西语练得很少是卡住就切英语造成失衡；非拒绝新人、没时间介绍、无人会英语。,barely practice Spanish,2026-09-27
L431,listening,listen_conversation,A language exchange,适中,目的与推断,phrases,每份（2 组，4 个小题）,200,question_bank/sources/expansion_2026_09/listen_conversation.json,短语表帮助卡住的人继续尝试目标语言，减少立即改讲英语的情况。它支持交流，不是筛选高级成员的测试，也不是改为默读或背整篇演讲。,keep trying,2026-09-27
L432,listening,listen_conversation,A print order,简单,原因与细节,folded,每份（2 组，4 个小题）,200,question_bank/sources/expansion_2026_09/listen_conversation.json,订单上的折叠选项没勾，男方也承认可能漏选，因此问题是未订该项服务。纸张颜色、活动改期或拿错他人订单没有证据。,isn't selected,2026-09-27
L433,listening,listen_conversation,A print order,适中,词义与方案,score,每份（2 组，4 个小题）,200,question_bank/sources/expansion_2026_09/listen_conversation.json,店里现在可以压折痕，使志愿者来得及自行折好，兼顾开场期限。双方没有决定延期、重新印少页版，也没有放弃折叠直接用平张。,score them now,2026-09-27
L434,listening,listen_conversation,A stream sample,适中,因果与空间,upstream,每份（2 组，4 个小题）,200,question_bank/sources/expansion_2026_09/listen_conversation.json,她站在瓶子上游，脚步搅起的沉积物可能顺水流入瓶中，所以水变浑。雨水、另一条溪流或加热都不是材料描述的采样条件。,stirred up sediment,2026-09-27
L435,listening,listen_conversation,A stream sample,适中,程序与证据,sediment,每份（2 组，4 个小题）,200,question_bank/sources/expansion_2026_09/listen_conversation.json,记录第一瓶的采样方法，才能与第二瓶比较并判断影响。冒用第二瓶标签、混合两瓶会破坏比较；无记录丢弃也会抹去重要过程信息。,Label how it was collected,2026-09-27
L436,listening,listen_conversation,A choir entrance,适中,时间与原因,beat,每份（2 组，4 个小题）,200,question_bank/sources/expansion_2026_09/listen_conversation.json,问抢入原因；抬手就进的依据是还缺一拍，却把抬手当开始；没有听不见、旧谱或忘词。,as soon as the pianist lifts her hands,2026-09-27
L437,listening,listen_conversation,A choir entrance,简单,范围与行动,transition,每份（2 组，4 个小题）,200,question_bank/sources/expansion_2026_09/listen_conversation.json,从钢琴独奏结束前四小节开始，集中练进入合唱的衔接，而非整首重唱。不是只练全曲最后一句，也不是练钢琴手姿，更没有换新作品。,just that transition,2026-09-27
L438,listening,listen_conversation,A reusable cup system,适中,推断与原因,return station,每份（2 组，4 个小题）,200,question_bank/sources/expansion_2026_09/listen_conversation.json,问男方认为的原因；回收点不显眼，线索是藏咖啡机后可能看不到；未谈安全、重复收费或尺寸。,isn't obvious,2026-09-27
L439,listening,listen_conversation,A reusable cup system,适中,目的与证据,returns,每份（2 组，4 个小题）,200,question_bank/sources/expansion_2026_09/listen_conversation.json,问计数目的；先看结果再订杯，线索是评估移动和标识效果；没有罚客、证明文字永远无效或算维修费。,before ordering more cups,2026-09-27
L440,listening,listen_conversation,An internship portfolio,适中,问题与范围,portfolio,每份（2 组，4 个小题）,200,question_bank/sources/expansion_2026_09/listen_conversation.json,问缺什么；看不出本人角色的线索是团队成果未说明个人决策；上线日期、访客姓名、所有参考网站均非所指出缺口。,doesn't show my role,2026-09-27
L441,listening,listen_conversation,An internship portfolio,适中,条件与证据,screenshots,每份（2 组，4 个小题）,200,question_bank/sources/expansion_2026_09/listen_conversation.json,女方明确要求每张早期截图对应一个本人决策，图像才说明过程。截图不必比成品更漂亮，也不能代替所有文字；全体成员入镜与所需证据无关。,connect each one to a decision,2026-09-27
L442,listening,listen_conversation,A bookstore delivery,简单,规则与推断,atlas,每份（2 组，4 个小题）,200,question_bank/sources/expansion_2026_09/listen_conversation.json,问为何可能在前台；超大包裹的规定是地图册可能放不进邮箱；非礼品包装、地址难读或未付款。,Oversized packages,2026-09-27
L443,listening,listen_conversation,A bookstore delivery,简单,程序与顺序,carrier,每份（2 组，4 个小题）,200,question_bank/sources/expansion_2026_09/listen_conversation.json,前台尚未查过，先去询问；若没有，再带追踪号码联系承运方。立即重买或先联系承运方跳过排查；货架已经看过，不是建议的下一站。,Ask there first,2026-09-27
L444,listening,listen_conversation,A map for night visitors,适中,条件与原因,shortcut,每份（2 组，4 个小题）,200,question_bank/sources/expansion_2026_09/listen_conversation.json,问夜间失效原因；小路晚上锁，证据是缺少时间性通行限制；楼名已有，非站点消失或纸张问题。,locked in the evening,2026-09-27
L445,listening,listen_conversation,A map for night visitors,简单,行动与验证,revising,每份（2 组，4 个小题）,200,question_bank/sources/expansion_2026_09/listen_conversation.json,问修改前行动；今晚走路线是先实地夜测；不删池塘、不要求全开门、不增印旧版。,walk that route tonight,2026-09-27
L446,listening,listen_conversation,A costume alteration,简单,细节与比较,sleeves,每份（2 组，4 个小题）,200,question_bank/sources/expansion_2026_09/listen_conversation.json,静止时袖子合适，抬臂挂画才受拉扯，问题是服装限制演出动作。不能推成静止时袖子遮手；颜色不搭和为别人制作也没有证据。,pull when I raise my arms,2026-09-27
L447,listening,listen_conversation,A costume alteration,适中,目的与顺序,seam,每份（2 组，4 个小题）,200,question_bank/sources/expansion_2026_09/listen_conversation.json,先别针固定调整处，再试演出动作，可以确认活动空间够不够后才裁剪。并非已决定剪短双袖；展示衣服、标记挂画位置都不是别针的用途。,before cutting any fabric,2026-09-27
L448,listening,listen_conversation,A neighborhood sound walk,简单,纠正与用途,foam,每份（2 组，4 个小题）,200,question_bank/sources/expansion_2026_09/listen_conversation.json,问误解；挡风而非挡雨的纠正是他因无雨没带，误认用途；不是扩音、归属或独立录音。,"for wind, not rain",2026-09-27
L449,listening,listen_conversation,A neighborhood sound walk,适中,目的与范围,documenting,每份（2 组，4 个小题）,200,question_bank/sources/expansion_2026_09/listen_conversation.json,项目记录市场整体声音，不要求摊主把同一句话再说一次。不是已有逐字转写；人声仍可属于场所声音；也没有用配乐取代现场声音。,the place's sound,2026-09-27
L450,listening,listen_conversation,An apple harvest,适中,范围与证据,ripe,每份（2 组，4 个小题）,200,question_bank/sources/expansion_2026_09/listen_conversation.json,问颜色说明；成熟仍绿的证据是该品种不能仅凭绿判生；非全部绿不能吃，不保证变红，也不说颜色优先。,stays green even when it's ripe,2026-09-27
L451,listening,listen_conversation,An apple harvest,简单,条件与动作,bruise,每份（2 组，4 个小题）,200,question_bank/sources/expansion_2026_09/listen_conversation.json,不易脱落者下周再采；轻抬轻扭就掉下的是现在可采者。该品种熟了仍绿，不能把全部绿果留下；轻放篮子是采后防碰伤的方式，不是判断成熟的标准。,Leave the ones that resist,2026-09-27
L452,listening,listen_conversation,A data chart axis,适中,因果与数据,vertical axis,每份（2 组，4 个小题）,200,question_bank/sources/expansion_2026_09/listen_conversation.json,数据约三百，纵轴却从零到一万，微小差别被大尺度压缩了。视觉上相近不证明数值完全相等；没有单位标错；轴本身也并非没数字。,Zero to ten thousand,2026-09-27
L453,listening,listen_conversation,A data chart axis,困难,目的与权衡,scale,每份（2 组，4 个小题）,200,question_bank/sources/expansion_2026_09/listen_conversation.json,全范围图保留变化的总体幅度，细节图帮助看出局部模式，两者互补。不是藏尺度或更换原数据；细图仍要清楚标注，不能省标签。,both the size and the pattern,2026-09-27
L454,listening,listen_conversation,A ferry connection,适中,时间计算,boarding,每份（2 组，4 个小题）,200,question_bank/sources/expansion_2026_09/listen_conversation.json,问赶船风险；提前十分钟停登是二点四十到加十分钟走路正好二点五十，毫无余量；非列车本来三点后到、步行半小时或一小时前买票。,boarding closes ten minutes before departure,2026-09-27
L455,listening,listen_conversation,A ferry connection,简单,规则与范围,departure,每份（2 组，4 个小题）,200,question_bank/sources/expansion_2026_09/listen_conversation.json,问票的性质；不绑定某班是可乘较晚班；不用去车站换、不说加价、也不允许过时登船。,not tied to a particular departure,2026-09-27
L456,listening,listen_conversation,A volunteer translation,适中,目的与表达,word for word,每份（2 组，4 个小题）,200,question_bank/sources/expansion_2026_09/listen_conversation.json,问翻译建议；把行动说清是可变句序以传达回收指令；非删所有技术内容、死守词序或只译标题。,make that action clear,2026-09-27
L457,listening,listen_conversation,A volunteer translation,简单,信息与范围,technical,每份（2 组，4 个小题）,200,question_bank/sources/expansion_2026_09/listen_conversation.json,她说准确和自然可以兼顾，所以保留电池类型的术语，再用普通话语解释。乱换无关词会失真；删除会丢信息；只留英语不解释也达不到让读者理解的目的。,with a short plain-language explanation,2026-09-27
L458,listening,listen_conversation,A climbing wall booking,简单,规则与原因,introductory,每份（2 组，4 个小题）,200,question_bank/sources/expansion_2026_09/listen_conversation.json,问为何不能直接参加；必须学安全检查，证据是仅观看不够；没要求买齐装备、禁止朋友团体或提年龄不够。,checks you can't learn simply by watching,2026-09-27
L459,listening,listen_conversation,A climbing wall booking,适中,数量与安排,spaces,每份（2 组，4 个小题）,200,question_bank/sources/expansion_2026_09/listen_conversation.json,问最终安排；五人且有六空位的依据是请求整组移入并接受；不是只送两人、仍独立场或六人分班。,there are five of us,2026-09-27
L460,listening,listen_conversation,A stained display cloth,适中,原因与行动,textile,每份（2 组，4 个小题）,200,question_bank/sources/expansion_2026_09/listen_conversation.json,这是借来的纺织藏品，应先确认护理方法再清洁，以免错误处理损坏它。茶渍并未消失；没有要保存茶样；物品来源也不是马上离场的游客。,not an ordinary tablecloth,2026-09-27
L461,listening,listen_conversation,A stained display cloth,简单,目的与限制,spill,每份（2 组，4 个小题）,200,question_bank/sources/expansion_2026_09/listen_conversation.json,离开联系管理员时放便条，是防止别人擅自清理，等待合适护理建议。便条不是出售广告，不收集喝茶者名单，也不邀请试清洁产品。,so nobody tries cleaning it,2026-09-27
L462,listening,listen_conversation,A research interview location,适中,隐含风险,unemployment,每份（2 组，4 个小题）,200,question_bank/sources/expansion_2026_09/listen_conversation.json,问咖啡馆顾虑；陌生人可听到，线索是失业经历较敏感，公共场所缺私密；无拒客、距离远、室内不能录音规则。,strangers listening,2026-09-27
L463,listening,listen_conversation,A research interview location,适中,比较与目的,informally,每份（2 组，4 个小题）,200,question_bank/sources/expansion_2026_09/listen_conversation.json,在小会议室随意摆椅并提供茶，可以保留轻松舒适而增加私密性。原咖啡馆的其他顾客正是要避开的因素；没有要求座位数、菜单或价格完全相同。,comfortable atmosphere,2026-09-27
L464,listening,listen_conversation,A solar model,适中,因果与意图,solar panel,每份（2 组，4 个小题）,200,question_bank/sources/expansion_2026_09/listen_conversation.json,卡片挡光，风扇随之停转，正好让人看见太阳能供电依赖光照。不能据此判定太阳能板坏了；仍须解释灯代表阳光；也没有证明电池不能带动风扇。,depends on light,2026-09-27
L465,listening,listen_conversation,A solar model,简单,行动与变量,sunlight,每份（2 组，4 个小题）,200,question_bank/sources/expansion_2026_09/listen_conversation.json,问访客操作；卡片放灯与板之间是“move a card between the lamp and panel”“move a card between the lamp and panel”是把卡片移到灯和太阳能板之间，从而挡光；观察风扇随遮光停转，就能检验光照与供电的关系。电池是男方先前想掩盖停转的方案，已被否定；拆板改变了实验装置，建整屋则扩大了任务，都不是双方确定的访客操作。,move a card between the lamp and panel,2026-09-27
L466,listening,listen_conversation,A pottery class waiting list,简单,原因与条件,glazing,每份（2 组，4 个小题）,200,question_bank/sources/expansion_2026_09/listen_conversation.json,男方明确说还想参加，只担心没修指定入门课，是否符合准备要求。已有约一年经验，并非失去兴趣；全年没空或已接受别的名额都没提到。,haven't completed the introductory course,2026-09-27
L467,listening,listen_conversation,A pottery class waiting list,适中,推断与范围,readiness,每份（2 组，4 个小题）,200,question_bank/sources/expansion_2026_09/listen_conversation.json,入门课只是证明准备程度的一种方式，其他陶艺经验也可交导师评估。可评估不等于照片保证获准；技能要求仍存在；外部工作室的经验并未被排除。,not the only way,2026-09-27
L468,listening,listen_conversation,A damaged trail marker,适中,证据与行动,fork,每份（2 组，4 个小题）,200,question_bank/sources/expansion_2026_09/listen_conversation.json,问查图原因；记忆不确定是不凭猜测复位；不是建新路、原图无标记或证明她初访。,I'm not certain,2026-09-27
L469,listening,listen_conversation,A damaged trail marker,简单,空间与纠正,ranger,每份（2 组，4 个小题）,200,question_bank/sources/expansion_2026_09/listen_conversation.json,维修地图确认通往溪流的路线在右侧，纠正了男方最初猜左的记忆。地图未说明永久封路或巡护员办公室位置，更不能把两条路线都标成向左。,stream route on the right,2026-09-27
L470,listening,listen_conversation,A film discussion spoiler,适中,目的与推断,ending,每份（2 组，4 个小题）,200,question_bank/sources/expansion_2026_09/listen_conversation.json,问为何提醒；有人来决定是否看是他们可能尚未看，需防剧透；非音效、午夜或版本改结局。,decide whether to watch it,2026-09-27
L471,listening,listen_conversation,A film discussion spoiler,简单,时间与条件,spoiler-free,每份（2 组，4 个小题）,200,question_bank/sources/expansion_2026_09/listen_conversation.json,问避剧透方式；开场十分钟无剧透是可听背景后离开；全留仍会听到，不提问无用；晚读请柬、看片尾均不符。,opening ten minutes are spoiler-free,2026-09-27
L472,listening,listen_conversation,A campus fountain project,适中,排查与优先,filter,每份（2 组，4 个小题）,200,question_bank/sources/expansion_2026_09/listen_conversation.json,先看滤网多久清洁一次，可以查出是否存在保养问题，再考虑改设备或树木。不是先估砍光树的费用；喷水高度和建校时间也不回答保养是否到位。,how often the filter is cleaned,2026-09-27
L473,listening,listen_conversation,A campus fountain project,困难,态度与确定性,maintenance,每份（2 组，4 个小题）,200,question_bank/sources/expansion_2026_09/listen_conversation.json,她用可能的语气提出维护问题，要求先查记录再决定是否更换。既不是坚持全部换，也不是永远拒绝改设备；无论原因都加大水泵更违背先取证的建议。,might be a maintenance issue,2026-09-27
L474,listening,listen_conversation,A tandem presentation,适中,篇章衔接,follows,每份（2 组，4 个小题）,200,question_bank/sources/expansion_2026_09/listen_conversation.json,女方希望交接时点出下一节要回答的问题，使两部分连成同一论证。提到名字是与只报姓名作对比，不是抱怨发音；图数和观众提问顺序未被讨论。,why your part follows mine,2026-09-27
L475,listening,listen_conversation,A tandem presentation,适中,逻辑关系,causes,每份（2 组，4 个小题）,200,question_bank/sources/expansion_2026_09/listen_conversation.json,前一部分的数据展示变化，后一部分讨论可能原因，形成现象到解释的关系。不是删掉数据或并列无关联定义；所谈交接也不是观众问答环节。,what might explain it,2026-09-27
L476,listening,listen_conversation,A repair café donation,简单,服务与范围,appliances,每份（2 组，4 个小题）,200,question_bank/sources/expansion_2026_09/listen_conversation.json,问服务性质；帮助物主修自己的物品是不是收购转卖；无保修限定，也非只卖工具。,repair their own things,2026-09-27
L477,listening,listen_conversation,A repair café donation,简单,程序与安全,plug,每份（2 组，4 个小题）,200,question_bank/sources/expansion_2026_09/listen_conversation.json,问通电前要求；先由志愿者检查，依据是未检查不要插电；不换插座试、不移标签捐赠、不先买新机。,before the volunteer checks it,2026-09-27
L478,listening,listen_conversation,An experiment in the greenhouse,适中,变量与推断,seedlings,每份（2 组，4 个小题）,200,question_bank/sources/expansion_2026_09/listen_conversation.json,同一包种子、同样浇水已排除题面给出的两种差异；靠门反复受冷空气成为待检验因素。没有双倍水量；已长出幼苗，也不能说种子全都无法发芽。,exposed to cooler air,2026-09-27
L479,listening,listen_conversation,An experiment in the greenhouse,困难,证据与确定性,temperature,每份（2 组，4 个小题）,200,question_bank/sources/expansion_2026_09/listen_conversation.json,移换相似植物的位置并记录温度，才能检验冷空气解释，而现在只是合理猜测。并非无法测量或不许移动；观察有用，只是还不足以证明因果。,Not yet,2026-09-27
L480,listening,listen_conversation,A studio portrait,适中,原因推断,stiff,每份（2 组，4 个小题）,200,question_bank/sources/expansion_2026_09/listen_conversation.json,问僵硬表情可能原因；不断发指令是一直纠动作使人不自然；未说快门坏、无站位或只能拍一张。,Constantly,2026-09-27
L481,listening,listen_conversation,A studio portrait,适中,权衡与态度,pose,每份（2 组，4 个小题）,200,question_bank/sources/expansion_2026_09/listen_conversation.json,女方愿意接受姿势稍微变化，以换取更自然的表情，这才是取舍两端。没有要求照片变暗或换专业模特；她还建议聊天，与完全不说话相反。,worth a more natural expression,2026-09-27
L482,listening,listen_conversation,A newspaper correction,简单,范围与纠正,fourteen,每份（2 组，4 个小题）,200,question_bank/sources/expansion_2026_09/listen_conversation.json,问修改范围；只纠数量即可，依据是其余准确，无需撤整文；非删所有图、换无关文或调数配标题。,A correction to the number,2026-09-27
L483,listening,listen_conversation,A newspaper correction,适中,目的与信息一致,caption,每份（2 组，4 个小题）,200,question_bank/sources/expansion_2026_09/listen_conversation.json,问提图注原因；重复错数，证据是两处都需改；无摄影师、地点错或已改说明。,repeats the same number,2026-09-27
L484,listening,listen_conversation,A guest room fan,简单,原因与细节,screen,每份（2 组，4 个小题）,200,question_bank/sources/expansion_2026_09/listen_conversation.json,问风弱原因；纱窗贴住风扇是位置阻碍通风；有在运转，所以非无电或关闭；没拆窗。,screen is touching it,2026-09-27
L485,listening,listen_conversation,A guest room fan,适中,方案与约束,insects,每份（2 组，4 个小题）,200,question_bank/sources/expansion_2026_09/listen_conversation.json,问建议；纱窗保留的要求是挪风扇兼顾风量和挡虫；不拆纱窗、不立换、不全程关窗。,keep the screen in place,2026-09-27
L486,listening,listen_conversation,A captioned campus video,适中,问题与信息整合,captions,每份（2 组，4 个小题）,200,question_bank/sources/expansion_2026_09/listen_conversation.json,问字幕造成什么问题；cover指遮住，线索是字幕挡住正在指出的入口，妨碍同时读图。原片有口头介绍，才会需要字幕；没有建筑被拆的证据；讨论的是文字摆位，不是入口名发音错误。,cover the map,2026-09-27
L487,listening,listen_conversation,A captioned campus video,适中,决定与比较,route,每份（2 组，4 个小题）,200,question_bank/sources/expansion_2026_09/listen_conversation.json,问最终选择；在清楚地图上暂停的线索是先读字幕再看无遮挡地图，将两种信息错开。上移字幕只是较早备选，未被选定；删全片字幕会失去文字信息；加快语速也不能解决地图被盖住。,pause on a clean map,2026-09-27
L488,listening,listen_conversation,A seed library return,适中,规则与范围,crop,每份（2 组，4 个小题）,200,question_bank/sources/expansion_2026_09/listen_conversation.json,问种子归还规则；不会形成欠债是希望留种不等于歉收也必须偿还。双倍返还是凭空加数量；开花不构成归还资格限制；这里明确否定债务，也没要求购买种子还债。,doesn't create a debt,2026-09-27
L489,listening,listen_conversation,A seed library return,适中,目的与证据,pods,每份（2 组，4 个小题）,200,question_bank/sources/expansion_2026_09/listen_conversation.json,问记录价值；能给下一位建议是高温周的记录提供栽培背景，可能帮助解释失败，而非证明所有品种夏季都失败。天气记录不替代品种标签；既不欠债，也不需要用它计算金额。,advise the next person,2026-09-27
L490,listening,listen_conversation,A ticket for the wrong date,简单,承诺与限制,waiting list,每份（2 组，4 个小题）,200,question_bank/sources/expansion_2026_09/listen_conversation.json,问目前能提供什么；不能保证座位是他只可加候补名单，不能把候补说成确认入场。无退款加免票承诺，也没有私人重讲安排；后两项都超出了售票员实际提供的选择。,can't promise a seat,2026-09-27
L491,listening,listen_conversation,A ticket for the wrong date,适中,条件与时间,exchange,每份（2 组，4 个小题）,200,question_bank/sources/expansion_2026_09/listen_conversation.json,问换票条件；须等确认有位，依据是保留明日票作为保障，今晚确认后才换。入候补不等于确认；不必两场都参加；先换后查空位会违背保留原票的安排。,until we confirm a place,2026-09-27
L492,listening,listen_conversation,A class observation journal,困难,事实与推断,observable,每份（2 组，4 个小题）,200,question_bank/sources/expansion_2026_09/listen_conversation.json,问记录问题；无聊只是一个解释，依据是看窗外可观察，无聊是推断，两者需分栏。已记下可见动作，非完全没观察；他尚未列多种解释；听外声也只是可能，不是已证实事实。,one interpretation,2026-09-27
L493,listening,listen_conversation,A class observation journal,适中,方法与证据,journal,每份（2 组，4 个小题）,200,question_bank/sources/expansion_2026_09/listen_conversation.json,问修订方式；两栏分别记观察和解释，线索是分栏保留原始事实与待验证解读。删除所有行为失去资料；并非照搬女方唯一解释，她还鼓励多个可能；只记能证实无聊的事件会倒果为因。,one column and possible explanations in another,2026-09-27
L494,listening,listen_conversation,A long exposure photograph,适中,因果与区分,tripod,每份（2 组，4 个小题）,200,question_bank/sources/expansion_2026_09/listen_conversation.json,问三脚架下人仍模糊的原因；固定不了人是两秒中人可移动，支架只防相机动。建筑位置未改变；未说人走后才对焦；照片本就有两秒曝光，不是无曝光。,not the people,2026-09-27
L495,listening,listen_conversation,A long exposure photograph,困难,态度与目的,exposure,每份（2 组，4 个小题）,200,question_bank/sources/expansion_2026_09/listen_conversation.json,问对模糊的看法；取决于要表达什么，依据是若想表现广场忙碌，动态模糊可保留。不是好照片必须全清晰；无器材坏的证据；大支架同样不能阻止行人走动。,what you're trying to show,2026-09-27
L496,listening,listen_conversation,A public computer session,简单,范围与纠正,logged,每份（2 组，4 个小题）,200,question_bank/sources/expansion_2026_09/listen_conversation.json,问误解；只关本次电脑使用时段是他把会话结束当闭馆。没有只能纸填或不能联网规定；警告也不等于自动保存，末尾还提醒可能不存。,just your session,2026-09-27
L497,listening,listen_conversation,A public computer session,适中,条件整合,extension,每份（2 组，4 个小题）,200,question_bank/sources/expansion_2026_09/listen_conversation.json,问延时条件；无人排队是结束前申请且无人等待，两点须同时满足。不是退出后无条件加时；闭馆或表格页数都不是规则给出的资格。,if nobody is waiting,2026-09-27
L498,listening,listen_conversation,A museum scent display,适中,原因与约束,sensitive,每份（2 组，4 个小题）,200,question_bank/sources/expansion_2026_09/listen_conversation.json,问弃用敞口碗原因；气味会漫全厅是敏感者无法选择避开。并非植物不能放容器；仍要做历史厨房展示；名字可以贴标签，问题并不在名称被遮住。,spread through the whole gallery,2026-09-27
L499,listening,listen_conversation,A museum scent display,简单,目的与范围,sealed,每份（2 组，4 个小题）,200,question_bank/sources/expansion_2026_09/listen_conversation.json,问提前标识用途；决定是否靠近是先知道有气味，再自主选择。不是强制闻全罐、卖草药；其余房间刻意无味，不能说全馆有味。,decide whether to approach,2026-09-27
L500,listening,listen_conversation,A student radio forecast,适中,数字与概念,probability,每份（2 组，4 个小题）,200,question_bank/sources/expansion_2026_09/listen_conversation.json,问错误类型；把可能性当持续时长是六成机会不等于下午六成时间下雨。无温度、地点混淆，也未规定所有预报都须百分比；她强调保留原概率意义与时段。,a chance into a duration,2026-09-27
L501,listening,listen_conversation,A student radio forecast,简单,行动与信息核实,forecast,每份（2 组，4 个小题）,200,question_bank/sources/expansion_2026_09/listen_conversation.json,问播出前动作；再查下午预报是他将复核对应时段。改成保证必下会抹去不确定性；删时段违背明确提醒；昨日报也不等于当前下午预报。,check the afternoon forecast again,2026-09-27
L502,listening,listen_conversation,A shared sewing machine,简单,程序与顺序,rethread,每份（2 组，4 个小题）,200,question_bank/sources/expansion_2026_09/listen_conversation.json,问先做哪步；调张力前先穿线，依据是明确先按图重穿，针已换；不能把准备乱拧旋钮当最终方案；也没提出只换布来回避检查。,before adjusting the tension,2026-09-27
L503,listening,listen_conversation,A shared sewing machine,适中,因果与方法,tension,每份（2 组，4 个小题）,200,question_bank/sources/expansion_2026_09/listen_conversation.json,问为何一次不改全；无法知道哪项有效是同时改多因素难定位原因；不是仅一旋钮、图示要求扔布或设置全锁。拍照只是保存起点，不代表禁止所有调整。,won't know what helped,2026-09-27
L504,listening,listen_conversation,A community archive search,适中,原因与推断,merger,每份（2 组，4 个小题）,200,question_bank/sources/expansion_2026_09/listen_conversation.json,问早期资料难找原因；合并前异名是旧索引未自动链接，新名检索漏旧名；无销毁记录、公司不存在或索引只收其他行业的证据。,a different name before the merger,2026-09-27
L505,listening,listen_conversation,A community archive search,适中,方法与范围,timeline,每份（2 组，4 个小题）,200,question_bank/sources/expansion_2026_09/listen_conversation.json,问建议策略；两名都试是配合各名称使用年份覆盖历史。反复同名不解决索引缺链接；弃旧索引或限合并后会继续漏早期资料。,Try both names,2026-09-27
L506,listening,listen_announcement,Planetarium entry,简单,原因与目的,flashlight,每份（1 组，2 个小题）,90,question_bank/sources/expansion_2026_09/listen_announcement.json,暗室中的白光干扰观看投影星空，这是明确原因。没有说会被认成出口标志或损坏投影仪；工作人员已有小红灯引导，并非要改用观众手机灯。,harder for other visitors to see,2026-09-27
L507,listening,listen_announcement,Planetarium entry,简单,程序与顺序,attendant,每份（1 组，2 个小题）,90,question_bank/sources/expansion_2026_09/listen_announcement.json,问中途离场程序；坐着举手是先示意再由工作人员带路，避免黑暗中自行找路。走向屏幕无指引，手机照路违反规则；并非必须等所有人离场，通知专门提供中途帮助。,remain seated and raise your hand,2026-09-27
L508,listening,listen_announcement,A paused print queue,适中,主旨与范围,queue,每份（1 组，2 个小题）,90,question_bank/sources/expansion_2026_09/listen_announcement.json,问通知主旨；卡纸引出临时处理，证据是讲勿重发、急件替代和恢复顺序，围绕暂时故障。彩印只是暂停非永久禁；技术员来修非让学生修；没有新服务宣传或访客优惠。,A sheet is jammed,2026-09-27
L509,listening,listen_announcement,A paused print queue,适中,因果与细节,duplicate,每份（1 组，2 个小题）,90,question_bank/sources/expansion_2026_09/listen_announcement.json,问不重发原因；重复任务会留队列是原作业未丢且保序，重发只加重复。永久删除与原文相反；没有重发插队机制；小打印机恰可打黑白，不是不能打。,duplicate jobs will remain in the queue,2026-09-27
L510,listening,listen_announcement,A shoreline field session,适中,时间与原因,tide,每份（1 组，2 个小题）,90,question_bank/sources/expansion_2026_09/listen_announcement.json,问先看岩池原因；稍后被淹是潮水变化限制观察窗口，应先做受时限任务。没有老师缺席、清晨池中完全无水、器材午前限定的说明；下午可延后的是写生。,underwater later,2026-09-27
L511,listening,listen_announcement,A shoreline field session,简单,目的与空间,rises,每份（1 组，2 个小题）,90,question_bank/sources/expansion_2026_09/listen_announcement.json,问放标线上的目的；避免涨水时救包是高放保护物品并免打断观察。不是比较组间数量、用线分配绘图区或藏仪器；这些用途都没有从水位变化得到支持。,rescue bags as the water rises,2026-09-27
L512,listening,listen_announcement,Oversized residence deliveries,简单,范围与细节,mailboxes,每份（1 组，2 个小题）,90,question_bank/sources/expansion_2026_09/listen_announcement.json,问临时存放对象；比背包大的箱子是通知按尺寸分流，小信封仍入邮箱，不能扩大成全部信件。地址缺失不是分类标准；安排适用于本周换架期间，周五装好恢复，非此后所有投递都去书房。,larger than a backpack,2026-09-27
L513,listening,listen_announcement,Oversized residence deliveries,简单,要求整合,notification,每份（1 组，2 个小题）,90,question_bank/sources/expansion_2026_09/listen_announcement.json,问领取材料；通知加宿舍卡是两项才是指定凭证。背包只作尺寸参照，架子由宿舍更换；课表不能替代宿舍卡；书房暂存包裹，不是出租空间，未要求租赁收据。,notification and your residence card,2026-09-27
L514,listening,listen_announcement,A film society screening,适中,目的与范围,subtitles,每份（1 组，2 个小题）,90,question_bank/sources/expansion_2026_09/listen_announcement.json,问英语对白也配字幕的原因；扩大可及性是文字帮助更多人获取对白，非掩盖演员错误。后续明确不是测试语言知识，故非备考；全程是英文字幕，不是把英语转译成另外两语。,accessible to more viewers,2026-09-27
L515,listening,listen_announcement,A film society screening,简单,原因与空间,angle,每份（1 组，2 个小题）,90,question_bank/sources/expansion_2026_09/listen_announcement.json,字幕在屏底，后移改善视觉角度。没有演员专座安排；音响覆盖未被质疑；也未限定后排讨论，不能把看字幕问题改成身份或音量问题。,poor angle for reading,2026-09-27
L516,listening,listen_announcement,A makerspace tool check,简单,主旨与对象,supervisor,每份（1 组，2 个小题）,90,question_bank/sources/expansion_2026_09/listen_announcement.json,问主要服务谁；完成此处已有项目是活动是继续制作，明确非完整入门课。遇不熟机器可求示范不等于整场入门教学；工具借用非销售；主管负责协助，不是来参加执照考试。,projects you've already started here,2026-09-27
L517,listening,listen_announcement,A makerspace tool check,适中,目的与范围,counter,每份（1 组，2 个小题）,90,question_bank/sources/expansion_2026_09/listen_announcement.json,问先还后借目的；免得各桌寻找是工具回到中央柜台，减少个人囤放使他人易借。非阻止机器示范，未收费；限制的是同时持有，不是一个项目总共只能用一种。,instead of searching individual worktables,2026-09-27
L518,listening,listen_announcement,A temporary trail boundary,适中,推断与证据,nesting,每份（1 组，2 个小题）,90,question_bank/sources/expansion_2026_09/listen_announcement.json,鸟类活动可能隐蔽，看不到不等于没有。公告没有保证绕路更短；绕行是保护巢区，不是让人更近看巢；监测确认后会撤栏，也不是永久封林。,doesn't mean the nest area is empty,2026-09-27
L519,listening,listen_announcement,A temporary trail boundary,简单,条件与责任,barrier,每份（1 组，2 个小题）,90,question_bank/sources/expansion_2026_09/listen_announcement.json,问撤栏条件；监测组确认后是依据团队判断，不由首个路人说没鸟决定。只涉及此处巢区监测，不用等全校所有志愿项目；没有公布日期，不能自行添加固定时点。,after the monitoring team confirms,2026-09-27
L520,listening,listen_announcement,Handling museum replicas,适中,范围与证据,replicas,每份（1 组，2 个小题）,90,question_bank/sources/expansion_2026_09/listen_announcement.json,问触摸可学什么；复制形状而非重量材质是握持可体验形状与手的配合。重量和材质未忠实复制，不能直接推出原件精确重量或成分；触摸也不能给出精确年代，需其他检测依据。,"shapes, not their exact weight or material",2026-09-27
L521,listening,listen_announcement,Handling museum replicas,适中,证据与推断,wear,每份（1 组，2 个小题）,90,question_bank/sources/expansion_2026_09/listen_announcement.json,问会讨论哪种证据；原柄磨损是历史使用磨痕支持用途推断。游客估价和销售人数不能说明古物原用途；访客禁止碰原件，也没有他们造成新损伤的事实，不能混淆磨损来源。,wear on the original handles,2026-09-27
L522,listening,listen_announcement,Bicycle marking event,简单,要求与范围,registration,每份（1 组，2 个小题）,90,question_bank/sources/expansion_2026_09/listen_announcement.json,问登记必需信息；车架号是号码用于识别车辆，照片本身不够。活动免费且未设体育中心付费会员门槛；找回失车只是将来的用途，不能反推登记前必须已失窃。,frame number,2026-09-27
L523,listening,listen_announcement,Bicycle marking event,适中,功能与限制,recovered,每份（1 组，2 个小题）,90,question_bank/sources/expansion_2026_09/listen_announcement.json,问标记作用边界；不能替代锁是标记助找回后认领，非保证永不被盗。登记不授予无限停车权；免费的是标记服务，未包含修锁，不能因提到锁就扩大服务范围。,doesn't replace a lock,2026-09-27
L524,listening,listen_announcement,A kitchen equipment pause,简单,条件与标识,defrosted,每份（1 组，2 个小题）,90,question_bank/sources/expansion_2026_09/listen_announcement.json,问绿标含义；出现前别放新食物是标志解除冷冻柜暂停，可重新放入。邻室食物被保存而非全扔；冷藏柜仍可用，清单仍供查询，绿标不能解释成这两项服务停止。,until the green notice appears,2026-09-27
L525,listening,listen_announcement,A kitchen equipment pause,简单,程序与地点,adjoining,每份（1 组，2 个小题）,90,question_bank/sources/expansion_2026_09/listen_announcement.json,问寻找首步；先看转移清单是查表后再联系人员。原食物明确未丢，不能先报丢弃；化霜中禁放新食物；转移到邻室冷冻柜，不是仍可用的冷藏柜。,check the transfer list,2026-09-27
L526,listening,listen_announcement,A community auction preview,适中,程序与条件,bidders,每份（1 组，2 个小题）,90,question_bank/sources/expansion_2026_09/listen_announcement.json,问七点为何不能直接取物；核价后才通知是眼前最高尚非已确认中标，需要检查。没有全部退捐者、暗延到午夜或完全不看最高价的规则；只是确认程序，非改变竞价原则。,after the bids have been checked,2026-09-27
L527,listening,listen_announcement,A community auction preview,简单,明确细节,offer,每份（1 组，2 个小题）,90,question_bank/sources/expansion_2026_09/listen_announcement.json,问报价旁填什么；号码而非姓名是明确采用竞买编号。姓名地址反而违背不用姓名的要求；物品购日是商品背景，同行人数是人数信息，都不能标识本次报价者。,"your bidder number, not your name",2026-09-27
L528,listening,listen_announcement,A scanning station setting,适中,目的与范围,enhancement,每份（1 组，2 个小题）,90,question_bank/sources/expansion_2026_09/listen_announcement.json,问关闭自动增强原因；保留现状是首份是记录，不追求焕新。不是扫描器无彩色功能，也不能说所有老照黑白；后面允许再做增强版，故非永久禁止编辑。,how the originals look now,2026-09-27
L529,listening,listen_announcement,A scanning station setting,适中,顺序与证据,restoration,每份（1 组，2 个小题）,90,question_bank/sources/expansion_2026_09/listen_announcement.json,问编辑版前先做什么；原扫描加藏品号保存是原件记录先建档可追溯。删编号会失去身份；以鲜艳版覆盖失去未经编辑证据；通知没有先打印的要求，那不能替代数字原版保存。,Save the original scan with the collection number,2026-09-27
L530,listening,listen_announcement,A rowing machine introduction,简单,目的与范围,straps,每份（1 组，2 个小题）,90,question_bank/sources/expansion_2026_09/listen_announcement.json,问提前到的目的；调整检查是脚带与动作示范帮助安全准备，明确非体能测试或比赛筛选。完整锻炼在集体开始后，提前十分钟只是准备，不能替代全课。,adjustment check,2026-09-27
L531,listening,listen_announcement,A rowing machine introduction,适中,条件与对象,returning,每份（1 组，2 个小题）,90,question_bank/sources/expansion_2026_09/listen_announcement.json,问可按原时到的条件；已经会调整是熟悉操作的老学员可省准备。新手个人不想学不构成豁免；先前夺冠、拥有某鞋均未列为资格，也不能替代会调机器。,provided they already know,2026-09-27
L532,listening,listen_announcement,A compost collection check,适中,条件与推断,plant-based,每份（1 组，2 个小题）,90,question_bank/sources/expansion_2026_09/listen_announcement.json,问植物基袋为何未必适合；分解条件可能不足是原料来源不保证在小系统可分解。非只收空塑料；也不能说永不分解，只是此处条件受限；橡皮筋和贴纸恰须去除，不是专收对象。,conditions it needs to break down,2026-09-27
L533,listening,listen_announcement,A compost collection check,简单,程序与判断,coordinator,每份（1 组，2 个小题）,90,question_bank/sources/expansion_2026_09/listen_announcement.json,先放旁边指定容器等待判断，不是先混入再等投诉。撕标签不会改变袋体分解所需条件；绿色外观也不能证明适合这个小型堆肥系统。,for the coordinator to check,2026-09-27
L534,listening,listen_announcement,A replacement bus stop,简单,地点与纠正,forecourt,每份（1 组，2 个小题）,90,question_bank/sources/expansion_2026_09/listen_announcement.json,问替代公交上车处；站后公共停车场是循黄牌侧道到站后；出租车位被明确排除。售票处是室内服务点，沿街所有站也未获停靠说明，不能把临时单一点扩成多点。,car park behind the station,2026-09-27
L535,listening,listen_announcement,A replacement bus stop,适中,规则与范围,valid,每份（1 组，2 个小题）,90,question_bank/sources/expansion_2026_09/listen_announcement.json,问票务；火车票有效是已有票可用于替代车，无需另买。不是火车票加公交票，也没授权出租收据；不需另购不等于所有人无票免费出行。,Your train ticket is valid,2026-09-27
L536,listening,listen_announcement,A textile dye demonstration,适中,比较与条件,dye,每份（1 组，2 个小题）,90,question_bank/sources/expansion_2026_09/listen_announcement.json,问不凭湿布判最终色的原因；湿时可能更深是需在可比干态和光照下看成品。没有说所有颜色会相同；也无隐瞒失败动机；光照一致不等于此前房间全黑。 材料明确样布已冷却且干燥，使最终颜色的比较条件与题干一致。,look darker than it will after drying,2026-09-27
L537,listening,listen_announcement,A textile dye demonstration,简单,范围与许可,containers,每份（1 组，2 个小题）,90,question_bank/sources/expansion_2026_09/listen_announcement.json,问谁动热容器；only限定示范者是观看者在线后，仅末尾摸冷却样布。深色衣物、曾看过并未提供操作资格；能摸凉样品不能推出可碰热容器，权限针对不同对象。 材料明确样布已冷却且干燥，使最终颜色的比较条件与题干一致。,Only the demonstrator,2026-09-27
L538,listening,listen_announcement,Late seating at a recital,适中,时间与条件,usher,每份（1 组，2 个小题）,90,question_bank/sources/expansion_2026_09/listen_announcement.json,问迟到入场时点；首个合适停顿是由引座员安排，曲目可能连奏所以不能保证第一曲后。自行轻开门仍违背等候要求；前厅可听且中途可进，也非必须等全场结束。,first suitable pause,2026-09-27
L539,listening,listen_announcement,Late seating at a recital,简单,目的与对象,foyer,每份（1 组，2 个小题）,90,question_bank/sources/expansion_2026_09/listen_announcement.json,问前厅直播声音用途；在等候期间是让暂不能进场者继续听，不至全漏掉音乐。演奏者仍在表演非前厅排练；不是劝全体不进厅；live是现场声，也非录音替代。,while waiting,2026-09-27
L540,listening,listen_announcement,A choir voice placement,简单,主旨与范围,placement,每份（1 组，2 个小题）,90,question_bank/sources/expansion_2026_09/listen_announcement.json,问活动目的；匹配声部是听舒适音帮助分部，明确非筛选入团。无专业歌手门槛，也不比最长独唱；此环节无需读谱，不能据此淘汰人。,section that best suits your voice,2026-09-27
L541,listening,listen_announcement,A choir voice placement,简单,要求与否定,range,每份（1 组，2 个小题）,90,question_bank/sources/expansion_2026_09/listen_announcement.json,问准备要求；不需预备歌曲是只现场唱舒适音；完整伴奏独唱和读谱测试都超要求。未知音域者正应参加，不必先交证明自己已知音域的录音。,don't need a prepared song,2026-09-27
L542,listening,listen_announcement,Rainwater tank use,简单,条件与行动,gauge,每份（1 组，2 个小题）,90,question_bank/sources/expansion_2026_09/listen_announcement.json,问低水位时行动；红线以下是停用雨水箱并报负责人，再切常规水；明确不需取消排班。水非饮用，不能喝；也未授权加肥料，那会改变用途而非恢复水量。,below the red mark,2026-09-27
L543,listening,listen_announcement,Rainwater tank use,适中,因果与替代,supply,每份（1 组，2 个小题）,90,question_bank/sources/expansion_2026_09/listen_announcement.json,问为何仍可浇水；切常规供水是有替代水源使工作继续。不是植物旱时无需水；仪表仅显示水量不能造雨；楼下提到的是饮水处，并非全搬植物去那里。,switch to the regular supply,2026-09-27
L544,listening,listen_announcement,A cooking demonstration tasting,适中,事实与范围,substitutions,每份（1 组，2 个小题）,90,question_bank/sources/expansion_2026_09/listen_announcement.json,问为何区分替代建议与实际原料；谈到不等于用过是应按当日原料卡判断，不能把教学举例当成食物成分。非全替代同时用了；卡用于眼前试吃，不只列未来方；通知反而欢迎澄清提问。,doesn't mean those substitutions were used,2026-09-27
L545,listening,listen_announcement,A cooking demonstration tasting,简单,许可与范围,tasting,每份（1 组，2 个小题）,90,question_bank/sources/expansion_2026_09/listen_announcement.json,问讨论是否必须试吃；不要求吃样品是观看及讨论均可不尝，选择权不以身份为限。每人吃完、只有制作者可拒、拒吃须离场都新增限制，与欢迎只看的说明冲突。,doesn't require eating a sample,2026-09-27
L546,listening,listen_announcement,Oral-history recording consent,适中,许可与范围,agreement,每份（1 组，2 个小题）,90,question_bank/sources/expansion_2026_09/listen_announcement.json,问强调的区别；受访不自动等于公开同意是讲话、存档和在线开放是不同许可。非研究材料必须上网；愿说话不放弃全部限制；通知明确要求记录受访者选择，非不许表达储存偏好。,doesn't automatically mean agreeing to public release,2026-09-27
L547,listening,listen_announcement,Oral-history recording consent,适中,程序与责任,coordinator,每份（1 组，2 个小题）,90,question_bank/sources/expansion_2026_09/listen_announcement.json,问请求不明时程序；开录前处理是先咨询协调人确保能落实。先录后定跳过前置澄清；任何要求都承诺违背不能乱许诺；访问条件即便非采访主题也必须重视。,before switching on the recorder,2026-09-27
L548,listening,listen_announcement,Questions for a public debate,适中,推断与篇章,moderator,每份（1 组，2 个小题）,90,question_bank/sources/expansion_2026_09/listen_announcement.json,问为何未逐字读；同议题会合并是重点可能已被综合回应，不代表忽视。可匿名，非无名作废；当然围绕议题提问，并非禁问主题；通知也没说全留给另场活动。,combine cards that ask about the same issue,2026-09-27
L549,listening,listen_announcement,Questions for a public debate,简单,要求与范围,wording,每份（1 组，2 个小题）,90,question_bank/sources/expansion_2026_09/listen_announcement.json,问卡片要求；单个明确问题是清楚单问方便筛选。长陈述加多项无关问被明禁；名字可省更不需全场联签；私人会面不是本环节安排，偏离公共提问用途。,one clear question,2026-09-27
L550,listening,listen_announcement,Camera kit returns,简单,程序与后果,inventory,每份（1 组，2 个小题）,90,question_bank/sources/expansion_2026_09/listen_announcement.json,问归还前动作；先复制照片是卡检查后会清空，想保留需先存副本。借另一套偷偷转存未授权；工作人员不保证永久存图；卡必须分盒放，藏机内反而违反核件流程。,Copy your photographs first,2026-09-27
L551,listening,listen_announcement,Camera kit returns,适中,责任与程序,lens cap,每份（1 组，2 个小题）,90,question_bank/sources/expansion_2026_09/listen_announcement.json,问缺盖处理；到柜台报告是如实申报让工作人员处理；挪他套无标盖被明禁。删清单掩盖缺失，永久留整套也不是补救，都会破坏核件记录。,report it at the desk,2026-09-27
L552,listening,listen_announcement,Field notebook corrections,适中,目的与证据,traceable,每份（1 组，2 个小题）,90,question_bank/sources/expansion_2026_09/listen_announcement.json,问保留原数原因；能追踪变更是划线标错同时留历史，并非两值都对。通知把可追溯优先于漂亮；还要求改者缩写，非隐藏修改人。,see how the record changed,2026-09-27
L553,listening,listen_announcement,Field notebook corrections,简单,程序与信息,initials,每份（1 组，2 个小题）,90,question_bank/sources/expansion_2026_09/listen_announcement.json,问更正附什么；加姓名首字母是旁写正确测量并签缩写，原样本号清楚。遮盖液被禁；自换样本号会破坏对应；只留空既无正确值也无变更责任人。,Include your initials,2026-09-27
L554,listening,listen_announcement,A reading partnership briefing,适中,推断与意图,pauses,每份（1 组，2 个小题）,90,question_bank/sources/expansion_2026_09/listen_announcement.json,问不立刻替读原因；先等再问的依据是停顿者可能在思考，应先尊重是否需帮助。非计时评分，已说不是测试；可朗读或轮流非全默读；也不是永不帮，只需先询问。,"give them time, then ask",2026-09-27
L555,listening,listen_announcement,A reading partnership briefing,简单,许可与范围,take turns,每份（1 组，2 个小题）,90,question_bank/sources/expansion_2026_09/listen_announcement.json,问可作的选择；是否朗读由伙伴决定是可先听或轮读，调整参与方式。不是双方必须选不同故事；签到未按速度豁免；大字本只是可取，同一故事版本非强制人人使用。,choose whether to read aloud,2026-09-27
L556,listening,listen_announcement,Orchestra tuning time,简单,原因与目的,reference note,每份（1 组，2 个小题）,90,question_bank/sources/expansion_2026_09/listen_announcement.json,问调音时别练曲原因；别人需听清参考音是额外声音会遮盖统一音高依据。未删难段；全团稍后会演奏，非只有组长能弹；参考音用于公开调音，没有保密用途。,others need to hear it clearly,2026-09-27
L557,listening,listen_announcement,Orchestra tuning time,适中,时间与范围,unpacking,每份（1 组，2 个小题）,90,question_bank/sources/expansion_2026_09/listen_announcement.json,问标示起点含义；第一首开始是到此刻应已就座调好。不是刚允许入楼，也非才拆箱准备；组长仍参与协助，没有标示他们排练结束。,first piece begins,2026-09-27
L558,listening,listen_announcement,A scheduled evacuation exercise,适中,范围与条件,all-clear,每份（1 组，2 个小题）,90,question_bank/sources/expansion_2026_09/listen_announcement.json,问点名完仍等原因；本组先完成不代表全体完毕是需全场解除通知才返，避免把局部完成当整体结束。非全天停课、体育赛；入口还被明确排除为集合点，不能当等待理由。,isn't necessarily the last group outside,2026-09-27
L559,listening,listen_announcement,A scheduled evacuation exercise,简单,地点与明确细节,attendance,每份（1 组，2 个小题）,90,question_bank/sources/expansion_2026_09/listen_announcement.json,问集合点；运动场远端是通知给固定地点供统一点名。正门明确不是；楼梯内未到室外；各组随意停处会妨碍集中核对，不能替代指定集合点。,far end of the sports field,2026-09-27
L560,listening,listen_announcement,A canoe practice boundary,简单,范围与标识,buoys,每份（1 组，2 个小题）,90,question_bank/sources/expansion_2026_09/listen_announcement.json,问浮标作用；练习边界非赛道是标出允许范围，不用于竞速或指示横渡捷径。结尾说有经验者也不横湖，故不能自行豁免边界；经验不改变本次课的限制。,"practice boundary, not a route to race around",2026-09-27
L561,listening,listen_announcement,A canoe practice boundary,简单,程序与动作,paddling,每份（1 组，2 个小题）,90,question_bank/sources/expansion_2026_09/listen_announcement.json,问越界动作；举桨示意是停止向前并求教练，两个动作共同落实。继续去对岸或绕标竞速扩大偏离；不发信号无法落实求助要求，不是通知指定方式。,raised paddle,2026-09-27
L562,listening,listen_announcement,Collecting an exhibition purchase,适中,原因与时间,ceramics,每份（1 组，2 个小题）,90,question_bank/sources/expansion_2026_09/listen_announcement.json,问延迟取物原因；保持展览完整是买卖可完成但展示持续到周末。作者愿售且收益支持他们，非不许卖；没有再次烧制；购买者周日可领取，也非仅未售品能取。,see the complete exhibition,2026-09-27
L563,listening,listen_announcement,Collecting an exhibition purchase,简单,条件整合,receipt,每份（1 组，2 个小题）,90,question_bank/sources/expansion_2026_09/listen_announcement.json,问领取安排；周日三点后是到柜台持收据，由工作人员包。已售牌表示状态，不授权周六自取；访客非包装人员；展前无凭据也不满足时点或验证要求。,Sunday after three,2026-09-27
L564,listening,listen_announcement,A campus energy display,适中,数量与时间,production,每份（1 组，2 个小题）,90,question_bank/sources/expansion_2026_09/listen_announcement.json,问大数字含义；今日累计到现在是累计量不同于当下速率，后者更适合看随时变化曲线。不是安装成本；也不预言明日确定产量，时间范围明确只到今天当前。,today's total so far,2026-09-27
L565,listening,listen_announcement,A campus energy display,适中,因果与范围,output,每份（1 组，2 个小题）,90,question_bank/sources/expansion_2026_09/listen_announcement.json,问短暂下降可能原因；云经过屋顶是云遮光能暂减输出，明确不必代表故障。没有技术员已确诊；瞬时曲线下降非累计记录清零；短暂波动也不证明永久停发电。,Cloud passing over the roof,2026-09-27
L566,listening,listen_announcement,Library locker renewal,适中,条件与流程,renewal,每份（1 组，2 个小题）,90,question_bank/sources/expansion_2026_09/listen_announcement.json,网上确认才保留柜子；把书留在里面不算续期。归还钥匙是放弃柜子者的步骤；等候名单供空出的柜子分配，不是现有使用者必须重新排队。,confirm your renewal,2026-09-27
L567,listening,listen_announcement,Library locker renewal,简单,时间与后果,waiting,每份（1 组，2 个小题）,90,question_bank/sources/expansion_2026_09/listen_announcement.json,下周一把未续用柜子提供给等候学生。借书资格与有无柜子分开；没有等书归还后继续保留的承诺；周五是确认期限，也不是拆除柜子的日期。,next Monday,2026-09-27
L568,listening,listen_announcement,A revised workshop handout,简单,原因辨别,graphs,每份（1 组，2 个小题）,90,question_bank/sources/expansion_2026_09/listen_announcement.json,新版改善画图空间，练习本身相同。旧数据有错并未提到；新版也不是提供画好的答案；只交新纸说明提交要求仍在。,answer spaces are too small,2026-09-27
L569,listening,listen_announcement,A revised workshop handout,适中,限制与行动,handout,每份（1 组，2 个小题）,90,question_bank/sources/expansion_2026_09/listen_announcement.json,保留旧笔记，同时只交新纸。交两份扩大了要求；没有擦笔记的指示；前桌现在即可换，不必等下一次。,keep it as well,2026-09-27
L570,listening,listen_announcement,A rehearsal with caption timing,困难,目的与推断,caption,每份（1 组，2 个小题）,90,question_bank/sources/expansion_2026_09/listen_announcement.json,团队要找正常语速下字幕该切换的位置，故不能为等字幕而放慢。提前结束不是所给原因；字幕仍需调整；灯光是明天的重点，也没要求加快。,during a normal performance,2026-09-27
L571,listening,listen_announcement,A rehearsal with caption timing,适中,行动时点,scenes,每份（1 组，2 个小题）,90,question_bank/sources/expansion_2026_09/listen_announcement.json,场次间暂停时统一调整并收集意见。看到字幕落后就打断会破坏正常速度测试；不需推迟到明天；每句之前反馈也违背场间集中处理。,between scenes,2026-09-27
L572,listening,listen_announcement,A reading-room temperature survey,简单,明确条件,survey,每份（1 组，2 个小题）,90,question_bank/sources/expansion_2026_09/listen_announcement.json,先实际使用半小时再报告感受。没有要求比较所有房间；能耗记录由决策时综合考虑，不是学生先查；下午阳光是需记录时间的原因，不是禁止下午来。,at least half an hour,2026-09-27
L573,listening,listen_announcement,A reading-room temperature survey,困难,范围与推断,trial,每份（1 组，2 个小题）,90,question_bank/sources/expansion_2026_09/listen_announcement.json,试行后结合感受和能耗再决定，所以可能再改。尚无能耗已下降的结果；反馈只是依据之一，不是投票全权决定；试验地点是北阅览室，并非全馆永久实行。,not a permanent change,2026-09-27
L574,listening,listen_announcement,A shared telescope queue,适中,承诺范围,queue,每份（1 组，2 个小题）,90,question_bank/sources/expansion_2026_09/listen_announcement.json,卡片保留一次观测机会，云层可使进度暂停，所以没有准点保证。也不能保证有云时能看到；离开后更不能直接插到队首。,does not give you a fixed appointment time,2026-09-27
L575,listening,listen_announcement,A shared telescope queue,简单,补救行动,volunteer,每份（1 组，2 个小题）,90,question_bank/sources/expansion_2026_09/listen_announcement.json,指定处理人为标牌旁的志愿者。重新拿号与换号都不是所给安排；去望远镜前抢到下一位前面，正是公告要避免的行为。,speak to the volunteer,2026-09-27
L576,listening,listen_announcement,A reusable-container inspection,简单,条件核对,container,每份（1 组，2 个小题）,90,question_bank/sources/expansion_2026_09/listen_announcement.json,卫生与盖子才是条件，尺寸大并不加量。没有限定购买来源；柜台不能洗容器，因此也不是在那里洗过才合格。,clean and has a secure lid,2026-09-27
L577,listening,listen_announcement,A reusable-container inspection,适中,原因与干扰,preparation,每份（1 组，2 个小题）,90,question_bank/sources/expansion_2026_09/listen_announcement.json,水槽用途受限，不能用于顾客容器清洗。并非大容器特例；周一是新安排开始，不是停餐；份量规则与水槽用途无因果关系。,reserved for food preparation,2026-09-27
L578,listening,listen_announcement,A conference poster practice,困难,活动目的,clarification,每份（1 组，2 个小题）,90,question_bank/sources/expansion_2026_09/listen_announcement.json,跨院系搭档标出听不懂的术语，检验核心思想能否让外行理解。方法已审过；草稿即可，不评印刷美观；搭档也不等于新导师。,beyond your field,2026-09-27
L579,listening,listen_announcement,A conference poster practice,简单,准备要求,poster,每份（1 组，2 个小题）,90,question_bank/sources/expansion_2026_09/listen_announcement.json,带海报初稿即可，精印成品被明确排除为必需品。方法不用重评；不同院系是搭档来源，不意味着要提交全校导师名单。,a rough version,2026-09-27
L580,listening,listen_announcement,A greenhouse observation window,适中,实验条件与原因,humidity,每份（1 组，2 个小题）,90,question_bank/sources/expansion_2026_09/listen_announcement.json,开门会改变湿度，破坏比较条件。允许隔玻璃拍照，并非植物完全不能拍；两点有研究者；也没安排室内公众课程。,disturb those conditions,2026-09-27
L581,listening,listen_announcement,A greenhouse observation window,适中,许可与限制,flash,每份（1 组，2 个小题）,90,question_bank/sources/expansion_2026_09/listen_announcement.json,允许隔窗无闪光拍摄。提问在走廊，不必开门；两点活动不取消全天种植室关闭；拍摄距离也没有获得闪光许可的例外。,turn off the flash,2026-09-27
L582,listening,listen_announcement,A survey link sent twice,简单,条件行动,survey,每份（1 组，2 个小题）,90,question_bank/sources/expansion_2026_09/listen_announcement.json,两个链接同一表格，只需一次。按另一趟行程再填会重复；无需删第一次；调查还包括居家日，不能改成只报来校日。,ignore the second message,2026-09-27
L583,listening,listen_announcement,A survey link sent twice,适中,原因与范围,overlap,每份（1 组，2 个小题）,90,question_bank/sources/expansion_2026_09/listen_announcement.json,同一学生出现在重叠名单才收到两次。不是每趟一份；居家日原本就在范围内；两个链接是同一表格，没有修改问题的证据。,a mailing-list overlap,2026-09-27
L584,listening,listen_announcement,A quiet hour at the art studio,适中,否定与范围,silence,每份（1 组，2 个小题）,90,question_bank/sources/expansion_2026_09/listen_announcement.json,降低谈话声、停用电动切割工具，但仍是共用空间。不能推成独占且无声；机器照用与规定相反；院系限制也被明确否定。,cannot promise complete silence,2026-09-27
L585,listening,listen_announcement,A quiet hour at the art studio,简单,时间与替代行动,powered,每份（1 组，2 个小题）,90,question_bank/sources/expansion_2026_09/listen_announcement.json,预订十点后即可使用。九至十点禁用这类工具，不能靠声称安静使用豁免；无需换院系，也不必等整个计划取消。,a slot after ten,2026-09-27
L586,listening,listen_academic_talk,Why an empty room sounds different,适中,主旨 / 对比整合,reverberation,每份（1 组，4 个小题）,180,question_bank/sources/expansion_2026_09/listen_academic_talk.json,整合课堂清晰度与音乐厅丰满度的不同目标。,So the aim depends on what people do in the space.,2026-09-27
L587,listening,listen_academic_talk,Why an empty room sounds different,简单,细节 / 因果关系,absorb,每份（1 组，4 个小题）,180,question_bank/sources/expansion_2026_09/listen_academic_talk.json,直接定位吸收声能与词语重叠减少的因果链。,speech may become easier to understand because one word overlaps less with the next.,2026-09-27
L588,listening,listen_academic_talk,Why an empty room sounds different,适中,举例目的 / 限定关系,fullness,每份（1 组，4 个小题）,180,question_bank/sources/expansion_2026_09/listen_academic_talk.json,识别音乐厅例子对一味增加吸音的反例作用。,Too much absorption could make that hall sound lifeless.,2026-09-27
L589,listening,listen_academic_talk,Why an empty room sounds different,困难,推断 / 原则应用,acoustic,每份（1 组，4 个小题）,180,question_bank/sources/expansion_2026_09/listen_academic_talk.json,把按用途设计的原则迁移到房间改用情境。,"Before recommending materials, an acoustic designer asks what listeners need to hear clearly.",2026-09-27
L590,listening,listen_academic_talk,When spring schedules stop matching,适中,主旨 / 关系整合,phenology,每份（1 组，4 个小题）,180,question_bank/sources/expansion_2026_09/listen_academic_talk.json,主旨需包含不同时间信号及伙伴活动错开的结果。,"Each species has responded to its own signals, yet the partnership is now less well timed.",2026-09-27
L591,listening,listen_academic_talk,When spring schedules stop matching,适中,细节 / 比较,emergence,每份（1 组，4 个小题）,180,question_bank/sources/expansion_2026_09/listen_academic_talk.json,区分温度与日长两种季节信号。,"A plant might respond mainly to warmer air, while an insect's emergence could also depend on how long the days are.",2026-09-27
L592,listening,listen_academic_talk,When spring schedules stop matching,适中,举例目的 / 事实与假设,pollinating,每份（1 组，4 个小题）,180,question_bank/sources/expansion_2026_09/listen_academic_talk.json,识别假想暖春用于展示不同信号造成的时间差。,But imagine a spring when warm weather arrives unusually early.,2026-09-27
L593,listening,listen_academic_talk,When spring schedules stop matching,困难,推断 / 研究设计,flowering,每份（1 组，4 个小题）,180,question_bank/sources/expansion_2026_09/listen_academic_talk.json,从重合时间的研究目标推导双对象跨季记录方案。,"You would record flowering dates and insect activity throughout the season, ideally over several years.",2026-09-27
L594,listening,listen_academic_talk,What museum replicas can teach,适中,主旨 / 功能比较,replica,每份（1 组，4 个小题）,180,question_bank/sources/expansion_2026_09/listen_academic_talk.json,概括原件与可操作模型的互补教育功能。,One preserves direct evidence from the past; the other helps visitors explore an action that the protected object can no longer safely demonstrate.,2026-09-27
L595,listening,listen_academic_talk,What museum replicas can teach,简单,细节 / 目标与特征,resistance,每份（1 组，4 个小题）,180,question_bank/sources/expansion_2026_09/listen_academic_talk.json,将操作努力的展示目标与模型阻力对应。,"The replica should match the relevant features of the original, such as its size and the resistance a user would feel.",2026-09-27
L596,listening,listen_academic_talk,What museum replicas can teach,适中,推断 / 模型局限,mechanism,每份（1 组，4 个小题）,180,question_bank/sources/expansion_2026_09/listen_academic_talk.json,从材料和机构可改变体验推断演示不能等同历史操作。,Modern wood or a simplified mechanism could change the experience.,2026-09-27
L597,listening,listen_academic_talk,What museum replicas can teach,适中,篇章结构,fragile,每份（1 组，4 个小题）,180,question_bank/sources/expansion_2026_09/listen_academic_talk.json,识别问题、补充展示工具、局限说明的组织链。,The two displays answer different questions.,2026-09-27
L598,listening,listen_academic_talk,How a river bend moves,适中,主旨 / 过程整合,deposition,每份（1 组，4 个小题）,180,question_bank/sources/expansion_2026_09/listen_academic_talk.json,归纳外岸移除与内岸堆积共同引起河道位移。,"These two processes work together, shifting the channel sideways over time.",2026-09-27
L599,listening,listen_academic_talk,How a river bend moves,简单,细节 / 空间对应,gravel,每份（1 组，4 个小题）,180,question_bank/sources/expansion_2026_09/listen_academic_talk.json,定位内岸流速降低与沙砾沉降的对应。,"Near the inner bank, slower water can drop sand and gravel, a process called deposition.",2026-09-27
L600,listening,listen_academic_talk,How a river bend moves,适中,方法目的,transparent,每份（1 组，4 个小题）,180,question_bank/sources/expansion_2026_09/listen_academic_talk.json,识别叠图用于展示时间变化而非处理河流本身。,"Place the sheets on top of one another, and the shifting bend becomes visible.",2026-09-27
L601,listening,listen_academic_talk,How a river bend moves,困难,推断 / 动态风险,corridor,每份（1 组，4 个小题）,180,question_bank/sources/expansion_2026_09/listen_academic_talk.json,把河道会移动且速度不恒定的原则用于路径选址。,The space a river may occupy matters as well as the space it occupies now.,2026-09-27
L602,listening,listen_academic_talk,Looking back with starlight,适中,类比目的,magnifying,每份（1 组，4 个小题）,180,question_bank/sources/expansion_2026_09/listen_academic_talk.json,对应清晰度改善与信息年代不变两层关系。,The glass helps you see the writing; it doesn't update the news.,2026-09-27
L603,listening,listen_academic_talk,Looking back with starlight,简单,术语理解 / 细节,light-year,每份（1 组，4 个小题）,180,question_bank/sources/expansion_2026_09/listen_academic_talk.json,依据直接定义区分距离、时间、亮度与次数。,"A light-year is a distance, the distance light travels in one year.",2026-09-27
L604,listening,listen_academic_talk,Looking back with starlight,适中,主旨 / 概念区分,fainter,每份（1 组，4 个小题）,180,question_bank/sources/expansion_2026_09/listen_academic_talk.json,整合传播时延和观测清晰度无法消除时延的区别。,Distance gives astronomy a built-in view of the past.,2026-09-27
L605,listening,listen_academic_talk,Looking back with starlight,困难,推断 / 时间关系,observations,每份（1 组，4 个小题）,180,question_bank/sources/expansion_2026_09/listen_academic_talk.json,把固定光速和传播距离的关系应用于同时观测两颗星。,The light entering our telescope tonight left that star one hundred years ago.,2026-09-27
L606,listening,listen_academic_talk,What an informal path reveals,适中,主旨 / 证据局限,desire path,每份（1 组，4 个小题）,180,question_bank/sources/expansion_2026_09/listen_academic_talk.json,兼顾自发路径的需求线索价值和代表性、场地限制。,So designers should combine the physical trace with observations and conversations.,2026-09-27
L607,listening,listen_academic_talk,What an informal path reveals,简单,细节 / 行为线索,diagonally,每份（1 组，4 个小题）,180,question_bank/sources/expansion_2026_09/listen_academic_talk.json,连接对角捷径与原规划漏掉的通行联系。,It can reveal a connection that the original design overlooked.,2026-09-27
L608,listening,listen_academic_talk,What an informal path reveals,适中,举例目的 / 代表性,wheelchair,每份（1 组，4 个小题）,180,question_bank/sources/expansion_2026_09/listen_academic_talk.json,说明已有足迹不能代表所有用户的需要。,Someone using a wheelchair may have been forced to take the longer sidewalk and left no visible track.,2026-09-27
L609,listening,listen_academic_talk,What an informal path reveals,困难,推断 / 方案评价,shortcut,每份（1 组，4 个小题）,180,question_bank/sources/expansion_2026_09/listen_academic_talk.json,区分连接需求与危险现有路径，推导替代设计。,"It's which connection people need, and how to provide it safely for a wider range of users.",2026-09-27
L610,listening,listen_academic_talk,How speakers find a turn,适中,主旨 / 多线索整合,closure,每份（1 组，4 个小题）,180,question_bank/sources/expansion_2026_09/listen_academic_talk.json,从语法、声音及视觉线索归纳话轮协调主题。,These signals often work together.,2026-09-27
L611,listening,listen_academic_talk,How speakers find a turn,简单,细节 / 语篇线索,unfinished,每份（1 组，4 个小题）,180,question_bank/sources/expansion_2026_09/listen_academic_talk.json,定位未完成的语法结构对停顿解释的限制。,The unfinished grammar tells you more words are probably coming.,2026-09-27
L612,listening,listen_academic_talk,How speakers find a turn,困难,推断 / 行为与意图,overlap,每份（1 组，4 个小题）,180,question_bank/sources/expansion_2026_09/listen_academic_talk.json,利用视觉线索缺失和时延解释非故意的同时发言。,Two people may start together even though neither intended to interrupt.,2026-09-27
L613,listening,listen_academic_talk,How speakers find a turn,适中,说话目的 / 概念区分,interruption,每份（1 组，4 个小题）,180,question_bank/sources/expansion_2026_09/listen_academic_talk.json,区分可听见的重叠现象与需要上下文判断的交际意图。,The sound pattern alone doesn't settle the social meaning.,2026-09-27
L614,listening,listen_academic_talk,Why compost needs air spaces,适中,主旨 / 机制整合,decomposition,每份（1 组，4 个小题）,180,question_bank/sources/expansion_2026_09/listen_academic_talk.json,依据空气通道机制概括材料结构对分解条件的作用。,The point is that what a pile contains and how those contents are arranged both matter.,2026-09-27
L615,listening,listen_academic_talk,Why compost needs air spaces,简单,细节 / 因果关系,oxygen,每份（1 组，4 个小题）,180,question_bank/sources/expansion_2026_09/listen_academic_talk.json,直接检查水占据空隙阻碍氧气到达内部的关系。,Oxygen then has trouble reaching the interior.,2026-09-27
L616,listening,listen_academic_talk,Why compost needs air spaces,适中,实验目的 / 控制变量,compressing,每份（1 组，4 个小题）,180,question_bank/sources/expansion_2026_09/listen_academic_talk.json,识别保持配方和湿度一致用于比较堆放结构。,"we could prepare two containers with the same ingredients and moisture level, leaving one loosely packed and compressing the other.",2026-09-27
L617,listening,listen_academic_talk,Why compost needs air spaces,适中,推断 / 条件应用,coarser,每份（1 组，4 个小题）,180,question_bank/sources/expansion_2026_09/listen_academic_talk.json,结合过湿与压实状态，应用通气而非继续增湿的解释。,"Mixing in coarser dry material can help keep passages open, while turning the pile brings material into contact with fresh air.",2026-09-27
L618,listening,listen_academic_talk,Choosing what a map preserves,适中,主旨 / 取舍关系,projection,每份（1 组，4 个小题）,180,question_bank/sources/expansion_2026_09/listen_academic_talk.json,整合投影不可兼顾全部性质与任务适配的评价原则。,It's one whose choices fit the reader's task and whose limitations are understood.,2026-09-27
L619,listening,listen_academic_talk,Choosing what a map preserves,简单,类比目的,curved,每份（1 组，4 个小题）,180,question_bank/sources/expansion_2026_09/listen_academic_talk.json,将橘皮铺平的难处映射到曲面与平面的转换。,That gives you a sense of the problem mapmakers face when representing a curved world on a flat sheet.,2026-09-27
L620,listening,listen_academic_talk,Choosing what a map preserves,简单,细节 / 数量关系,proportional,每份（1 组，4 个小题）,180,question_bank/sources/expansion_2026_09/listen_academic_talk.json,区分面积比例与位置、边界复杂度和角度。,a region twice as large on Earth occupies twice as much space on the map.,2026-09-27
L621,listening,listen_academic_talk,Choosing what a map preserves,适中,推断 / 工具选择,distortion,每份（1 组，4 个小题）,180,question_bank/sources/expansion_2026_09/listen_academic_talk.json,用具体报告任务应用保面积投影的选择原则。,"If we're comparing how much land different countries contain, an area-preserving map helps answer that question.",2026-09-27
L622,listening,listen_academic_talk,A melody that leans away from the beat,适中,主旨 / 概念区分,syncopation,每份（1 组，4 个小题）,180,question_bank/sources/expansion_2026_09/listen_academic_talk.json,归纳稳定脉动与偏离预期的重音之间的关系。,We're separating the underlying pulse from the placement of emphasis.,2026-09-27
L623,listening,listen_academic_talk,A melody that leans away from the beat,适中,细节 / 作用关系,accents,每份（1 组，4 个小题）,180,question_bank/sources/expansion_2026_09/listen_academic_talk.json,识别听觉预期是感知错位重音的基础。,a listener needs some sense of a regular pattern to hear the surprise.,2026-09-27
L624,listening,listen_academic_talk,A melody that leans away from the beat,简单,教学活动目的,pulse,每份（1 组，4 个小题）,180,question_bank/sources/expansion_2026_09/listen_academic_talk.json,对应先听稳定低音再听人声的比较性练习目的。,Comparing the two makes the displaced accents easier to notice.,2026-09-27
L625,listening,listen_academic_talk,A melody that leans away from the beat,适中,推断 / 条件变化,unpredictable,每份（1 组，4 个小题）,180,question_bank/sources/expansion_2026_09/listen_academic_talk.json,根据规律参照的作用推断所有声部失序后反差难辨。,"If every part becomes unpredictable at once, the contrast can be harder to hear.",2026-09-27
L626,listening,listen_academic_talk,The air inside a bird's coat,适中,主旨 / 机制理解,insulation,每份（1 组，4 个小题）,180,question_bank/sources/expansion_2026_09/listen_academic_talk.json,整合蓬松、静止空气和减缓散热的因果链。,It shows how changing the arrangement of a covering can change the movement of heat through it.,2026-09-27
L627,listening,listen_academic_talk,The air inside a bird's coat,简单,细节 / 来源区分,retain,每份（1 组，4 个小题）,180,question_bank/sources/expansion_2026_09/listen_academic_talk.json,依据明确说明区分热源与隔热层。,The feathers don't manufacture heat; they help retain heat the body produces.,2026-09-27
L628,listening,listen_academic_talk,The air inside a bird's coat,适中,推断 / 因果应用,compressed,每份（1 组，4 个小题）,180,question_bank/sources/expansion_2026_09/listen_academic_talk.json,把空气隔热机制应用于层间空气减少的情境。,"If the layers are compressed or badly disrupted, they may hold less still air.",2026-09-27
L629,listening,listen_academic_talk,The air inside a bird's coat,简单,类比目的,fabric,每份（1 组，4 个小题）,180,question_bank/sources/expansion_2026_09/listen_academic_talk.json,将夹克保留空气的机制与羽毛保温相连。,"Much of its usefulness comes from the air held within it, not simply from the weight of the fabric.",2026-09-27
L630,listening,listen_academic_talk,Designing for the side seats,适中,主旨 / 目标整合,sightline,每份（1 组，4 个小题）,180,question_bank/sources/expansion_2026_09/listen_academic_talk.json,概括布景表现与不同位置观看条件的协调。,The task is to coordinate what the stage represents with what spectators can actually see.,2026-09-27
L631,listening,listen_academic_talk,Designing for the side seats,简单,细节 / 空间关系,spectator,每份（1 组，4 个小题）,180,question_bank/sources/expansion_2026_09/listen_academic_talk.json,直接识别中心可见不代表侧面可见的空间差异。,Scenery that looks harmless from the center can block that line from seats near the sides.,2026-09-27
L632,listening,listen_academic_talk,Designing for the side seats,适中,细节 / 工具作用,platforms,每份（1 组，4 个小题）,180,question_bank/sources/expansion_2026_09/listen_academic_talk.json,依据模型可移动布景来识别建造前检查的价值。,"In a small model of the stage, they can move walls and platforms before anything is built at full size.",2026-09-27
L633,listening,listen_academic_talk,Designing for the side seats,适中,推断 / 方案比较,scenery,每份（1 组，4 个小题）,180,question_bank/sources/expansion_2026_09/listen_academic_talk.json,对比局部调整和完全移除，识别兼顾两个目标的收益。,Turning it slightly might preserve the intended room design while opening the view.,2026-09-27
L634,listening,listen_academic_talk,Keeping a dressing mixed,适中,主旨 / 范围限定,emulsion,每份（1 组，4 个小题）,180,question_bank/sources/expansion_2026_09/listen_academic_talk.json,整合形成液滴与防止液滴聚合对混合稳定性的作用。,"The useful result is a slower return to separate layers, not simply a smoother appearance just after shaking.",2026-09-27
L635,listening,listen_academic_talk,Keeping a dressing mixed,简单,细节 / 机制理解,emulsifier,每份（1 组，4 个小题）,180,question_bank/sources/expansion_2026_09/listen_academic_talk.json,直接识别乳化剂减缓液滴聚合的作用环节。,"Mustard contains substances that help keep the droplets from joining, so the mixture can remain blended longer.",2026-09-27
L636,listening,listen_academic_talk,Keeping a dressing mixed,困难,推断 / 证据限度,stability,每份（1 组，4 个小题）,180,question_bank/sources/expansion_2026_09/listen_academic_talk.json,区分即时外观与需要持续观察的混合稳定性。,we're investigating the stability of the mixture over time.,2026-09-27
L637,listening,listen_academic_talk,Keeping a dressing mixed,适中,实验目的 / 控制变量,droplets,每份（1 组，4 个小题）,180,question_bank/sources/expansion_2026_09/listen_academic_talk.json,保持处理时长一致，使加芥末成为主要比较变量。,"we could compare two equal mixtures, adding mustard to only one and shaking both for the same length of time.",2026-09-27
L638,listening,listen_academic_talk,A retreating glacier that still moves downhill,适中,主旨 / 概念区分,glacier,每份（1 组，4 个小题）,180,question_bank/sources/expansion_2026_09/listen_academic_talk.json,区分冰体运动和冰川末端位置变化。,Individual pieces of ice can still be moving downhill throughout that process.,2026-09-27
L639,listening,listen_academic_talk,A retreating glacier that still moves downhill,适中,细节 / 比较关系,melting,每份（1 组，4 个小题）,180,question_bank/sources/expansion_2026_09/listen_academic_talk.json,定位末端退缩取决于当地损失超过流动补给。,"If melting removes ice faster than flowing ice replaces it there, the end of the glacier shifts uphill.",2026-09-27
L640,listening,listen_academic_talk,A retreating glacier that still moves downhill,适中,类比目的 / 类比边界,conveyor,每份（1 组，4 个小题）,180,question_bank/sources/expansion_2026_09/listen_academic_talk.json,识别传送带只类比输送与融失，不类比动力来源。,"Still, it helps us separate movement from loss.",2026-09-27
L641,listening,listen_academic_talk,A retreating glacier that still moves downhill,困难,推断 / 测量边界,markers,每份（1 组，4 个小题）,180,question_bank/sources/expansion_2026_09/listen_academic_talk.json,从边界与物质运动的区别推断需要独立测量。,researchers can track markers on the ice and also map the end position.,2026-09-27
L642,listening,listen_academic_talk,The hours already spent,适中,主旨 / 时间范围,sunk cost,每份（1 组，4 个小题）,180,question_bank/sources/expansion_2026_09/listen_academic_talk.json,概括不可收回投入不应独立决定后续选择的原则。,The decision should compare what happens from this point onward: the work still needed and the value of each finished set.,2026-09-27
L643,listening,listen_academic_talk,The hours already spent,简单,细节 / 时间与数量,recovered,每份（1 组，4 个小题）,180,question_bank/sources/expansion_2026_09/listen_academic_talk.json,用两个方案下均无法取回的时间解释沉没性质。,The six afternoons are gone whichever design the group chooses.,2026-09-27
L644,listening,listen_academic_talk,The hours already spent,适中,举例目的 / 概念边界,technique,每份（1 组，4 个小题）,180,question_bank/sources/expansion_2026_09/listen_academic_talk.json,避免把忽略沉没投入扩大成忽略一切历史经验。,That knowledge can affect the future and belongs in the comparison.,2026-09-27
L645,listening,listen_academic_talk,The hours already spent,困难,推断 / 原则应用,benefits,每份（1 组，4 个小题）,180,question_bank/sources/expansion_2026_09/listen_academic_talk.json,依据末句的条件性支持判断继续项目的有效理由。,"Continuing can be sensible when future benefits support it, but having started is not enough to show that finishing is the best choice.",2026-09-27
L646,listening,listen_academic_talk,A repeated line in an oral story,适中,主旨 / 范围区分,refrain,每份（1 组，4 个小题）,180,question_bank/sources/expansion_2026_09/listen_academic_talk.json,整合固定复句的支撑作用与表演可变性。,The refrain can remain stable while the surrounding details change.,2026-09-27
L647,listening,listen_academic_talk,A repeated line in an oral story,简单,细节 / 作用对象,episode,每份（1 组，4 个小题）,180,question_bank/sources/expansion_2026_09/listen_academic_talk.json,定位复句给讲者组织后续情节的时间功能。,It can also give the teller a moment to prepare the next episode.,2026-09-27
L648,listening,listen_academic_talk,A repeated line in an oral story,适中,推断 / 条件保留,restless,每份（1 组，4 个小题）,180,question_bank/sources/expansion_2026_09/listen_academic_talk.json,将按观众缩短描述与保留复句合并，判断为有稳定结构的现场适应。,The refrain can remain stable while the surrounding details change.,2026-09-27
L649,listening,listen_academic_talk,A repeated line in an oral story,适中,篇章结构,transcript,每份（1 组，4 个小题）,180,question_bank/sources/expansion_2026_09/listen_academic_talk.json,识别特征介绍、功能与变化说明、研究记录方法的顺序。,"A recording, together with notes about the event, can reveal those features.",2026-09-27
L650,listening,listen_academic_talk,A living seed that does not sprout,适中,主旨 / 时序,dormant,每份（1 组，4 个小题）,180,question_bank/sources/expansion_2026_09/listen_academic_talk.json,概括休眠种子需要特定先后条件且具有物种差异。,"Notice the order of the signals: cold first, then warmth.",2026-09-27
L651,listening,listen_academic_talk,A living seed that does not sprout,适中,细节 / 适应作用,germination,每份（1 组，4 个小题）,180,question_bank/sources/expansion_2026_09/listen_academic_talk.json,连接温度顺序要求与减少秋末过早萌发风险。,This sequence can help prevent a seed released in autumn from starting during a brief warm spell just before winter.,2026-09-27
L652,listening,listen_academic_talk,A living seed that does not sprout,困难,推断 / 研究范围,chilled,每份（1 组，4 个小题）,180,question_bank/sources/expansion_2026_09/listen_academic_talk.json,限定实验支持的处理效应，排除跨物种泛化和死亡推断。,the result would support the role of that earlier cold period for this batch.,2026-09-27
L653,listening,listen_academic_talk,A living seed that does not sprout,适中,篇章结构,requirements,每份（1 组，4 个小题）,180,question_bank/sources/expansion_2026_09/listen_academic_talk.json,识别纠正初始推断、给机制、提出有范围限制的验证路径。,It wouldn't show that every plant needs the same treatment.,2026-09-27
L654,listening,listen_academic_talk,Leaving room for a bridge to move,适中,主旨 / 反直觉关系,expansion joint,每份（1 组，4 个小题）,180,question_bank/sources/expansion_2026_09/listen_academic_talk.json,归纳允许热变形以维护结构稳定的原理。,a structure can achieve stability by allowing controlled change rather than by making every connection completely rigid.,2026-09-27
L655,listening,listen_academic_talk,Leaving room for a bridge to move,简单,细节 / 部件作用,slide,每份（1 组，4 个小题）,180,question_bank/sources/expansion_2026_09/listen_academic_talk.json,识别覆盖通行面与下部滑动可同时实现。,"In some designs, a cover lets traffic cross the opening while parts beneath it slide.",2026-09-27
L656,listening,listen_academic_talk,Leaving room for a bridge to move,适中,推断 / 故障机制,debris,每份（1 组，4 个小题）,180,question_bank/sources/expansion_2026_09/listen_academic_talk.json,由杂物限制滑动推断温度适应功能受到影响。,"They also inspect the joints, because debris or damaged parts can interfere with movement.",2026-09-27
L657,listening,listen_academic_talk,Leaving room for a bridge to move,适中,篇章结构,rigid,每份（1 组，4 个小题）,180,question_bank/sources/expansion_2026_09/listen_academic_talk.json,从表面异常、机制说明上升到一般工程设计原则。,The larger principle is that a structure can achieve stability by allowing controlled change,2026-09-27
L658,listening,listen_academic_talk,When a larger image adds no new evidence,适中,主旨 / 证据来源,pixels,每份（1 组，4 个小题）,180,question_bank/sources/expansion_2026_09/listen_academic_talk.json,区分数字显示插值与新增观测信息。,More pixels can change how an image looks without increasing what we know about the scene.,2026-09-27
L659,listening,listen_academic_talk,When a larger image adds no new evidence,简单,细节 / 术语理解,interpolation,每份（1 组，4 个小题）,180,question_bank/sources/expansion_2026_09/listen_academic_talk.json,依据定义识别新像素的计算来源。,it can add pixels by estimating values between the existing ones.,2026-09-27
L660,listening,listen_academic_talk,When a larger image adds no new evidence,适中,类比目的,mosaic,每份（1 组，4 个小题）,180,question_bank/sources/expansion_2026_09/listen_academic_talk.json,将平滑外观与不能恢复未观测细节的区别具体化。,you haven't learned which tiny scratches were on the original wall.,2026-09-27
L661,listening,listen_academic_talk,When a larger image adds no new evidence,困难,推断 / 证据核验,enlargement,每份（1 组，4 个小题）,180,question_bank/sources/expansion_2026_09/listen_academic_talk.json,应用信息来源原则，选择独立实拍而非同源再次处理。,"For that, you might need a closer photograph or a separate source.",2026-09-27
L662,listening,listen_academic_talk,Water moving through the ground,适中,主旨 / 概念比较,permeability,每份（1 组，4 个小题）,180,question_bank/sources/expansion_2026_09/listen_academic_talk.json,概括孔隙储水能力与孔隙连接控制流动的区别。,"Storage and movement are related questions, but answering one does not automatically answer the other.",2026-09-27
L663,listening,listen_academic_talk,Water moving through the ground,简单,细节 / 条件关系,pores,每份（1 组，4 个小题）,180,question_bank/sources/expansion_2026_09/listen_academic_talk.json,直接定位流动条件是孔隙连通性。,"For movement, the connections between pores matter.",2026-09-27
L664,listening,listen_academic_talk,Water moving through the ground,适中,类比目的,doorways,每份（1 组，4 个小题）,180,question_bank/sources/expansion_2026_09/listen_academic_talk.json,以房间与门区分储存空间和连通程度。,Similar amounts of room space don't mean equal freedom of movement.,2026-09-27
L665,listening,listen_academic_talk,Water moving through the ground,困难,推断 / 条件应用,well,每份（1 组，4 个小题）,180,question_bank/sources/expansion_2026_09/listen_academic_talk.json,将储量与流量区别用于井的实际供水能力判断。,They also need to learn whether water can flow toward the well fast enough to meet the intended demand.,2026-09-27
L666,listening,listen_academic_talk,Camouflage depends on the background,适中,主旨 / 条件整合,Camouflage,每份（1 组，4 个小题）,180,question_bank/sources/expansion_2026_09/listen_academic_talk.json,整合背景匹配和观察者感官差异对隐蔽效果的影响。,What works against one background may stand out against another.,2026-09-27
L667,listening,listen_academic_talk,Camouflage depends on the background,简单,细节 / 机制理解,outline,每份（1 组，4 个小题）,180,question_bank/sources/expansion_2026_09/listen_academic_talk.json,直接理解打散轮廓是花纹降低可见性的一种方式。,A pattern can break up an animal's outline or match features in its surroundings.,2026-09-27
L668,listening,listen_academic_talk,Camouflage depends on the background,困难,推断 / 实验边界,predator,每份（1 组，4 个小题）,180,question_bank/sources/expansion_2026_09/listen_academic_talk.json,限定纸片搜寻任务支持的人类视觉检测结论。,we can conclude that it was harder for those observers to detect under those conditions.,2026-09-27
L669,listening,listen_academic_talk,Camouflage depends on the background,适中,篇章结构,concealment,每份（1 组，4 个小题）,180,question_bank/sources/expansion_2026_09/listen_academic_talk.json,识别演示、机制解释、实验外推限制的组织方式。,Our paper exercise also has limits.,2026-09-27
L670,listening,listen_academic_talk,Why one queue can serve several counters,适中,主旨 / 概念区分,queue,每份（1 组，4 个小题）,180,question_bank/sources/expansion_2026_09/listen_academic_talk.json,区分共享等待结构带来的分配变化与固定服务能力。,The lesson is to distinguish the organization of waiting from the capacity to provide service.,2026-09-27
L671,listening,listen_academic_talk,Why one queue can serve several counters,简单,细节 / 流程理解,counter,每份（1 组，4 个小题）,180,question_bank/sources/expansion_2026_09/listen_academic_talk.json,识别共享队列按下一空闲窗口动态分配顾客。,The person at its front goes to whichever counter becomes free next.,2026-09-27
L672,listening,listen_academic_talk,Why one queue can serve several counters,困难,推断 / 系统边界,transactions,每份（1 组，4 个小题）,180,question_bank/sources/expansion_2026_09/listen_academic_talk.json,在服务台持续满负荷的条件下区分排队改革和吞吐能力。,"If every counter is continuously busy, the same staff still have the same work to do.",2026-09-27
L673,listening,listen_academic_talk,Why one queue can serve several counters,适中,举例目的 / 适用条件,specialist,每份（1 组，4 个小题）,180,question_bank/sources/expansion_2026_09/listen_academic_talk.json,说明窗口能力不互换时独立分流可能更合适。,Nor is one queue ideal when some customers need a specialist available at only one counter.,2026-09-27
L674,listening,listen_academic_talk,Why stable air matters to old paper,适中,主旨 / 条件整合,humidity,每份（1 组，4 个小题）,180,question_bank/sources/expansion_2026_09/listen_academic_talk.json,整合纸的水分反应与储存、搬移时的环境管理。,Protecting paper therefore involves managing its environment as well as handling its pages carefully.,2026-09-27
L675,listening,listen_academic_talk,Why stable air matters to old paper,简单,细节 / 因果关系,dimensions,每份（1 组，4 个小题）,180,question_bank/sources/expansion_2026_09/listen_academic_talk.json,直接定位页面不同区域响应速率不一造成不均匀变形。,"If different parts of a page respond at different rates, the page may become uneven or distorted.",2026-09-27
L676,listening,listen_academic_talk,Why stable air matters to old paper,适中,推断 / 措施局限,buffer,每份（1 组，4 个小题）,180,question_bank/sources/expansion_2026_09/listen_academic_talk.json,由缓冲而非永久屏蔽推断长期不良环境仍需处理。,It isn't a permanent shield against an unsuitable environment.,2026-09-27
L677,listening,listen_academic_talk,Why stable air matters to old paper,适中,篇章结构,conservators,每份（1 组，4 个小题）,180,question_bank/sources/expansion_2026_09/listen_academic_talk.json,识别材料机制、有限保护、转移环境应用三层推进。,"And when a book is moved to a different space for an exhibition, the change in conditions deserves attention.",2026-09-27
L678,listening,listen_academic_talk,What travels with an ocean wave,适中,主旨 / 对象区分,disturbance,每份（1 组，4 个小题）,180,question_bank/sources/expansion_2026_09/listen_academic_talk.json,整合行波、局部往复和实际漂移的区别。,the traveling pattern and the motion of the water aren't the same thing.,2026-09-27
L679,listening,listen_academic_talk,What travels with an ocean wave,简单,类比目的 / 类比限制,stadium,每份（1 组，4 个小题）,180,question_bank/sources/expansion_2026_09/listen_academic_talk.json,用人浪区分参与者局部运动与图样长距离传播。,People stand up and sit down while the rising pattern moves around the seats.,2026-09-27
L680,listening,listen_academic_talk,What travels with an ocean wave,适中,细节 / 限定关系,crest,每份（1 组，4 个小题）,180,question_bank/sources/expansion_2026_09/listen_academic_talk.json,保留洋流和波引起净运动，避免将类比绝对化。,"Currents can carry it over long distances, and waves can produce some net movement too.",2026-09-27
L681,listening,listen_academic_talk,What travels with an ocean wave,困难,推断 / 测量方法,drift,每份（1 组，4 个小题）,180,question_bank/sources/expansion_2026_09/listen_academic_talk.json,据波形与物体轨迹不同，选择直接追踪并区分净运动。,we need to follow the object over time and separate its repeated motions from any overall drift.,2026-09-27
L682,listening,listen_academic_talk,Why a familiar smell fades,适中,主旨 / 因果区分,sensory adaptation,每份（1 组，4 个小题）,180,question_bank/sources/expansion_2026_09/listen_academic_talk.json,概括感觉变化不必对应外界刺激减少的原理。,Feeling less of something doesn't always mean there is less of it.,2026-09-27
L683,listening,listen_academic_talk,Why a familiar smell fades,简单,细节 / 时间变化,exposure,每份（1 组，4 个小题）,180,question_bank/sources/expansion_2026_09/listen_academic_talk.json,依据离开再返回的例子理解感觉恢复的可能性。,Leaving for a while and returning can make the same smell noticeable again.,2026-09-27
L684,listening,listen_academic_talk,Why a familiar smell fades,适中,实验目的 / 控制变量,ventilation,每份（1 组，4 个小题）,180,question_bank/sources/expansion_2026_09/listen_academic_talk.json,通过固定气味源和空气流动，聚焦接触时长差异。,imagine two groups entering a room at different times while the odor source and ventilation stay unchanged.,2026-09-27
L685,listening,listen_academic_talk,Why a familiar smell fades,困难,推断 / 证据限度,odor,每份（1 组，4 个小题）,180,question_bank/sources/expansion_2026_09/listen_academic_talk.json,保留讲稿明确提出的适应、源减弱和通风等候选机制。,"The source may weaken, or moving air may carry the odor away.",2026-09-27
L686,listening,listen_academic_talk,A garden that briefly holds the rain,简单,主旨 / 过程理解,runoff,每份（1 组，4 个小题）,180,question_bank/sources/expansion_2026_09/listen_academic_talk.json,抓住雨水花园暂存径流并促进下渗的核心功能。,"The garden briefly holds water while it soaks into the soil, reducing the sudden rush toward drains or streams.",2026-09-27
L687,listening,listen_academic_talk,A garden that briefly holds the rain,适中,细节 / 必要条件,depression,每份（1 组，4 个小题）,180,question_bank/sources/expansion_2026_09/listen_academic_talk.json,将景观外观与地面入渗的功能性条件分开。,"Plants help hold the soil and use some water, but the soil's ability to absorb water is crucial.",2026-09-27
L688,listening,listen_academic_talk,A garden that briefly holds the rain,适中,推断 / 条件诊断,overflow,每份（1 组，4 个小题）,180,question_bank/sources/expansion_2026_09/listen_academic_talk.json,利用排水慢导致久积水的机制判断现场评估重点。,"If the ground drains very slowly, water may remain longer than intended.",2026-09-27
L689,listening,listen_academic_talk,A garden that briefly holds the rain,适中,举例目的 / 容量限制,downpipe,每份（1 组，4 个小题）,180,question_bank/sources/expansion_2026_09/listen_academic_talk.json,说明超过入渗储水能力时需要预设溢流路径。,Designers also consider where excess water will go during a storm larger than the garden can handle.,2026-09-27
L690,listening,listen_academic_talk,When a storyteller's claim conflicts with the story,适中,主旨 / 叙述层次,unreliable narrator,每份（1 组，4 个小题）,180,question_bank/sources/expansion_2026_09/listen_academic_talk.json,归纳以文本内部差异审视叙述声音的阅读方法。,we follow the events and also evaluate the voice presenting them.,2026-09-27
L691,listening,listen_academic_talk,When a storyteller's claim conflicts with the story,简单,细节 / 矛盾识别,objection,每份（1 组，4 个小题）,180,question_bank/sources/expansion_2026_09/listen_academic_talk.json,用被转述的明确批评反驳无人反对的总称判断。,the same writer reports that a neighbor called the plan a waste of the village's money.,2026-09-27
L692,listening,listen_academic_talk,When a storyteller's claim conflicts with the story,适中,推断 / 事实与评价,interpretation,每份（1 组，4 个小题）,180,question_bank/sources/expansion_2026_09/listen_academic_talk.json,从真实细节可反驳偏见推断其独立证据价值。,accurate details can allow us to question the writer's interpretation.,2026-09-27
L693,listening,listen_academic_talk,When a storyteller's claim conflicts with the story,适中,篇章结构 / 例证性质,fictional,每份（1 组，4 个小题）,180,question_bank/sources/expansion_2026_09/listen_academic_talk.json,识别概念、假想矛盾例子、阅读方法的推进。,This creates two levels of reading,2026-09-27
L694,listening,listen_academic_talk,Separating a design effect from a user difference,适中,主旨 / 因果识别,confounding factor,每份（1 组，4 个小题）,180,question_bank/sources/expansion_2026_09/listen_academic_talk.json,整合自选、先验经验和任务难度对设计效果判断的干扰。,A faster result becomes more informative when we have reduced other reasonable explanations for it.,2026-09-27
L695,listening,listen_academic_talk,Separating a design effect from a user difference,适中,细节 / 混杂因素,unfamiliar,每份（1 组，4 个小题）,180,question_bank/sources/expansion_2026_09/listen_academic_talk.json,识别技术熟练度既影响选择又影响搜索速度的可能链条。,"People comfortable with unfamiliar software may have been more likely to choose it, and their experience could explain some of the speed.",2026-09-27
L696,listening,listen_academic_talk,Separating a design effect from a user difference,困难,推断 / 方法局限,Random assignment,每份（1 组，4 个小题）,180,question_bank/sources/expansion_2026_09/listen_academic_talk.json,依据随机分配不保证小组完全匹配推导背景检查价值。,"However, chance doesn't guarantee perfectly matched groups in a small study.",2026-09-27
L697,listening,listen_academic_talk,Separating a design effect from a user difference,适中,举例目的 / 控制变量,comparable,每份（1 组，4 个小题）,180,question_bank/sources/expansion_2026_09/listen_academic_talk.json,将熟悉书名与陌生主题用于说明任务本身应保持可比。,"They should also give participants comparable search tasks, because finding a familiar title is different from locating an unfamiliar topic.",2026-09-27
L698,listening,listen_academic_talk,Why calendars need occasional extra days,适中,主旨 / 系统与对象,leap day,每份（1 组，4 个小题）,180,question_bank/sources/expansion_2026_09/listen_academic_talk.json,概括历法增补是为协调整数计数与非整数自然周期。,they keep a human system of labels aligned with the cycle it is intended to represent.,2026-09-27
L699,listening,listen_academic_talk,Why calendars need occasional extra days,简单,细节 / 累积关系,accumulates,每份（1 组，4 个小题）,180,question_bank/sources/expansion_2026_09/listen_academic_talk.json,把周期非整数的微小年差与多年漂移相连。,"The difference in one year is small, but it accumulates.",2026-09-27
L700,listening,listen_academic_talk,Why calendars need occasional extra days,适中,类比目的,approximation,每份（1 组，4 个小题）,180,question_bank/sources/expansion_2026_09/listen_academic_talk.json,借钟的累计误差说明校正标签而非改变自然时间。,"Correcting it changes the reading, not the passage of time.",2026-09-27
L701,listening,listen_academic_talk,Why calendars need occasional extra days,适中,推断 / 精度限定,adjustments,每份（1 组，4 个小题）,180,question_bank/sources/expansion_2026_09/listen_academic_talk.json,从近似及长期需校正推断简单闰年规则的精度边界。,"Adding a day every fourth year is a useful first approximation, although smaller adjustments are needed over longer periods.",2026-09-27
L702,listening,listen_academic_talk,Writing down a dance,适中,主旨 / 功能比较,Movement notation,每份（1 组，4 个小题）,180,question_bank/sources/expansion_2026_09/listen_academic_talk.json,整合动作结构记录与具体表演影像的互补价值。,"For a teaching archive, the two records can therefore support each other.",2026-09-27
L703,listening,listen_academic_talk,Writing down a dance,简单,细节 / 记录范围,symbols,每份（1 组，4 个小题）,180,question_bank/sources/expansion_2026_09/listen_academic_talk.json,依据列举直接定位记谱可表示的动作参数。,"A symbol might indicate which part of the body moves, in what direction, and for how long.",2026-09-27
L704,listening,listen_academic_talk,Writing down a dance,适中,推断 / 结构与表达,interpretation,每份（1 组，4 个小题）,180,question_bank/sources/expansion_2026_09/listen_academic_talk.json,从同谱可有表达变化推断差别并不必然改变动作结构。,"The same written movement may be carried out with different weight, energy, or expression.",2026-09-27
L705,listening,listen_academic_talk,Writing down a dance,适中,篇章结构,archive,每份（1 组，4 个小题）,180,question_bank/sources/expansion_2026_09/listen_academic_talk.json,识别保存问题、媒介能力比较、组合使用建议的结构。,A learner can consult the score for the movement sequence and watch recordings to examine different realizations.,2026-09-27
S01,speaking,listen_repeat,The learning center,简单,听觉记忆与准确复述 / 意群与句法,Welcome / learning / center.,每份（1 组，7 个小题）,180,question_bank/sources/base_productive.py,短句与单一陈述，日常地点和动作。,读懂：欢迎来到学习中心。这是一句接待用语，不是在询问学习情况。 解析：Welcome to 是“欢迎来到”，the learning center 是“这个学习中心”。容易漏的是 to 和 the：前者连接欢迎与目的地，后者属于所指的中心；learning 修饰 center，不要按中文倒成 center learning。复述要保留听到的原话，不自行加介绍。,2026-09-27
S02,speaking,listen_repeat,The learning center,简单,听觉记忆与准确复述 / 意群与句法,entrance.,每份（1 组，7 个小题）,180,question_bank/sources/base_productive.py,短句与单一陈述，日常地点和动作。,读懂：服务台在主入口旁边，听众可以据此找到求助地点。 解析：The help desk 是“服务台”，is beside 是“在……旁边”，the main entrance 是“主入口”。beside 不能记成 inside（在里面），否则地点改变；也别只说 help desk beside entrance 而丢掉 is 和两个 the。main 说明主要的入口，不能省成任意入口。,2026-09-27
S03,speaking,listen_repeat,The learning center,适中,听觉记忆与准确复述 / 意群与句法,reserve / through / student,每份（1 组，7 个小题）,180,question_bank/sources/base_productive.py,中段增加介词短语、修饰语或从句，需要保持词序与功能词。,读懂：你可以通过学生门户网站预订一间自习室，说明能做什么以及办理途径。 解析：can reserve 是“可以预订”，a study room 是“一间自习室”，through the student portal 是“通过学生门户”。can 不能漏成已经预订，through 也不能换成 in 而改变途径表达；room 前是 a，portal 前是 the，听时要一起带住。,2026-09-27
S04,speaking,listen_repeat,The learning center,适中,听觉记忆与准确复述 / 意群与句法,borrowed / equipment / evening.,每份（1 组，7 个小题）,180,question_bank/sources/base_productive.py,中段增加介词短语、修饰语或从句，需要保持词序与功能词。,读懂：请在周五晚上中心关门前归还借用的设备，重点是归还对象和截止时间。 解析：return borrowed equipment 是“归还借来的设备”，before the center closes 是“中心关门之前”，on Friday evening 限定哪天晚上。before 不能听成 after；borrowed 是借来的，不是要求再去借。equipment 前原句没有 a，不要自行添入。,2026-09-27
S05,speaking,listen_repeat,The learning center,适中,听觉记忆与准确复述 / 意群与句法,Students / assignments / appointment,每份（1 组，7 个小题）,180,question_bank/sources/base_productive.py,中段增加介词短语、修饰语或从句，需要保持词序与功能词。,读懂：作业需要帮助的学生可以预约导师辅导；并不是所有学生都被要求预约。 解析：who need help with their assignments 说明哪类学生，can book an appointment 是“可以预约”，with a tutor 是“和导师”。两个 with 作用不同：先说在哪方面需帮助，后说向谁预约。别在长段之后忘了主线 Students can book，也不要把 can 改成 must。,2026-09-27
S06,speaking,listen_repeat,The learning center,困难,听觉记忆与准确复述 / 意群与句法,Although / computer / technical,每份（1 组，7 个小题）,180,question_bank/sources/base_productive.py,末段包含较长条件、让步或时间关系；难点是连续记忆、完整复述和从句边界。,读懂：虽然机房开到很晚，但技术支持只提供到六点；机房开放时间与有人帮忙的时间不同。 解析：Although 引出“虽然”，are open late 是“开到很晚”，only available until six o'clock 是“只到六点还能获得”。不能丢掉 only 或将 until 听成 after，否则会把支持时段说反。原句没有 but，不要按中文“虽然……但是……”另加一个。,2026-09-27
S07,speaking,listen_repeat,The learning center,困难,听觉记忆与准确复述 / 意群与句法,recording / before / complete,每份（1 组，7 个小题）,180,question_bank/sources/base_productive.py,Retain the sentence's complete meaning groups and word order in the unchanged response window; syntax and recall provide the challenge without excessive length.,读懂：首次预订我们的录音室之前，请先完成简短的入门指导，先后顺序不能反。 解析：complete the short orientation 是“完成简短介绍培训”，before you reserve 是“在你预订之前”，for the first time 是“第一次”。orientation 在这里不是方向；our recording studio 是“我们的录音室”。before 不能漏，否则先培训的条件不见了；first 也不是每一次的意思。,2026-09-27
S08,speaking,take_interview,Study habits,简单,连贯表达 / 经历与观点发展,study / place,每份（1 组，4 个小题）,300,question_bank/sources/base_productive.py,以个人习惯或兴趣作答，直接描述并给理由。,读懂：调查者问你平时在哪里学习，以及那个地方为什么对你有帮助；地点和作用都要回答。 解析：参考思路要求熟悉的地点加具体好处，不限定必须去图书馆。只说“那里很好”缺少解释。可以说图书馆安静，便于读长文章；也可选家里的书桌，说明资料方便取用。usually study 指日常习惯，不是梦想中的地点。,2026-09-27
S09,speaking,take_interview,Study habits,适中,连贯表达 / 经历与观点发展,learn / help,每份（1 组，4 个小题）,300,question_bank/sources/base_productive.py,叙述一次经历，清楚连接行动与结果。,读懂：回想一次学习困难内容的经历，说你采取了什么办法，以及办法如何帮到你。 解析：参考结构是经历、行动、效果，不是罗列“要努力、要练习”的道理。可以讲听不懂一段讲座，拆成短段反复听，后来能跟上要点；其他学科也可以。how did it help 要说明行动与进步的联系，不能只讲困难。,2026-09-27
S10,speaking,take_interview,Study habits,适中,连贯表达 / 经历与观点发展,study / classmates / prefer,每份（1 组，4 个小题）,300,question_bank/sources/base_productive.py,比较偏好并用学习或生活例子支持选择。,读懂：面对较难的课程，你更喜欢独自学习还是与同学合作？必须解释选择，不只泛谈学习重要。 解析：参考要求选择、理由和例子，没有规定哪种方式更好。独学可强调按自己的速度补基础；合作可强调互相解释卡住的步骤。challenging course 是“有难度的课”，理由应与处理难题有关，而不是只说朋友有趣。,2026-09-27
S11,speaking,take_interview,Study habits,困难,连贯表达 / 经历与观点发展,students / spaces / quiet,每份（1 组，4 个小题）,300,question_bank/sources/base_productive.py,从个人经验转向制度或公共政策，权衡影响与限制并提出有理由的建议。,读懂：学校拟把部分安静自习室改为合作空间，问这会怎样影响学生，以及你建议怎么办。 解析：参考提示兼顾不同需要，不强制支持或反对改造。可指出小组讨论更方便，却减少独立阅读的安静席位，再建议保留一定静区。some 是“部分”，不要夸成取消所有自习室。只表达个人喜好而不谈学生影响会漏题。,2026-09-27
S12,speaking,listen_repeat,A museum visit,简单,听觉记忆与准确复述 / 意群与句法,Welcome / museum.,每份（1 组，7 个小题）,180,question_bank/sources/expanded_productive.py,短句与单一陈述，日常地点和动作。,读懂：欢迎来到城市博物馆，是参观开始时对来宾的欢迎。 解析：Welcome to 后直接接目的地 the city museum。city 在这里修饰 museum，意思是城市博物馆，不是先去城市再去另一处；to 不能漏，也不要凭熟悉的表达把 museum 换成 center。短句容易因觉得简单而漏掉 the。,2026-09-27
S13,speaking,listen_repeat,A museum visit,简单,听觉记忆与准确复述 / 意群与句法,staircase.,每份（1 组，7 个小题）,180,question_bank/sources/expanded_productive.py,短句与单一陈述，日常地点和动作。,读懂：售票台在楼梯旁边，是告诉参观者去哪里买票。 解析：The ticket desk 是“售票台”，is beside the staircase 是“在楼梯旁”。ticket 不能听记成上一场景的 help；beside 表示旁边，不是楼梯上或后面。is 连起物品与位置，desk 与 staircase 前的 the 都属于原话，不宜只复述名词。,2026-09-27
S14,speaking,listen_repeat,A museum visit,适中,听觉记忆与准确复述 / 意群与句法,lockers / entrance.,每份（1 组，7 个小题）,180,question_bank/sources/expanded_productive.py,中段增加介词短语、修饰语或从句，需要保持词序与功能词。,读懂：请把大包存放在入口附近的储物柜里；包在柜内，柜子在入口附近。 解析：leave large bags 是“留下或存放大包”，in the lockers 是“在储物柜内”，near the entrance 是“靠近入口”。in 与 near 分别描述两层位置，不能交换成把包放在入口里。large 限定大包，原句没有要求所有随身物品都留下。,2026-09-27
S15,speaking,listen_repeat,A museum visit,适中,听觉记忆与准确复述 / 意群与句法,photographs,每份（1 组，7 个小题）,180,question_bank/sources/expanded_productive.py,中段增加介词短语、修饰语或从句，需要保持词序与功能词。,读懂：大多数展厅允许拍照，但请关闭闪光灯；许可带有限制，不是全面禁止拍照。 解析：may take photographs 是“可以拍照”，in most rooms 是“在大多数房间”，but 引出 turn off the flash（关闭闪光灯）。most 不能改为 all；off 若记成 on 就把要求说反。后半段有 please，表示礼貌提醒，不要只留下 flash 一个词。,2026-09-27
S16,speaking,listen_repeat,A museum visit,适中,听觉记忆与准确复述 / 意群与句法,gallery / contains / objects,每份（1 组，7 个小题）,180,question_bank/sources/expanded_productive.py,中段增加介词短语、修饰语或从句，需要保持词序与功能词。,读懂：二层展厅收藏了这个地区最早聚落的物件，说明展厅位置及展品来源。 解析：on the second floor 是“在二层”，contains objects 是“收藏物件”，from the earliest settlement 是“来自最早聚落”。in this region 限定聚落所在地区，不能改说最早的展厅。on、from、in 依次承担位置、来源、范围，不可随意省略。,2026-09-27
S17,speaking,listen_repeat,A museum visit,困难,听觉记忆与准确复述 / 意群与句法,collect / information,每份（1 组，7 个小题）,180,question_bank/sources/expanded_productive.py,Retain the sentence's complete meaning groups and word order in the unchanged response window; syntax and recall provide the challenge without excessive length.,读懂：如果想参加导览，请在中午前到咨询台领取免费票，既有条件也有领票地点与时限。 解析：a guided tour 是“有人带领讲解的参观”，collect your free ticket 是“领取你的免费票”，at the information desk 是“在咨询台”。before noon 表示中午以前，不是中午以后。If 不能丢，否则条件性的说明变成所有人都要领票。,2026-09-27
S18,speaking,listen_repeat,A museum visit,困难,听觉记忆与准确复述 / 意群与句法,exhibition / visitors,每份（1 组，7 个小题）,180,question_bank/sources/expanded_productive.py,Retain the sentence's complete meaning groups and word order in the unchanged response window; syntax and recall provide the challenge without excessive length.,读懂：参加晚间讲座的访客可以在主要展览结束后到庭院等候；不是所有参观者必须留下。 解析：attending the evening lecture 限定哪些访客，may wait 是“可以等候”，in the courtyard 是“在庭院”，after the main exhibition closes 是“主展览关闭后”。after 不能换成 before，也不能把 exhibition 的关闭误连到 lecture 上。,2026-09-27
S19,speaking,listen_repeat,The recreation center,简单,听觉记忆与准确复述 / 意群与句法,swimming,每份（1 组，7 个小题）,180,question_bank/sources/expanded_productive.py,短句与单一陈述，日常地点和动作。,读懂：游泳池七点开放；原句只说七点，没有明确说上午还是下午，不必自行补充。 解析：The swimming pool 是“游泳池”，opens 是“开放”，at seven 是“在七点”。不是 swimmers（游泳的人）开放；也不能把 opens 记成 closes 而把时间意义倒过来。at 用于这一具体时刻，漏了它就只剩零散的时间词。,2026-09-27
S20,speaking,listen_repeat,The recreation center,简单,听觉记忆与准确复述 / 意群与句法,Please,每份（1 组，7 个小题）,180,question_bank/sources/expanded_productive.py,短句与单一陈述，日常地点和动作。,读懂：请在前台出示你的卡，要求的是出示，不是交还或购买一张卡。 解析：show your card 是“出示你的卡”，at the front desk 是“在前台”。your 指自己的卡，不要换成 a 而变成任意一张；front desk 是一个地点名称，不能倒成 desk front。Please 是礼貌请求的一部分，也应保留。,2026-09-27
S21,speaking,listen_repeat,The recreation center,适中,听觉记忆与准确复述 / 意群与句法,Changing / available / corridor.,每份（1 组，7 个小题）,180,question_bank/sources/expanded_productive.py,中段增加介词短语、修饰语或从句，需要保持词序与功能词。,读懂：走廊两侧都有可使用的更衣室，不是只有一侧，也不是房间正在搬动。 解析：Changing rooms 是“更衣室”，are available 表示“可用”，on both sides of the corridor 是“在走廊两边”。both 必须带住两侧含义，sides 后的 of 把两边与走廊连起来；别把 changing 单独理解成正在改变。,2026-09-27
S22,speaking,listen_repeat,The recreation center,适中,听觉记忆与准确复述 / 意群与句法,leaving / membership,每份（1 组，7 个小题）,180,question_bank/sources/expanded_productive.py,Retain the sentence's complete meaning groups and word order in the unchanged response window; syntax and recall provide the challenge without excessive length.,读懂：把会员卡留在这里，就可以借一把储物柜钥匙；要留的是卡，借走的是钥匙。 解析：borrow a locker key 是“借柜钥匙”，by leaving your membership card here 是“通过把会员卡留在这里”。by 引出办理方式，不能换成 before 而只说时间。membership card 是会员卡，不要与 locker key 交换角色；here 说明卡留在哪里。,2026-09-27
S23,speaking,listen_repeat,The recreation center,适中,听觉记忆与准确复述 / 意群与句法,climbing / session.,每份（1 组，7 个小题）,180,question_bank/sources/expanded_productive.py,中段增加介词短语、修饰语或从句，需要保持词序与功能词。,读懂：第一次使用攀岩墙前，必须先参加一场简短的安全培训，不是可有可无的建议。 解析：Before using the climbing wall 是“用攀岩墙之前”，for the first time 限定首次使用，must attend 是“必须参加”，a short safety session 是“短时安全课”。不能丢掉 must，或把 before 改成 after；first time 也不是每次都必须的意思。,2026-09-27
S24,speaking,listen_repeat,The recreation center,困难,听觉记忆与准确复述 / 意群与句法,smaller,每份（1 组，7 个小题）,180,question_bank/sources/expanded_productive.py,Retain the sentence's complete meaning groups and word order in the unchanged response window; syntax and recall provide the challenge without excessive length.,读懂：下午的课程占用较小的房间，所以个人训练请到主厅进行，课程和个人训练地点不同。 解析：Afternoon classes use the smaller room 说明占用原因，so 表示“因此”，train individually 是“个人单独训练”，in the main hall 指主厅。不要把 smaller 记成 main，使两个场地对调；individually 也不能省成集体课同去主厅。,2026-09-27
S25,speaking,listen_repeat,The recreation center,困难,听觉记忆与准确复述 / 意群与句法,waiting,每份（1 组，7 个小题）,180,question_bank/sources/expanded_productive.py,Retain the sentence's complete meaning groups and word order in the unchanged response window; syntax and recall provide the challenge without excessive length.,读懂：选中的课满员时可以加入候补名单；若有取消预约的情况，工作人员会联系你。 解析：Join the waiting list 是“加入候补名单”，if your chosen class is full 是加入的条件，contact you about cancellations 是“就取消预约的情况联系你”。full 不是已取消，cancellations 也不是保证整门课取消。if 和 will 分别管条件与后续联系，不可漏成保证立刻入班。,2026-09-27
S26,speaking,listen_repeat,The community garden,简单,听觉记忆与准确复述 / 意群与句法,joining,每份（1 组，7 个小题）,180,question_bank/sources/expanded_productive.py,短句与单一陈述，日常地点和动作。,读懂：感谢你加入我们的园艺团队，表达的是对已经加入这件事的感谢。 解析：Thank you for 是“因……感谢你”，joining our garden team 是“加入我们的园艺团队”。for 后这里接 joining，不能只记 join；our 表示本团队，不要换成 your。garden 修饰 team，是园艺团队，并非感谢加入一个花园地点。,2026-09-27
S27,speaking,listen_repeat,The community garden,简单,听觉记忆与准确复述 / 意群与句法,The,每份（1 组，7 个小题）,180,question_bank/sources/expanded_productive.py,短句与单一陈述，日常地点和动作。,读懂：工具存放在小棚屋里，告诉志愿者去哪里找到工具。 解析：The tools are stored 表示“工具被存放”，in the small shed 是“在小棚屋内”。are stored 要一起记，不能只剩 tools stored；shed 是棚屋，不是 shelf（架子）。small 限定是哪座棚屋，in 表示内部，不能改成旁边或屋顶。,2026-09-27
S28,speaking,listen_repeat,The community garden,适中,听觉记忆与准确复述 / 意群与句法,equipment / returning / shelves.,每份（1 组，7 个小题）,180,question_bank/sources/expanded_productive.py,中段增加介词短语、修饰语或从句，需要保持词序与功能词。,读懂：请先清洗器具，再把它们放回架上；归还前清洗是动作顺序的关键。 解析：wash the equipment 是“清洗器具”，before returning it 是“归还它之前”，to the shelves 是“回到架上”。it 指前面的 equipment，原句按一个总称处理，别自行改成 them。before 不能换成 after；to 表示归还的去处，不是清洗的位置。,2026-09-27
S29,speaking,listen_repeat,The community garden,适中,听觉记忆与准确复述 / 意群与句法,volunteers / experienced / gardener,每份（1 组，7 个小题）,180,question_bank/sources/expanded_productive.py,Retain the sentence's complete meaning groups and word order in the unchanged response window; syntax and recall provide the challenge without excessive length.,读懂：新志愿者在学习工作任务时，与有经验的园丁一起做事，并不是独自摸索。 解析：work alongside 是“在旁一起工作”，an experienced gardener 是“一位有经验的园丁”，while they learn the tasks 是“在他们学习任务期间”。while 表示同时，不是学完以后；they 指新志愿者，不能误记成园丁们。,2026-09-27
S30,speaking,listen_repeat,The community garden,适中,听觉记忆与准确复述 / 意群与句法,schools,每份（1 组，7 个小题）,180,question_bank/sources/expanded_productive.py,Retain the sentence's complete meaning groups and word order in the unchanged response window; syntax and recall provide the challenge without excessive length.,读懂：本地学校使用靠近大门的种植畦，所以这些植物要留给那些学校的学生处理。 解析：beds 在花园场景是“种植畦”，不是睡床；near the gate 是“靠门”，leave those plants for their students 是“把那些植物留给他们的学生”。so 连接安排的原因与要求，for 说明留给谁；their 指学校，不是志愿者自己。,2026-09-27
S31,speaking,listen_repeat,The community garden,困难,听觉记忆与准确复述 / 意群与句法,Because / limited / summer,每份（1 组，7 个小题）,180,question_bank/sources/expanded_productive.py,Retain the sentence's complete meaning groups and word order in the unchanged response window; syntax and recall provide the challenge without excessive length.,读懂：夏季水源有限，所以团队收集从棚屋屋顶流下的雨水；说明做法及节水原因。 解析：collect rain from the shed roof 是“从棚屋屋顶收集雨水”，because water is limited 是“因为水量有限”，during the summer 是“夏季期间”。from 指收集来源，不是把水放到屋顶；because 不能漏成两句毫无关系的陈述。,2026-09-27
S32,speaking,listen_repeat,The community garden,困难,听觉记忆与准确复述 / 意群与句法,gardening,每份（1 组，7 个小题）,180,question_bank/sources/expanded_productive.py,Retain the sentence's complete meaning groups and word order in the unchanged response window; syntax and recall provide the challenge without excessive length.,读懂：不需要园艺经验，但如果某些工作你无法安全完成，要告诉协调员；欢迎新手不等于忽略安全限制。 解析：need no gardening experience 是“不需要园艺经验”，tasks you cannot do safely 是“你不能安全完成的任务”。no 和 cannot 是两处不同的否定，漏任何一个都会改变要求。tell the coordinator about 是“把……告知协调员”，about 不能丢。,2026-09-27
S33,speaking,listen_repeat,The careers office,简单,听觉记忆与准确复述 / 意群与句法,careers,每份（1 组，7 个小题）,180,question_bank/sources/expanded_productive.py,短句与单一陈述，日常地点和动作。,读懂：职业指导办公室今天开放，告诉学生今天可以使用该办公室的服务。 解析：The careers office 是“职业指导办公室”，is open 是“处于开放状态”，today 指今天。careers 在名称里带复数形式，不要凭印象改词；is open 不等于 opens，前者说状态，后者可能说开始开放的动作。原句没说全天开放，不应加 all day。,2026-09-27
S34,speaking,listen_repeat,The careers office,简单,听觉记忆与准确复述 / 意群与句法,appointment / through / website.,每份（1 组，7 个小题）,180,question_bank/sources/expanded_productive.py,短句与单一陈述，日常地点和动作。,读懂：你可以通过我们的网站预约一次会面，重点是预约渠道。 解析：book an appointment 表示“预约”，book 在这里不是名词“书”；through our website 是“通过我们的网站”。an 与 appointment 一起记，through 不能漏成直接把网站当预约对象。our 说明服务方的网站，不是 your website。,2026-09-27
S35,speaking,listen_repeat,The careers office,适中,听觉记忆与准确复述 / 意群与句法,meeting.,每份（1 组，7 个小题）,180,question_bank/sources/expanded_productive.py,中段增加介词短语、修饰语或从句，需要保持词序与功能词。,读懂：请把一份个人简历带到会面中，要求携带的是简历副本。 解析：bring a copy of your résumé 是“带一份你的简历”，to the meeting 是“到会面时带来”。résumé 在这里指简历，不是英语动词 resume（继续）。of 把副本和简历连起来，to 连接目的地；a copy 也不能省成原句没有说明的多份。,2026-09-27
S36,speaking,listen_repeat,The careers office,适中,听觉记忆与准确复述 / 意群与句法,adviser / interests / suggesting,每份（1 组，7 个小题）,180,question_bank/sources/expanded_productive.py,Retain the sentence's complete meaning groups and word order in the unchanged response window; syntax and recall provide the challenge without excessive length.,读懂：顾问先了解你的兴趣，再推荐适合你的机会；推荐建立在了解你之后。 解析：asks about your interests 是“询问兴趣”，before suggesting 是“在提出建议之前”，suitable opportunities for you 是“适合你的机会”。before 若漏掉就丢了先后顺序；about 管询问内容，for you 管机会适合谁，不能混换。原句没有保证录取。,2026-09-27
S37,speaking,listen_repeat,The careers office,适中,听觉记忆与准确复述 / 意群与句法,request / appointment,每份（1 组，7 个小题）,180,question_bank/sources/expanded_productive.py,Retain the sentence's complete meaning groups and word order in the unchanged response window; syntax and recall provide the challenge without excessive length.,读懂：如果不能亲自到场，就在预约时申请线上会面，而不是等到约定时间才说明。 解析：cannot attend in person 是“不能本人到场”，request an online appointment 是“申请线上预约”，when you make your booking 指“你办理预约时”。cannot 中的否定不能漏；when 也不是 after。online 与 in person 是两种见面方式，不可颠倒。,2026-09-27
S38,speaking,listen_repeat,The careers office,困难,听觉记忆与准确复述 / 意群与句法,workshops / interview,每份（1 组，7 个小题）,180,question_bank/sources/expanded_productive.py,Retain the sentence's complete meaning groups and word order in the unchanged response window; syntax and recall provide the challenge without excessive length.,读懂：培训课帮助你准备面试，但是否发出录用通知由雇主自己决定，参加培训不保证获得工作。 解析：prepare you for interviews 是“帮你准备面试”，make their own decisions 是“自行决定”，about job offers 是“关于录用”。but 引出服务边界；their own 强调雇主有决定权，不能省成培训机构作决定。employers 是雇主，不是求职者。,2026-09-27
S39,speaking,listen_repeat,The careers office,困难,听觉记忆与准确复述 / 意群与句法,appointment / another,每份（1 组，7 个小题）,180,question_bank/sources/expanded_productive.py,Retain the sentence's complete meaning groups and word order in the unchanged response window; syntax and recall provide the challenge without excessive length.,读懂：如需取消，请至少提前一天办理，好让另一个学生使用你的预约时段。 解析：at least a day ahead 是“至少提前一天”，so that 引出目的“以便”，another student 指另一位学生，appointment time 是预约时段。at least 不能变成恰好一天；ahead 也不能听成之后。取消的是预约，不是要求取消另一位学生的时间。,2026-09-27
S40,speaking,take_interview,Transport and daily routines,简单,连贯表达 / 经历与观点发展,travel / classes,每份（1 组，4 个小题）,300,question_bank/sources/expanded_productive.py,以个人习惯或兴趣作答，直接描述并给理由。,读懂：你通常怎样去上课？喜欢这种出行方式的哪一点？回答的是日常上课路程，不是旅游偏好。 解析：参考要求常用方式和一个具体好处，不要求一定绿色或便宜。可以讲步行路线固定、不受等车影响，也可以讲公交省力、能在车上看笔记。what do you like 要落到你实际得到的便利，不能只有交通工具名称。,2026-09-27
S41,speaking,take_interview,Transport and daily routines,适中,连贯表达 / 经历与观点发展,delay / plan / time,每份（1 组，4 个小题）,300,question_bank/sources/expanded_productive.py,叙述一次经历，清楚连接行动与结果。,读懂：讲一次交通延误影响计划的经历，并说明你如何应对；既要有事件，也要有行动。 解析：参考思路补上处理结果，使经历完整。比如公交晚点导致赶不上约见，先通知同伴，再改走另一条线路，最终稍晚到达。不是所有回答都要换车，调整预约同样可行；只抱怨交通而没有自己的应对就没答全。,2026-09-27
S42,speaking,take_interview,Transport and daily routines,适中,连贯表达 / 经历与观点发展,commute,每份（1 组，4 个小题）,300,question_bank/sources/expanded_productive.py,比较偏好并用学习或生活例子支持选择。,读懂：较便宜但耗时长的通勤，和较快但更贵的通勤，你更愿意选哪一个？要解释钱与时间的取舍。 解析：参考要求把选择联系自己的日程，没有唯一正确偏好。预算紧时可选便宜路线并在车上阅读；课业紧时可为短途多付一些费用，把省下的时间用于睡眠或准备课业。commute 指经常往返学校或工作的路程。,2026-09-27
S43,speaking,take_interview,Transport and daily routines,困难,连贯表达 / 经历与观点发展,university,每份（1 组，4 个小题）,300,question_bank/sources/expanded_productive.py,从个人经验转向制度或公共政策，权衡影响与限制并提出有理由的建议。,读懂：大学想减少私家车使用，你建议什么政策？推行时可能遇到什么困难？两部分都不能漏。 解析：参考提示政策、好处和实施障碍，可选增开接驳车、交通补贴等，不限定必须禁车。比如晚间增加校车能替代开车，但车辆与司机成本可能上升。private car use 是减少使用，不等于不准任何人进校。,2026-09-27
S44,speaking,take_interview,Learning with technology,简单,连贯表达 / 经历与观点发展,tool / study / use,每份（1 组，4 个小题）,300,question_bank/sources/expanded_productive.py,以个人习惯或兴趣作答，直接描述并给理由。,读懂：你学习时最常用哪种数字工具，以及具体怎么用？不能只报软件名称或介绍所有功能。 解析：参考要求一个工具配一种学习活动，例如用电子卡片复习生词，或用笔记软件整理课后问题。digital tool 是“数字工具”；most often 强调经常使用，不是要求推荐最新产品。只讲它很方便却不讲操作，会漏掉 how。,2026-09-27
S45,speaking,take_interview,Learning with technology,适中,连贯表达 / 经历与观点发展,technology / task,每份（1 组，4 个小题）,300,question_bank/sources/expanded_productive.py,叙述一次经历，清楚连接行动与结果。,读懂：讲一次 important task（重要任务）中技术出故障的经历，并说明你接下来做了什么。 解析：参考需要具体故障、替代行动和结果。比如演示时投影失灵，改用打印提纲向大家说明，之后补发图表。题目不要求你修好硬件；有效调整做事方式也能回应。只说电脑不好用或自己很着急，仍没说明下一步。,2026-09-27
S46,speaking,take_interview,Learning with technology,适中,连贯表达 / 经历与观点发展,notes / learning / prefer,每份（1 组，4 个小题）,300,question_bank/sources/expanded_productive.py,比较偏好并用学习或生活例子支持选择。,读懂：记笔记时你偏好纸笔还是电子设备？还要解释这种选择怎样影响学习。 解析：参考思路把偏好与学习实例连起来，两种答案都能成立。纸笔可帮助用自己的话概括，电子笔记可方便搜索旧概念。只谈设备价格、颜色而不谈学习效果，会偏离后半问。taking notes 是记笔记，不是写考试答案。,2026-09-27
S47,speaking,take_interview,Learning with technology,困难,连贯表达 / 经历与观点发展,platform / students,每份（1 组，4 个小题）,300,question_bank/sources/expanded_productive.py,从个人经验转向制度或公共政策，权衡影响与限制并提出有理由的建议。,读懂：大学是否应要求学生统一使用一个数字学习平台？必须考虑一个好处和一个可能的不足。 解析：参考建议权衡统一性与实际限制，不规定赞成。统一平台可集中作业截止日期，但特殊课程可能需要不同工具。single 是“单一”，不是仅仅多提供一个平台；只列好处或只抱怨技术问题都会缺少一面。,2026-09-27
S48,speaking,take_interview,Working with a community,简单,连贯表达 / 经历与观点发展,community / activity,每份（1 组，4 个小题）,300,question_bank/sources/expanded_productive.py,以个人习惯或兴趣作答，直接描述并给理由。,读懂：你愿意参加哪类社区活动，为什么感兴趣？可以谈将来想参与的活动，不强求已经有经历。 解析：参考要求活动和个人兴趣相连，例如喜欢植物便想参加社区花园，想认识邻居便加入读书活动。community activity 指与社区成员一起参与的活动；单说“帮助别人很好”还不足以解释你为何选这一项。,2026-09-27
S49,speaking,take_interview,Working with a community,适中,连贯表达 / 经历与观点发展,help / problem / person,每份（1 组，4 个小题）,300,question_bank/sources/expanded_productive.py,叙述一次经历，清楚连接行动与结果。,读懂：讲一次你帮助别人解决问题的经历，尤其说明你本人承担了什么角色。 解析：参考看情境、贡献和结果是否连得上。比如同学不会整理演讲材料，你帮他分成三个主题并一起练习，后来表达更有条理。不能把所有过程都说成“我们做了”，让听者不知道你的具体贡献；也不必声称独自解决所有问题。,2026-09-27
S50,speaking,take_interview,Working with a community,适中,连贯表达 / 经历与观点发展,volunteer / projects / regular,每份（1 组，4 个小题）,300,question_bank/sources/expanded_productive.py,比较偏好并用学习或生活例子支持选择。,读懂：你更愿意长期为一个机构做志愿服务，还是尝试多个短项目？要说清选择及理由。 解析：参考没有限定长期更好。固定服务可建立信任、熟悉岗位；短项目可探索不同兴趣并适应课程安排。regularly 是“经常、定期”，不等于每天；several short projects 是多个短期项目，不是一次随意帮忙。,2026-09-27
S51,speaking,take_interview,Working with a community,困难,连贯表达 / 经历与观点发展,service / students / organizations,每份（1 组，4 个小题）,300,question_bank/sources/expanded_productive.py,从个人经验转向制度或公共政策，权衡影响与限制并提出有理由的建议。,读懂：一些大学把社区服务列为毕业要求，这会怎样影响学生和当地机构？必须谈两个群体。 解析：参考提示好处与困难，例如学生获得合作经验，却有课业时间压力；机构得到人手，却需培训大量短期参与者。题目问影响，不强制表态赞成或反对，也不是问学生如何拿满分。只说社会更美好缺少具体因果。,2026-09-27
S52,speaking,take_interview,Culture and leisure,简单,连贯表达 / 经历与观点发展,relax / study / week,每份（1 组，4 个小题）,300,question_bank/sources/expanded_productive.py,以个人习惯或兴趣作答，直接描述并给理由。,读懂：经历一周繁重学习后，你通常做什么来放松？重点是平常的休息活动。 解析：参考建议说明熟悉的活动及放松作用。可以讲周末在公园散步，让注意力暂时离开作业；也可以讲做饭或听音乐。demanding week 指费精力的一周，不是要求你描述整个学期。只列活动清单不容易让人理解如何放松。,2026-09-27
S53,speaking,take_interview,Culture and leisure,适中,连贯表达 / 经历与观点发展,event,每份（1 组，4 个小题）,300,question_bank/sources/expanded_productive.py,叙述一次经历，清楚连接行动与结果。,读懂：描述一个让你印象深刻的文化活动，以及你从中获得的认识或感受。 解析：参考要求具体活动加影响。take away from 在这里是“从中得到收获”，不只问带走了什么纪念品。可以讲一次地方戏演出，让你理解另一代人的生活；也可讲展览改变了你看待传统工艺的方式。只描写人很多不够。,2026-09-27
S54,speaking,take_interview,Culture and leisure,适中,连贯表达 / 经历与观点发展,live / recording / prefer,每份（1 组，4 个小题）,300,question_bank/sources/expanded_productive.py,比较偏好并用学习或生活例子支持选择。,读懂：你更愿意去现场看演出，还是在家看录像？解释偏好，并让理由对应这两种体验。 解析：参考思路允许选择任一方式。现场可重视与观众共同反应的气氛，录像可重视暂停重看与省去出行。live performance 是现场演出，recording 是录制内容，不要误比成现场演出与家里直播。只说喜欢音乐并未完成比较。,2026-09-27
S55,speaking,take_interview,Culture and leisure,困难,连贯表达 / 经历与观点发展,city / programs,每份（1 组，4 个小题）,300,question_bank/sources/expanded_productive.py,从个人经验转向制度或公共政策，权衡影响与限制并提出有理由的建议。,读懂：城市文化经费有限，应支持大型节庆还是小型邻里活动？需给出推荐及理由，不能忽略预算限制。 解析：参考允许从参与便利或成本分析任一选择。小活动可方便居民经常参与，大节庆可集中提供平时难得的节目。说“大的一定浪费”或“小的一定人人参加”都过于绝对。limited funds 是有限资金，不是完全没有钱。,2026-09-27
S56,speaking,listen_repeat,At the neighborhood repair cafe,简单,短句意群 / 时间信息,repair cafe / opens,每份（1 组，7 个小题）,180,question_bank/sources/expansion_2026_09/listen_repeat.json,6词句以明确营业时间建立场景。 解析以中文意群配合局部英文核对点，不逐词重印整句。,原句：The repair cafe opens at ten. 中文意群与局部英文核对点均依据原句；未将完整英文答案拆成斜线块重印。文字比对不评价发音或流利度。,2026-09-27
S57,speaking,listen_repeat,At the neighborhood repair cafe,简单,祈使句复述 / 指示信息,item / table,每份（1 组，7 个小题）,180,question_bank/sources/expansion_2026_09/listen_repeat.json,7词放置指令承接进场流程，代词与指示词是核对点。 解析以中文意群配合局部英文核对点，不逐词重印整句。,原句：Please place your item on this table. 中文意群与局部英文核对点均依据原句；未将完整英文答案拆成斜线块重印。文字比对不评价发音或流利度。,2026-09-27
S58,speaking,listen_repeat,At the neighborhood repair cafe,适中,嵌入式问句记忆 / 完成时,volunteer / owned,每份（1 组，7 个小题）,180,question_bank/sources/expansion_2026_09/listen_repeat.json,10词由外层提问动作转入持续经历，增加句法记忆。 解析以中文意群配合局部英文核对点，不逐词重印整句。,原句：A volunteer will ask how long you have owned it. 中文意群与局部英文核对点均依据原句；未将完整英文答案拆成斜线块重印。文字比对不评价发音或流利度。,2026-09-27
S59,speaking,listen_repeat,At the neighborhood repair cafe,适中,位置意群 / 修饰词记忆,screws / tray,每份（1 组，7 个小题）,180,question_bank/sources/expansion_2026_09/listen_repeat.json,10词具体收纳场景，由物件到容器再到相对位置。 解析以中文意群配合局部英文核对点，不逐词重印整句。,原句：Keep any loose screws in the small tray beside you. 中文意群与局部英文核对点均依据原句；未将完整英文答案拆成斜线块重印。文字比对不评价发音或流利度。,2026-09-27
S60,speaking,listen_repeat,At the neighborhood repair cafe,困难,条件与先后 / 被动意群,replacement part / cost,每份（1 组，7 个小题）,180,question_bank/sources/expansion_2026_09/listen_repeat.json,14词条件加先后，内容延续诊断并限制费用承诺。 解析以中文意群配合局部英文核对点，不逐词重印整句。,"原句：If a replacement part is needed, we will explain the cost before you decide. 中文意群与局部英文核对点均依据原句；未将完整英文答案拆成斜线块重印。文字比对不评价发音或流利度。",2026-09-27
S61,speaking,listen_repeat,At the neighborhood repair cafe,困难,转折与不定式 / 长意群保持,enough space / volunteer,每份（1 组，7 个小题）,180,question_bank/sources/expansion_2026_09/listen_repeat.json,15词许可与操作空间限制相连，无额外嵌套。 解析以中文意群配合局部英文核对点，不逐词重印整句。,"原句：You can watch the repair, but please leave enough space for the volunteer to work. 中文意群与局部英文核对点均依据原句；未将完整英文答案拆成斜线块重印。文字比对不评价发音或流利度。",2026-09-27
S62,speaking,listen_repeat,At the neighborhood repair cafe,困难,并列对象记忆 / 完成状态,collected / remaining,每份（1 组，7 个小题）,180,question_bank/sources/expansion_2026_09/listen_repeat.json,15词结束流程与首尾物品呼应，检查双对象与完成式。 解析以中文意群配合局部英文核对点，不逐词重印整句。,"原句：Before you leave, check that you have collected both your item and the remaining screws. 中文意群与局部英文核对点均依据原句；未将完整英文答案拆成斜线块重印。文字比对不评价发音或流利度。",2026-09-27
S63,speaking,listen_repeat,Recording at the campus radio studio,简单,位置关系 / 短句重读,studio / glass door,每份（1 组，7 个小题）,180,question_bank/sources/expansion_2026_09/listen_repeat.json,7词介绍录音室入口，建立可视定位场景。 解析以中文意群配合局部英文核对点，不逐词重印整句。,原句：Our studio is behind the glass door. 中文意群与局部英文核对点均依据原句；未将完整英文答案拆成斜线块重印。文字比对不评价发音或流利度。,2026-09-27
S64,speaking,listen_repeat,Recording at the campus radio studio,简单,祈使句 / 相邻位置,coat / control desk,每份（1 组，7 个小题）,180,question_bank/sources/expansion_2026_09/listen_repeat.json,7词到场准备，与第一句不同位置介词形成真实区分。 解析以中文意群配合局部英文核对点，不逐词重印整句。,原句：Hang your coat beside the control desk. 中文意群与局部英文核对点均依据原句；未将完整英文答案拆成斜线块重印。文字比对不评价发音或流利度。,2026-09-27
S65,speaking,listen_repeat,Recording at the campus radio studio,适中,动作终点 / 方式副词,headphones / clearly,每份（1 组，7 个小题）,180,question_bank/sources/expansion_2026_09/listen_repeat.json,10词设备检查，终点条件自然连接听觉动作。 解析以中文意群配合局部英文核对点，不逐词重印整句。,原句：Adjust the headphones until you can hear your partner clearly. 中文意群与局部英文核对点均依据原句；未将完整英文答案拆成斜线块重印。文字比对不评价发音或流利度。,2026-09-27
S66,speaking,listen_repeat,Recording at the campus radio studio,适中,内容从句 / 状态表达,red light / in progress,每份（1 组，7 个小题）,180,question_bank/sources/expansion_2026_09/listen_repeat.json,10词解释录音灯号，为后续静音操作提供语境。 解析以中文意群配合局部英文核对点，不逐词重印整句。,原句：The red light means that a recording is in progress. 中文意群与局部英文核对点均依据原句；未将完整英文答案拆成斜线块重印。文字比对不评价发音或流利度。,2026-09-27
S67,speaking,listen_repeat,Recording at the campus radio studio,困难,条件与并列动作 / 范围限定,pause briefly / beginning,每份（1 组，7 个小题）,180,question_bank/sources/expansion_2026_09/listen_repeat.json,16词顺序操作但只一层条件，避免复杂嵌套。 解析以中文意群配合局部英文核对点，不逐词重印整句。,"原句：If you make a mistake, pause briefly and start again from the beginning of that sentence. 中文意群与局部英文核对点均依据原句；未将完整英文答案拆成斜线块重印。文字比对不评价发音或流利度。",2026-09-27
S68,speaking,listen_repeat,Recording at the campus radio studio,困难,原因与被动 / 强调信息,microphone / movements,每份（1 组，7 个小题）,180,question_bank/sources/expansion_2026_09/listen_repeat.json,17词因果句，十二秒约需85词每分钟；这是文本长度检查，不能代替真实音频与作答可说性验证。解析采用中文意群与局部英文核对点。,"原句：Please keep paper away from the microphone, because even small movements can be heard on the recording. 中文意群与局部英文核对点均依据原句；未将完整英文答案拆成斜线块重印。文字比对不评价发音或流利度。",2026-09-27
S69,speaking,listen_repeat,Recording at the campus radio studio,困难,时间与目的 / 多步骤记忆,editor / version,每份（1 组，7 个小题）,180,question_bank/sources/expansion_2026_09/listen_repeat.json,17词录音完成流程，文件日期与版本查找有明确因果。 解析以中文意群配合局部英文核对点，不逐词重印整句。,"原句：When you finish, save the file with today’s date so the editor can find the correct version. 中文意群与局部英文核对点均依据原句；未将完整英文答案拆成斜线块重印。文字比对不评价发音或流利度。",2026-09-27
S70,speaking,listen_repeat,A trail restoration briefing,简单,地点指令 / 修饰语记忆,wooden / trail sign,每份（1 组，7 个小题）,180,question_bank/sources/expansion_2026_09/listen_repeat.json,6词场景入口，短句检验辨识性修饰词。 解析以中文意群配合局部英文核对点，不逐词重印整句。,原句：Meet beside the wooden trail sign. 中文意群与局部英文核对点均依据原句；未将完整英文答案拆成斜线块重印。文字比对不评价发音或流利度。,2026-09-27
S71,speaking,listen_repeat,A trail restoration briefing,简单,数量与分配单位 / 主谓一致复述,volunteer / gloves,每份（1 组，7 个小题）,180,question_bank/sources/expansion_2026_09/listen_repeat.json,7词每人发放一副手套，与后续分队工作相容。 解析以中文意群配合局部英文核对点，不逐词重印整句。,原句：Each volunteer receives a pair of gloves. 中文意群与局部英文核对点均依据原句；未将完整英文答案拆成斜线块重印。文字比对不评价发音或流利度。,2026-09-27
S72,speaking,listen_repeat,A trail restoration briefing,适中,动作来源 / 顺序与修饰,fallen branches / lower path,每份（1 组，7 个小题）,180,question_bank/sources/expansion_2026_09/listen_repeat.json,10词初始工作安排，来源与顺序均有必要信息。 解析以中文意群配合局部英文核对点，不逐词重印整句。,原句：We will clear fallen branches from the lower path first. 中文意群与局部英文核对点均依据原句；未将完整英文答案拆成斜线块重印。文字比对不评价发音或流利度。,2026-09-27
S73,speaking,listen_repeat,A trail restoration briefing,适中,地点从句 / 保留指令,painted stones / edge,每份（1 组，7 个小题）,180,question_bank/sources/expansion_2026_09/listen_repeat.json,10词保护路边标记，动作与上一句清理形成区别。 解析以中文意群配合局部英文核对点，不逐词重印整句。,原句：Leave the painted stones where they are along the edge. 中文意群与局部英文核对点均依据原句；未将完整英文答案拆成斜线块重印。文字比对不评价发音或流利度。,2026-09-27
S74,speaking,listen_repeat,A trail restoration briefing,困难,替代动作 / 条件与指代,damaged sign / location,每份（1 组，7 个小题）,180,question_bank/sources/expansion_2026_09/listen_repeat.json,16词条件加行动替代，工作内容清晰且无长关系从句。 解析以中文意群配合局部英文核对点，不逐词重印整句。,"原句：If you find a damaged sign, mark its location on the map instead of removing it. 中文意群与局部英文核对点均依据原句；未将完整英文答案拆成斜线块重印。文字比对不评价发音或流利度。",2026-09-27
S75,speaking,listen_repeat,A trail restoration briefing,困难,因果意群 / 位置介词,stream / gravel path,每份（1 组，7 个小题）,180,question_bank/sources/expansion_2026_09/listen_repeat.json,15词原因和路径指令，增加两种地点关系但保持可说性。 解析以中文意群配合局部英文核对点，不逐词重印整句。,"原句：The soil near the stream is soft, so carry the tools along the gravel path. 中文意群与局部英文核对点均依据原句；未将完整英文答案拆成斜线块重印。文字比对不评价发音或流利度。",2026-09-27
S76,speaking,listen_repeat,A trail restoration briefing,困难,完成被动记忆 / 全称范围,returned / cart,每份（1 组，7 个小题）,180,question_bank/sources/expansion_2026_09/listen_repeat.json,17词收工盘点承接前文清理与搬运工具，完成式和全部范围是难点；中文意群不重印完整英文。,"原句：Before we leave, each team should check that all its tools have been returned to the cart. 中文意群与局部英文核对点均依据原句；未将完整英文答案拆成斜线块重印。文字比对不评价发音或流利度。",2026-09-27
S77,speaking,listen_repeat,Inside the theater costume room,简单,短句定位 / 系动词保持,costume room / downstairs,每份（1 组，7 个小题）,180,question_bank/sources/expansion_2026_09/listen_repeat.json,5词建立戏服间位置，保留简短易题。 解析以中文意群配合局部英文核对点，不逐词重印整句。,原句：The costume room is downstairs. 中文意群与局部英文核对点均依据原句；未将完整英文答案拆成斜线块重印。文字比对不评价发音或流利度。,2026-09-27
S78,speaking,listen_repeat,Inside the theater costume room,简单,身份标记 / 颜色信息,green tag / name,每份（1 组，7 个小题）,180,question_bank/sources/expansion_2026_09/listen_repeat.json,7词说明识别方式，接续选取个人戏服。 解析以中文意群配合局部英文核对点，不逐词重印整句。,原句：Your name is on the green tag. 中文意群与局部英文核对点均依据原句；未将完整英文答案拆成斜线块重印。文字比对不评价发音或流利度。,2026-09-27
S79,speaking,listen_repeat,Inside the theater costume room,适中,短语动词 / 操作先后,jacket / matching,每份（1 组，7 个小题）,180,question_bank/sources/expansion_2026_09/listen_repeat.json,10词试装顺序，动词小品词被宾语隔开需保持。 解析以中文意群配合局部英文核对点，不逐词重印整句。,原句：Try the jacket on before you choose a matching hat. 中文意群与局部英文核对点均依据原句；未将完整英文答案拆成斜线块重印。文字比对不评价发音或流利度。,2026-09-27
S80,speaking,listen_repeat,Inside the theater costume room,适中,条件与并列描述 / 主谓一致保持,button / uncomfortable,每份（1 组，7 个小题）,180,question_bank/sources/expansion_2026_09/listen_repeat.json,10词试装反馈，两种感受并列增加记忆量。 解析以中文意群配合局部英文核对点，不逐词重印整句。,原句：Tell the assistant if a button feels loose or uncomfortable. 中文意群与局部英文核对点均依据原句；未将完整英文答案拆成斜线块重印。文字比对不评价发音或流利度。,2026-09-27
S81,speaking,listen_repeat,Inside the theater costume room,困难,原因与先后 / 数量范围,label / stage,每份（1 组，7 个小题）,180,question_bank/sources/expansion_2026_09/listen_repeat.json,17词因外观相似引出逐件核查，无多层关系从句。 解析以中文意群配合局部英文核对点，不逐词重印整句。,"原句：Some costumes look similar, so check the label inside each one before taking it to the stage. 中文意群与局部英文核对点均依据原句；未将完整英文答案拆成斜线块重印。文字比对不评价发音或流利度。",2026-09-27
S82,speaking,listen_repeat,Inside the theater costume room,困难,替代关系 / 物件回指,hanger / rehearsal,每份（1 组，7 个小题）,180,question_bank/sources/expansion_2026_09/listen_repeat.json,18词句为本组最长，十二秒约需90词每分钟。 解析以中文意群配合局部英文核对点，不逐词重印整句。,"原句：When the rehearsal ends, hang the jacket on its original hanger rather than leaving it on a chair. 中文意群与局部英文核对点均依据原句；未将完整英文答案拆成斜线块重印。文字比对不评价发音或流利度。",2026-09-27
S83,speaking,listen_repeat,Inside the theater costume room,困难,让步条件 / 被动与范围,damage / repaired,每份（1 组，7 个小题）,180,question_bank/sources/expansion_2026_09/listen_repeat.json,16词离场申报，低修理难度不取消报告义务。 解析以中文意群配合局部英文核对点，不逐词重印整句。,"原句：Please report any damage before you leave, even if you think it can be repaired easily. 中文意群与局部英文核对点均依据原句；未将完整英文答案拆成斜线块重印。文字比对不评价发音或流利度。",2026-09-27
S84,speaking,listen_repeat,Sorting food donations,简单,祈使地点 / 复数保持,donations / side entrance,每份（1 组，7 个小题）,180,question_bank/sources/expansion_2026_09/listen_repeat.json,6词指定捐赠入口，开启接收流程。 解析以中文意群配合局部英文核对点，不逐词重印整句。,原句：Bring donations to the side entrance. 中文意群与局部英文核对点均依据原句；未将完整英文答案拆成斜线块重印。文字比对不评价发音或流利度。,2026-09-27
S85,speaking,listen_repeat,Sorting food donations,简单,状态修饰 / 分类位置,unopened / crates,每份（1 组，7 个小题）,180,question_bank/sources/expansion_2026_09/listen_repeat.json,7词分类规则，否定前缀影响接收范围。 解析以中文意群配合局部英文核对点，不逐词重印整句。,原句：Place unopened cans in the blue crates. 中文意群与局部英文核对点均依据原句；未将完整英文答案拆成斜线块重印。文字比对不评价发音或流利度。,2026-09-27
S86,speaking,listen_repeat,Sorting food donations,适中,顺序意群 / 逐一范围,package / date,每份（1 组，7 个小题）,180,question_bank/sources/expansion_2026_09/listen_repeat.json,12词先检查后装箱，具体操作不涉及食品安全结论。 解析以中文意群配合局部英文核对点，不逐词重印整句。,原句：Check the date on every package before adding it to a crate. 中文意群与局部英文核对点均依据原句；未将完整英文答案拆成斜线块重印。文字比对不评价发音或流利度。,2026-09-27
S87,speaking,listen_repeat,Sorting food donations,适中,限定关系从句 / 否定信息,coordinator / readable,每份（1 组，7 个小题）,180,question_bank/sources/expansion_2026_09/listen_repeat.json,10词对标签问题提出咨询流程，而非捏造安全判断。 解析以中文意群配合局部英文核对点，不逐词重印整句。,原句：Ask the coordinator about anything that has no readable label. 中文意群与局部英文核对点均依据原句；未将完整英文答案拆成斜线块重印。文字比对不评价发音或流利度。,2026-09-27
S88,speaking,listen_repeat,Sorting food donations,困难,对比与目的 / 分配范围,brand / variety,每份（1 组，7 个小题）,180,question_bank/sources/expansion_2026_09/listen_repeat.json,16词解释分拣原则与用途，主题逻辑贯通。 解析以中文意群配合局部英文核对点，不逐词重印整句。,原句：We sort food by type rather than brand so each delivery can include a useful variety. 中文意群与局部英文核对点均依据原句；未将完整英文答案拆成斜线块重印。文字比对不评价发音或流利度。,2026-09-27
S89,speaking,listen_repeat,Sorting food donations,困难,条件与先后 / 数量及比较级,contents / smaller,每份（1 组，7 个小题）,180,question_bank/sources/expansion_2026_09/listen_repeat.json,16词条件与操作顺序句；分装后用 them 明确回指两只小箱，中文意群区分原箱与搬运对象。,"原句：If a crate becomes too heavy, divide its contents between two smaller boxes before moving them. 中文意群与局部英文核对点均依据原句；未将完整英文答案拆成斜线块重印。文字比对不评价发音或流利度。",2026-09-27
S90,speaking,listen_repeat,Sorting food donations,困难,嵌入式数量信息 / 时间范围,shift / delivery,每份（1 组，7 个小题）,180,question_bank/sources/expansion_2026_09/listen_repeat.json,16词结班清点，数量从句与次日用途相连。 解析以中文意群配合局部英文核对点，不逐词重印整句。,"原句：At the end of your shift, record how many full crates are ready for tomorrow’s delivery. 中文意群与局部英文核对点均依据原句；未将完整英文答案拆成斜线块重印。文字比对不评价发音或流利度。",2026-09-27
S91,speaking,listen_repeat,An evening at the observatory,简单,起点定位 / 主谓一致,evening tour / hall,每份（1 组，7 个小题）,180,question_bank/sources/expansion_2026_09/listen_repeat.json,7词参观集合说明，不涉及科学事实难度。 解析以中文意群配合局部英文核对点，不逐词重印整句。,原句：Our evening tour starts in this hall. 中文意群与局部英文核对点均依据原句；未将完整英文答案拆成斜线块重印。文字比对不评价发音或流利度。,2026-09-27
S92,speaking,listen_repeat,An evening at the observatory,简单,空间介词 / 复数记忆,beneath / benches,每份（1 组，7 个小题）,180,question_bank/sources/expansion_2026_09/listen_repeat.json,6词存包指令，方位可明确核对。 解析以中文意群配合局部英文核对点，不逐词重印整句。,原句：Leave your bags beneath the benches. 中文意群与局部英文核对点均依据原句；未将完整英文答案拆成斜线块重印。文字比对不评价发音或流利度。,2026-09-27
S93,speaking,listen_repeat,An evening at the observatory,适中,疑问词不定式 / 操作对象,adjust / viewing height,每份（1 组，7 个小题）,180,question_bank/sources/expansion_2026_09/listen_repeat.json,10词操作指导但不虚构具体仪器结构。 解析以中文意群配合局部英文核对点，不逐词重印整句。,原句：A guide will explain how to adjust the viewing height. 中文意群与局部英文核对点均依据原句；未将完整英文答案拆成斜线块重印。文字比对不评价发音或流利度。,2026-09-27
S94,speaking,listen_repeat,An evening at the observatory,适中,否定伴随 / 介词后动名词,telescope / lens,每份（1 组，7 个小题）,180,question_bank/sources/expansion_2026_09/listen_repeat.json,10词排队及器材保护要求，非科学知识考查。 解析以中文意群配合局部英文核对点，不逐词重印整句。,原句：Please wait for your turn without touching the telescope lens. 中文意群与局部英文核对点均依据原句；未将完整英文答案拆成斜线块重印。文字比对不评价发音或流利度。,2026-09-27
S95,speaking,listen_repeat,An evening at the observatory,困难,原因与并列计划 / 顺序记忆,cloudy / indoor display,每份（1 组，7 个小题）,180,question_bank/sources/expansion_2026_09/listen_repeat.json,17词天气应变，两项行动线性排列。 解析以中文意群配合局部英文核对点，不逐词重印整句。,"原句：Because the sky is cloudy, we will begin with the indoor display and check conditions again later. 中文意群与局部英文核对点均依据原句；未将完整英文答案拆成斜线块重印。文字比对不评价发音或流利度。",2026-09-27
S96,speaking,listen_repeat,An evening at the observatory,困难,许可与限制 / 短语动词,flash / viewing area,每份（1 组，7 个小题）,180,question_bank/sources/expansion_2026_09/listen_repeat.json,17词拍摄规则，明确对象范围与转换区域。 解析以中文意群配合局部英文核对点，不逐词重印整句。,"原句：You may take pictures of the display, but switch off your flash before entering the viewing area. 中文意群与局部英文核对点均依据原句；未将完整英文答案拆成斜线块重印。文字比对不评价发音或流利度。",2026-09-27
S97,speaking,listen_repeat,An evening at the observatory,困难,时间内的条件 / 机会范围,clouds / another chance,每份（1 组，7 个小题）,180,question_bank/sources/expansion_2026_09/listen_repeat.json,17词回应本组天气变动，只有条件成立才追加观察。 解析以中文意群配合局部英文核对点，不逐词重印整句。,"原句：If the clouds clear before we close, everyone will have another chance to look through the telescope. 中文意群与局部英文核对点均依据原句；未将完整英文答案拆成斜线块重印。文字比对不评价发音或流利度。",2026-09-27
S98,speaking,listen_repeat,Using the bicycle rental kiosk,简单,场景定位 / 空间关系,rental kiosk / station,每份（1 组，7 个小题）,180,question_bank/sources/expansion_2026_09/listen_repeat.json,7词租车起点，清晰生活场景。 解析以中文意群配合局部英文核对点，不逐词重印整句。,原句：The rental kiosk is beside the station. 中文意群与局部英文核对点均依据原句；未将完整英文答案拆成斜线块重印。文字比对不评价发音或流利度。,2026-09-27
S99,speaking,listen_repeat,Using the bicycle rental kiosk,简单,操作先后 / 动名词保持,helmet / selecting,每份（1 组，7 个小题）,180,question_bank/sources/expansion_2026_09/listen_repeat.json,7词准备流程，先后与主题直觉形成必要记忆。 解析以中文意群配合局部英文核对点，不逐词重印整句。,原句：Choose a helmet before selecting a bicycle. 中文意群与局部英文核对点均依据原句；未将完整英文答案拆成斜线块重印。文字比对不评价发音或流利度。,2026-09-27
S100,speaking,listen_repeat,Using the bicycle rental kiosk,适中,同时动作 / 角色对应,brakes / seat,每份（1 组，7 个小题）,180,question_bank/sources/expansion_2026_09/listen_repeat.json,11词两方并行动作，角色信息比单纯词长更难。 解析以中文意群配合局部英文核对点，不逐词重印整句。,原句：The assistant will check the brakes while you adjust the seat. 中文意群与局部英文核对点均依据原句；未将完整英文答案拆成斜线块重印。文字比对不评价发音或流利度。,2026-09-27
S101,speaking,listen_repeat,Using the bicycle rental kiosk,适中,完成被动 / 时间终点,receipt / returned,每份（1 组，7 个小题）,180,question_bank/sources/expansion_2026_09/listen_repeat.json,10词租借凭证保留时间，为最终还车流程铺垫。 解析以中文意群配合局部英文核对点，不逐词重印整句。,原句：Keep the receipt until the bicycle has been returned safely. 中文意群与局部英文核对点均依据原句；未将完整英文答案拆成斜线块重印。文字比对不评价发音或流利度。,2026-09-27
S102,speaking,listen_repeat,Using the bicycle rental kiosk,困难,条件与顺序动作 / 分词修饰,printed / ride,每份（1 组，7 个小题）,180,question_bank/sources/expansion_2026_09/listen_repeat.json,17词故障处理，线性行动与号码来源明确。 解析以中文意群配合局部英文核对点，不逐词重印整句。,"原句：If you notice a problem during the ride, stop and call the number printed on your receipt. 中文意群与局部英文核对点均依据原句；未将完整英文答案拆成斜线块重印。文字比对不评价发音或流利度。",2026-09-27
S103,speaking,listen_repeat,Using the bicycle rental kiosk,困难,分词限定 / 被动与替代地点,marked area / returned,每份（1 组，7 个小题）,180,question_bank/sources/expansion_2026_09/listen_repeat.json,16词分词限定加位置对比，维修要求不混入租车规则。 解析以中文意群配合局部英文核对点，不逐词重印整句。,原句：Bicycles returned after six must be left in the marked area rather than beside the kiosk. 中文意群与局部英文核对点均依据原句；未将完整英文答案拆成斜线块重印。文字比对不评价发音或流利度。,2026-09-27
S104,speaking,listen_repeat,Using the bicycle rental kiosk,困难,时间前提 / 位置与分词修饰,front wheel / ground,每份（1 组，7 个小题）,180,question_bank/sources/expansion_2026_09/listen_repeat.json,17词最终归位操作，与标记区域一致且无额外长嵌套。 解析以中文意群配合局部英文核对点，不逐词重印整句。,"原句：Before locking the bicycle, make sure the front wheel is inside the guide painted on the ground. 中文意群与局部英文核对点均依据原句；未将完整英文答案拆成斜线块重印。文字比对不评价发音或流利度。",2026-09-27
S105,speaking,listen_repeat,At the neighborhood seed exchange,简单,开始时间 / 短句意群,seed exchange / lunch,每份（1 组，7 个小题）,180,question_bank/sources/expansion_2026_09/listen_repeat.json,6词新场景开始信息，种子交换不同于园艺作业。 解析以中文意群配合局部英文核对点，不逐词重印整句。,原句：The seed exchange begins after lunch. 中文意群与局部英文核对点均依据原句；未将完整英文答案拆成斜线块重印。文字比对不评价发音或流利度。,2026-09-27
S106,speaking,listen_repeat,At the neighborhood seed exchange,简单,物料位置 / 复数一致,envelopes / register,每份（1 组，7 个小题）,180,question_bank/sources/expansion_2026_09/listen_repeat.json,7词准备物料，强调容器为空便于后续装种子。 解析以中文意群配合局部英文核对点，不逐词重印整句。,原句：Empty envelopes are available beside the register. 中文意群与局部英文核对点均依据原句；未将完整英文答案拆成斜线块重印。文字比对不评价发音或流利度。,2026-09-27
S107,speaking,listen_repeat,At the neighborhood seed exchange,适中,顺序指令 / 逐个范围,plant name / seeds,每份（1 组，7 个小题）,180,question_bank/sources/expansion_2026_09/listen_repeat.json,10词标记流程，防止交换时物种不明。 解析以中文意群配合局部英文核对点，不逐词重印整句。,原句：Write the plant name on each envelope before adding seeds. 中文意群与局部英文核对点均依据原句；未将完整英文答案拆成斜线块重印。文字比对不评价发音或流利度。,2026-09-27
S108,speaking,listen_repeat,At the neighborhood seed exchange,适中,时间关系从句 / 过去被动,year / locally,每份（1 组，7 个小题）,180,question_bank/sources/expansion_2026_09/listen_repeat.json,10词添加可追溯年份，关系从句延伸标签内容。 解析以中文意群配合局部英文核对点，不逐词重印整句。,原句：Please include the year when the seeds were collected locally. 中文意群与局部英文核对点均依据原句；未将完整英文答案拆成斜线块重印。文字比对不评价发音或流利度。,2026-09-27
S109,speaking,listen_repeat,At the neighborhood seed exchange,困难,替代判断 / 指代记忆,packet / owner,每份（1 组，7 个小题）,180,question_bank/sources/expansion_2026_09/listen_repeat.json,16词不确定物料的询问办法，避免无依据的识别断言。 解析以中文意群配合局部英文核对点，不逐词重印整句。,"原句：If you are unsure about a packet, ask its owner rather than guessing from the picture. 中文意群与局部英文核对点均依据原句；未将完整英文答案拆成斜线块重印。文字比对不评价发音或流利度。",2026-09-27
S110,speaking,listen_repeat,At the neighborhood seed exchange,困难,限制范围 / 目的与分词修饰,amount / arriving,每份（1 组，7 个小题）,180,question_bank/sources/expansion_2026_09/listen_repeat.json,17词数量限制与共享理由，增加两个修饰段但无深层嵌套。 解析以中文意群配合局部英文核对点，不逐词重印整句。,"原句：Take only the amount you expect to use, so there will be enough for people arriving later. 中文意群与局部英文核对点均依据原句；未将完整英文答案拆成斜线块重印。文字比对不评价发音或流利度。",2026-09-27
S111,speaking,listen_repeat,At the neighborhood seed exchange,困难,附加对象 / 关系从句与回指,planting notes / came with,每份（1 组，7 个小题）,180,question_bank/sources/expansion_2026_09/listen_repeat.json,17词结束交换并保留信息配套，首尾标签逻辑一致。 解析以中文意群配合局部英文核对点，不逐词重印整句。,"原句：Before taking any seeds home, make sure you also have the planting notes that came with them. 中文意群与局部英文核对点均依据原句；未将完整英文答案拆成斜线块重印。文字比对不评价发音或流利度。",2026-09-27
S112,speaking,listen_repeat,Recording a neighborhood oral history,简单,位置指令 / 短句重读,opposite / interviewer,每份（1 组，7 个小题）,180,question_bank/sources/expansion_2026_09/listen_repeat.json,5词口述历史访谈的就座环节。 解析以中文意群配合局部英文核对点，不逐词重印整句。,原句：Please sit opposite the interviewer. 中文意群与局部英文核对点均依据原句；未将完整英文答案拆成斜线块重印。文字比对不评价发音或流利度。,2026-09-27
S113,speaking,listen_repeat,Recording a neighborhood oral history,简单,设备状态 / 时间副词,microphone / switched on,每份（1 组，7 个小题）,180,question_bank/sources/expansion_2026_09/listen_repeat.json,6词强调录音设备已就绪，与后面开始前提醒一致。 解析以中文意群配合局部英文核对点，不逐词重印整句。,原句：The microphone is already switched on. 中文意群与局部英文核对点均依据原句；未将完整英文答案拆成斜线块重印。文字比对不评价发音或流利度。,2026-09-27
S114,speaking,listen_repeat,Recording a neighborhood oral history,适中,嵌入式时长 / 介词后动名词,lived / telling,每份（1 组，7 个小题）,180,question_bank/sources/expansion_2026_09/listen_repeat.json,10词开场经历请求，完成时联系过去到现在。 解析以中文意群配合局部英文核对点，不逐词重印整句。,原句：Begin by telling us how long you have lived here. 中文意群与局部英文核对点均依据原句；未将完整英文答案拆成斜线块重印。文字比对不评价发音或流利度。,2026-09-27
S115,speaking,listen_repeat,Recording a neighborhood oral history,适中,许可与时间条件 / 不定式目的,pause / remember,每份（1 组，7 个小题）,180,question_bank/sources/expansion_2026_09/listen_repeat.json,10词减轻受访压力，许可不变成强制动作。 解析以中文意群配合局部英文核对点，不逐词重印整句。,原句：You can pause whenever you need a moment to remember. 中文意群与局部英文核对点均依据原句；未将完整英文答案拆成斜线块重印。文字比对不评价发音或流利度。,2026-09-27
S116,speaking,listen_repeat,Recording a neighborhood oral history,困难,关系从句 / 否定完成式与回指,mention / discussed,每份（1 组，7 个小题）,180,question_bank/sources/expansion_2026_09/listen_repeat.json,16词人物引入规则，关系修饰与解释动作清楚。 解析以中文意群配合局部英文核对点，不逐词重印整句。,"原句：If you mention a person we have not discussed, briefly explain how you knew that person. 中文意群与局部英文核对点均依据原句；未将完整英文答案拆成斜线块重印。文字比对不评价发音或流利度。",2026-09-27
S117,speaking,listen_repeat,Recording a neighborhood oral history,困难,非必要性 / 时间范围,memories / date,每份（1 组，7 个小题）,180,question_bank/sources/expansion_2026_09/listen_repeat.json,17词解释访谈重点，避免将非必要误读为不准确许可。 解析以中文意群配合局部英文核对点，不逐词重印整句。,"原句：We are interested in your memories, so you do not need to check every date while speaking. 中文意群与局部英文核对点均依据原句；未将完整英文答案拆成斜线块重印。文字比对不评价发音或流利度。",2026-09-27
S118,speaking,listen_repeat,Recording a neighborhood oral history,困难,时间前提 / 并列动作记忆,review / changes,每份（1 组，7 个小题）,180,question_bank/sources/expansion_2026_09/listen_repeat.json,16词发布前确认流程，只是本场景约定而非法规主张。 解析以中文意群配合局部英文核对点，不逐词重印整句。,"原句：Before we share any recording, you will have a chance to review it and request changes. 中文意群与局部英文核对点均依据原句；未将完整英文答案拆成斜线块重印。文字比对不评价发音或流利度。",2026-09-27
S119,speaking,listen_repeat,Boarding at the harbor ferry terminal,简单,数字类别 / 地点信息,ferry / pier four,每份（1 组，7 个小题）,180,question_bank/sources/expansion_2026_09/listen_repeat.json,6词登船位置，号码与时刻区分是易错点。 解析以中文意群配合局部英文核对点，不逐词重印整句。,原句：The ferry boards at pier four. 中文意群与局部英文核对点均依据原句；未将完整英文答案拆成斜线块重印。文字比对不评价发音或流利度。,2026-09-27
S120,speaking,listen_repeat,Boarding at the harbor ferry terminal,简单,宾语状态 / 目的短语,ticket / inspection,每份（1 组，7 个小题）,180,question_bank/sources/expansion_2026_09/listen_repeat.json,6词检票准备，补足登船动作前提。 解析以中文意群配合局部英文核对点，不逐词重印整句。,原句：Keep your ticket ready for inspection. 中文意群与局部英文核对点均依据原句；未将完整英文答案拆成斜线块重印。文字比对不评价发音或流利度。,2026-09-27
S121,speaking,listen_repeat,Boarding at the harbor ferry terminal,适中,乘客范围 / 省略时间从句,passengers / ramp,每份（1 组，7 个小题）,180,question_bank/sources/expansion_2026_09/listen_repeat.json,10词不同登船人群安排，保持原句省略形式。 解析以中文意群配合局部英文核对点，不逐词重印整句。,原句：Passengers with bicycles should wait beside the ramp until called. 中文意群与局部英文核对点均依据原句；未将完整英文答案拆成斜线块重印。文字比对不评价发音或流利度。,2026-09-27
S122,speaking,listen_repeat,Boarding at the harbor ferry terminal,适中,宾补词义 / 限定关系从句,middle seats / assistance,每份（1 组，7 个小题）,180,question_bank/sources/expansion_2026_09/listen_repeat.json,10词船内座位安排，多义 free 由动作语境限定。 解析以中文意群配合局部英文核对点，不逐词重印整句。,原句：Leave the middle seats free for passengers who need assistance. 中文意群与局部英文核对点均依据原句；未将完整英文答案拆成斜线块重印。文字比对不评价发音或流利度。,2026-09-27
S123,speaking,listen_repeat,Boarding at the harbor ferry terminal,困难,条件路线 / 上下位置记忆,upper deck / lower cabin,每份（1 组，7 个小题）,180,question_bank/sources/expansion_2026_09/listen_repeat.json,18词空间信息密集但路线线性，十二秒约需90词每分钟。 解析以中文意群配合局部英文核对点，不逐词重印整句。,"原句：If the upper deck becomes crowded, please use the stairs at the rear to reach the lower cabin. 中文意群与局部英文核对点均依据原句；未将完整英文答案拆成斜线块重印。文字比对不评价发音或流利度。",2026-09-27
S124,speaking,listen_repeat,Boarding at the harbor ferry terminal,困难,数量与因果 / 先后条件,islands / destination,每份（1 组，7 个小题）,180,question_bank/sources/expansion_2026_09/listen_repeat.json,17词多站航程提醒，时间前提有实际信息价值。 解析以中文意群配合局部英文核对点，不逐词重印整句。,"原句：The ferry will stop at two islands, so listen carefully for your destination before preparing to leave. 中文意群与局部英文核对点均依据原句；未将完整英文答案拆成斜线块重印。文字比对不评价发音或流利度。",2026-09-27
S125,speaking,listen_repeat,Boarding at the harbor ferry terminal,困难,时间终点与让步 / 状态保持,crew / dock,每份（1 组，7 个小题）,180,question_bank/sources/expansion_2026_09/listen_repeat.json,17词到站流程，视觉线索与行动许可终点区分。 解析以中文意群配合局部英文核对点，不逐词重印整句。,"原句：Please remain seated until the crew opens the gate, even if you can already see the dock. 中文意群与局部英文核对点均依据原句；未将完整英文答案拆成斜线块重印。文字比对不评价发音或流利度。",2026-09-27
S126,speaking,take_interview,Responding to unexpected changes,简单,经历叙述 / 变化与行动,unexpectedly / original plan,每份（1 组，4 个小题）,300,question_bank/sources/expansion_2026_09/take_interview.json,从具体个人经历进入主题，参考保留社交目的而调整活动。 解析核对题目原词并用中文解释，组织建议不设为唯一作答方式。,题问：Tell me about a time when a plan changed unexpectedly. What did you do next? 参考为本地编写的可能回答，非真实受访记录或唯一立场；内容与题问逐项核对。关键词为中性话题线索，不是必需观点；现有评分器按词命中给启发式分，可能低估同义表达，不能据此判定其他立场错误。参考文本 78 词，45 秒的可说性仅作文本长度检查。,2026-09-27
S127,speaking,take_interview,Responding to unexpected changes,适中,偏好论证 / 经历支持,options / immediate help,每份（1 组，4 个小题）,300,question_bank/sources/expansion_2026_09/take_interview.json,以列车取消后的具体经历支持稍作考虑；乘车使用自然的 take a taxi ride 表达，并保留紧急情况例外。,"题问：When something unexpected happens, do you prefer to decide quickly or take time to consider your options? Explain using an experience. 参考为本地编写的可能回答，非真实受访记录或唯一立场；内容与题问逐项核对。关键词为中性话题线索，不是必需观点；现有评分器按词命中给启发式分，可能低估同义表达，不能据此判定其他立场错误。参考文本 77 词，45 秒的可说性仅作文本长度检查。",2026-09-27
S128,speaking,take_interview,Responding to unexpected changes,困难,教育观点论证 / 概念区分,uncertain outcomes / evaluated,每份（1 组，4 个小题）,300,question_bank/sources/expansion_2026_09/take_interview.json,从个人决策上升到教学安排，开放结果与透明评价有实质区别。,"题问：Should schools deliberately give students tasks with uncertain outcomes, or should every task have a clearly defined result? Why? 参考为本地编写的可能回答，非真实受访记录或唯一立场；内容与题问逐项核对。关键词为中性话题线索，不是必需观点；现有评分器按词命中给启发式分，可能低估同义表达，不能据此判定其他立场错误。参考文本 76 词，45 秒的可说性仅作文本长度检查。",2026-09-27
S129,speaking,take_interview,Responding to unexpected changes,困难,资源取舍 / 条件与后果,reserve / funds,每份（1 组，4 个小题）,300,question_bank/sources/expansion_2026_09/take_interview.json,由个人变化推及公共预算，参考提出比例未指定的部分储备而非虚构财务数字。,题问：A community center can spend extra funds on more scheduled activities or keep the money available for unexpected needs. Which approach would you recommend? 参考为本地编写的可能回答，非真实受访记录或唯一立场；内容与题问逐项核对。关键词为中性话题线索，不是必需观点；现有评分器按词命中给启发式分，可能低估同义表达，不能据此判定其他立场错误。参考文本 75 词，45 秒的可说性仅作文本长度检查。,2026-09-27
S130,speaking,take_interview,Learning practical skills,简单,过程叙述 / 实例细节,thread a needle / stitches,每份（1 组，4 个小题）,300,question_bank/sources/expansion_2026_09/take_interview.json,具体缝补过程而非泛泛努力，个人经验问题没有唯一学习渠道。 解析核对题目原词并用中文解释，组织建议不设为唯一作答方式。,题问：Describe a practical skill you learned outside a classroom. How did you learn it? 参考为本地编写的可能回答，非真实受访记录或唯一立场；内容与题问逐项核对。关键词为中性话题线索，不是必需观点；现有评分器按词命中给启发式分，可能低估同义表达，不能据此判定其他立场错误。参考文本 76 词，45 秒的可说性仅作文本长度检查。,2026-09-27
S131,speaking,take_interview,Learning practical skills,适中,方法比较 / 实例论证,demonstration / sequence,每份（1 组，4 个小题）,300,question_bank/sources/expansion_2026_09/take_interview.json,从经历走向方法比较，参考只承诺短示范后练习。,"题问：When learning a practical skill, would you rather watch a demonstration or begin by trying it yourself? Explain your preference. 参考为本地编写的可能回答，非真实受访记录或唯一立场；内容与题问逐项核对。关键词为中性话题线索，不是必需观点；现有评分器按词命中给启发式分，可能低估同义表达，不能据此判定其他立场错误。参考文本 76 词，45 秒的可说性仅作文本长度检查。",2026-09-27
S132,speaking,take_interview,Learning practical skills,困难,教育资源论证 / 举例与限定,measurements / academic subject,每份（1 组，4 个小题）,300,question_bank/sources/expansion_2026_09/take_interview.json,一般教育观点含课时取舍，允许赞同或反对。,"题问：Some people think schools should teach more everyday skills, such as cooking or basic repairs. Do you agree? Why or why not? 参考为本地编写的可能回答，非真实受访记录或唯一立场；内容与题问逐项核对。关键词为中性话题线索，不是必需观点；现有评分器按词命中给启发式分，可能低估同义表达，不能据此判定其他立场错误。参考文本 77 词，45 秒的可说性仅作文本长度检查。",2026-09-27
S133,speaking,take_interview,Learning practical skills,困难,方案比较 / 风险与教学责任,instructor / informal groups,每份（1 组，4 个小题）,300,question_bank/sources/expansion_2026_09/take_interview.json,较广公共服务取舍，分工标准具体但不提供危险操作步骤。,题问：A town wants to help residents learn useful skills. Should it fund expert-led courses or informal groups where residents teach one another? 参考为本地编写的可能回答，非真实受访记录或唯一立场；内容与题问逐项核对。关键词为中性话题线索，不是必需观点；现有评分器按词命中给启发式分，可能低估同义表达，不能据此判定其他立场错误。参考文本 79 词，45 秒的可说性仅作文本长度检查。,2026-09-27
S134,speaking,take_interview,Sharing everyday spaces,简单,经历说明 / 问题与具体措施,counter / storage shelf,每份（1 组，4 个小题）,300,question_bank/sources/expansion_2026_09/take_interview.json,个人共用经验以可观察布局解释摩擦，不指责任何固定群体。 解析核对题目原词并用中文解释，组织建议不设为唯一作答方式。,题问：Tell me about a space you have shared with other people. What made it easy or difficult to use together? 参考为本地编写的可能回答，非真实受访记录或唯一立场；内容与题问逐项核对。关键词为中性话题线索，不是必需观点；现有评分器按词命中给启发式分，可能低估同义表达，不能据此判定其他立场错误。参考文本 75 词，45 秒的可说性仅作文本长度检查。,2026-09-27
S135,speaking,take_interview,Sharing everyday spaces,适中,规则与弹性 / 偏好实例,written rules / temporarily,每份（1 组，4 个小题）,300,question_bank/sources/expansion_2026_09/take_interview.json,睡前洗碗规则明确的是处理脏碗的期限；生病时协商临时调整，例子与规则作用一致。,"题问：In a shared space, do you prefer written rules or informal conversations about what people need? Give a reason and an example. 参考为本地编写的可能回答，非真实受访记录或唯一立场；内容与题问逐项核对。关键词为中性话题线索，不是必需观点；现有评分器按词命中给启发式分，可能低估同义表达，不能据此判定其他立场错误。参考文本 81 词，45 秒的可说性仅作文本长度检查。",2026-09-27
S136,speaking,take_interview,Sharing everyday spaces,困难,空间资源取舍 / 条件性观点,facilities / individual apartments,每份（1 组，4 个小题）,300,question_bank/sources/expansion_2026_09/take_interview.json,公共与私人空间的明确代价，参考按真实用途限定支持。 解析核对题目原词并用中文解释，组织建议不设为唯一作答方式。,"题问：Should apartment buildings provide more shared facilities, even if this means individual apartments are smaller? 参考为本地编写的可能回答，非真实受访记录或唯一立场；内容与题问逐项核对。关键词为中性话题线索，不是必需观点；现有评分器按词命中给启发式分，可能低估同义表达，不能据此判定其他立场错误。参考文本 80 词，45 秒的可说性仅作文本长度检查。",2026-09-27
S137,speaking,take_interview,Sharing everyday spaces,困难,双需求解决 / 条件替代方案,discussion areas / in advance,每份（1 组，4 个小题）,300,question_bank/sources/expansion_2026_09/take_interview.json,由私人共享空间扩大到公共设施，方案同时满足明确双需求。,题问：Public libraries must serve people who need quiet and people who want to work together. What is the best way to meet both needs? 参考为本地编写的可能回答，非真实受访记录或唯一立场；内容与题问逐项核对。关键词为中性话题线索，不是必需观点；现有评分器按词命中给启发式分，可能低估同义表达，不能据此判定其他立场错误。参考文本 76 词，45 秒的可说性仅作文本长度检查。,2026-09-27
S138,speaking,take_interview,Using local services,简单,服务经历 / 证据支撑评价,mechanic / clear explanations,每份（1 组，4 个小题）,300,question_bank/sources/expansion_2026_09/take_interview.json,个人复用服务的信任形成过程，参考场景明示为可能回答。,题问：Describe a local service you have used more than once. What makes you return to it? 参考为本地编写的可能回答，非真实受访记录或唯一立场；内容与题问逐项核对。关键词为中性话题线索，不是必需观点；现有评分器按词命中给启发式分，可能低估同义表达，不能据此判定其他立场错误。参考文本 75 词，45 秒的可说性仅作文本长度检查。,2026-09-27
S139,speaking,take_interview,Using local services,适中,信息渠道比较 / 评价依据,recommendations / priorities,每份（1 组，4 个小题）,300,question_bank/sources/expansion_2026_09/take_interview.json,从服务经验延伸到选择依据，与后续信息判断组仍保持服务领域。,"题问：When choosing an unfamiliar service, do you rely more on online reviews or recommendations from people you know? Explain. 参考为本地编写的可能回答，非真实受访记录或唯一立场；内容与题问逐项核对。关键词为中性话题线索，不是必需观点；现有评分器按词命中给启发式分，可能低估同义表达，不能据此判定其他立场错误。参考文本 75 词，45 秒的可说性仅作文本长度检查。",2026-09-27
S140,speaking,take_interview,Using local services,困难,经营与公平 / 条件性支持,reservations / discount,每份（1 组，4 个小题）,300,question_bank/sources/expansion_2026_09/take_interview.json,服务数字化的价格取舍，参考未把成本减少写成经验证实的事实。 解析核对题目原词并用中文解释，组织建议不设为唯一作答方式。,题问：Some local businesses offer lower prices if customers make reservations online. Is this a good approach? Why or why not? 参考为本地编写的可能回答，非真实受访记录或唯一立场；内容与题问逐项核对。关键词为中性话题线索，不是必需观点；现有评分器按词命中给启发式分，可能低估同义表达，不能据此判定其他立场错误。参考文本 77 词，45 秒的可说性仅作文本长度检查。,2026-09-27
S141,speaking,take_interview,Using local services,困难,公共服务优先级 / 可及性,portal / staffed desk,每份（1 组，4 个小题）,300,question_bank/sources/expansion_2026_09/take_interview.json,由商业服务延伸公共服务可及性，建议有明确先后。,"题问：A town can improve its online service portal or keep a staffed service desk open longer. Which should be the priority, and why? 参考为本地编写的可能回答，非真实受访记录或唯一立场；内容与题问逐项核对。关键词为中性话题线索，不是必需观点；现有评分器按词命中给启发式分，可能低估同义表达，不能据此判定其他立场错误。参考文本 78 词，45 秒的可说性仅作文本长度检查。",2026-09-27
S142,speaking,take_interview,Judging everyday information,简单,核查经历 / 时效范围,announcement / dates,每份（1 组，4 个小题）,300,question_bank/sources/expansion_2026_09/take_interview.json,具体错时转发例子，不引用真实活动或伪造来源。,"题问：Tell me about a time when you checked a piece of information before acting on it. What did you check, and why? 参考为本地编写的可能回答，非真实受访记录或唯一立场；内容与题问逐项核对。关键词为中性话题线索，不是必需观点；现有评分器按词命中给启发式分，可能低估同义表达，不能据此判定其他立场错误。参考文本 79 词，45 秒的可说性仅作文本长度检查。",2026-09-27
S143,speaking,take_interview,Judging everyday information,适中,条件匹配 / 比较证据,conflicting advice / levels,每份（1 组，4 个小题）,300,question_bank/sources/expansion_2026_09/take_interview.json,经验差异解释建议冲突，避免简单把其中一方定为错误。,"题问：If two people give you conflicting advice, how do you decide which advice to follow? Use an example. 参考为本地编写的可能回答，非真实受访记录或唯一立场；内容与题问逐项核对。关键词为中性话题线索，不是必需观点；现有评分器按词命中给启发式分，可能低估同义表达，不能据此判定其他立场错误。参考文本 75 词，45 秒的可说性仅作文本长度检查。",2026-09-27
S144,speaking,take_interview,Judging everyday information,困难,教育取舍 / 知识与方法联系,evidence / outdated,每份（1 组，4 个小题）,300,question_bank/sources/expansion_2026_09/take_interview.json,从个人核查扩展教育安排，参考不制造知识与方法绝对对立。,"题问：Should schools spend more time teaching students how to evaluate information, even if that leaves less time for memorizing facts? 参考为本地编写的可能回答，非真实受访记录或唯一立场；内容与题问逐项核对。关键词为中性话题线索，不是必需观点；现有评分器按词命中给启发式分，可能低估同义表达，不能据此判定其他立场错误。参考文本 77 词，45 秒的可说性仅作文本长度检查。",2026-09-27
S145,speaking,take_interview,Judging everyday information,困难,公共信息责任 / 不确定性边界,speculation / correction,每份（1 组，4 个小题）,300,question_bank/sources/expansion_2026_09/take_interview.json,由个人判断扩大到发布责任，使用虚构一般事件而非实际新闻断言。,题问：News organizations sometimes must choose between publishing quickly and waiting to confirm details. Which should they prioritize? 参考为本地编写的可能回答，非真实受访记录或唯一立场；内容与题问逐项核对。关键词为中性话题线索，不是必需观点；现有评分器按词命中给启发式分，可能低估同义表达，不能据此判定其他立场错误。参考文本 79 词，45 秒的可说性仅作文本长度检查。,2026-09-27
S146,speaking,take_interview,Learning through part-time work,简单,工作经历 / 方法与收获,bookstall / routine,每份（1 组，4 个小题）,300,question_bank/sources/expansion_2026_09/take_interview.json,包容多种经历来源，任务具体到销售记录而非职位名称。,"题问：Describe a task you have done for a job, a volunteer role, or a family business. What did you learn from it? 参考为本地编写的可能回答，非真实受访记录或唯一立场；内容与题问逐项核对。关键词为中性话题线索，不是必需观点；现有评分器按词命中给启发式分，可能低估同义表达，不能据此判定其他立场错误。参考文本 77 词，45 秒的可说性仅作文本长度检查。",2026-09-27
S147,speaking,take_interview,Learning through part-time work,适中,职业偏好 / 条件与个人目标,familiar tasks / manageable,每份（1 组，4 个小题）,300,question_bank/sources/expansion_2026_09/take_interview.json,岗位学习价值与可承受负荷平衡，参考约八十词可自然展开。,题问：Would you prefer a part-time role with familiar tasks or one that requires learning many new things? Explain your choice. 参考为本地编写的可能回答，非真实受访记录或唯一立场；内容与题问逐项核对。关键词为中性话题线索，不是必需观点；现有评分器按词命中给启发式分，可能低估同义表达，不能据此判定其他立场错误。参考文本 80 词，45 秒的可说性仅作文本长度检查。,2026-09-27
S148,speaking,take_interview,Learning through part-time work,困难,一般观点与政策区分 / 公平条件,graduate / responsibilities,每份（1 组，4 个小题）,300,question_bank/sources/expansion_2026_09/take_interview.json,社会观点允许支持价值但反对僵硬要求，评价层次不混淆。,题问：Do you think university students should have some work experience before they graduate? Why or why not? 参考为本地编写的可能回答，非真实受访记录或唯一立场；内容与题问逐项核对。关键词为中性话题线索，不是必需观点；现有评分器按词命中给启发式分，可能低估同义表达，不能据此判定其他立场错误。参考文本 77 词，45 秒的可说性仅作文本长度检查。,2026-09-27
S149,speaking,take_interview,Learning through part-time work,困难,招聘标准比较 / 可观察证据,willingness / essential skills,每份（1 组，4 个小题）,300,question_bank/sources/expansion_2026_09/take_interview.json,更广用人决策有条件界限，不把意愿替代所有资格。,"题问：When employers hire people with little experience, should they focus more on current skills or on willingness to learn? 参考为本地编写的可能回答，非真实受访记录或唯一立场；内容与题问逐项核对。关键词为中性话题线索，不是必需观点；现有评分器按词命中给启发式分，可能低估同义表达，不能据此判定其他立场错误。参考文本 79 词，45 秒的可说性仅作文本长度检查。",2026-09-27
S150,speaking,take_interview,Making everyday purchasing decisions,简单,购买经历 / 预期与实际比较,insulated bottle / conveniences,每份（1 组，4 个小题）,300,question_bank/sources/expansion_2026_09/take_interview.json,日常物品价值由使用频率和具体情境证明。,题问：Describe something you bought that turned out to be more useful than you expected. What made it useful? 参考为本地编写的可能回答，非真实受访记录或唯一立场；内容与题问逐项核对。关键词为中性话题线索，不是必需观点；现有评分器按词命中给启发式分，可能低估同义表达，不能据此判定其他立场错误。参考文本 79 词，45 秒的可说性仅作文本长度检查。,2026-09-27
S151,speaking,take_interview,Making everyday purchasing decisions,适中,决策过程 / 信息筛选,desk lamp / measured,每份（1 组，4 个小题）,300,question_bank/sources/expansion_2026_09/take_interview.json,购买决策强调适度研究，与服务推荐组的信任渠道不同。,"题问：Before buying something you do not urgently need, do you usually research it carefully or make a quick decision? Explain with an example. 参考为本地编写的可能回答，非真实受访记录或唯一立场；内容与题问逐项核对。关键词为中性话题线索，不是必需观点；现有评分器按词命中给启发式分，可能低估同义表达，不能据此判定其他立场错误。参考文本 78 词，45 秒的可说性仅作文本长度检查。",2026-09-27
S152,speaking,take_interview,Making everyday purchasing decisions,困难,成本概念区分 / 消费者差异,quantity discounts / unit price,每份（1 组，4 个小题）,300,question_bank/sources/expansion_2026_09/take_interview.json,消费观点非个人财务建议，具体例子揭示单价与需求差异。,题问：Should stores encourage customers to buy larger quantities at a lower price per item? Why or why not? 参考为本地编写的可能回答，非真实受访记录或唯一立场；内容与题问逐项核对。关键词为中性话题线索，不是必需观点；现有评分器按词命中给启发式分，可能低估同义表达，不能据此判定其他立场错误。参考文本 78 词，45 秒的可说性仅作文本长度检查。,2026-09-27
S153,speaking,take_interview,Making everyday purchasing decisions,困难,政策工具比较 / 替代方案,lending centers / equipment,每份（1 组，4 个小题）,300,question_bank/sources/expansion_2026_09/take_interview.json,由个人购买延伸共享设备政策，提供需求替代而非空泛环保口号。,"题问：A city wants to reduce the amount of rarely used equipment that residents buy. Should it support lending centers, or should it focus on educating people to buy less? 参考为本地编写的可能回答，非真实受访记录或唯一立场；内容与题问逐项核对。关键词为中性话题线索，不是必需观点；现有评分器按词命中给启发式分，可能低估同义表达，不能据此判定其他立场错误。参考文本 76 词，45 秒的可说性仅作文本长度检查。",2026-09-27
S154,speaking,take_interview,Using outdoor public spaces,简单,日常经历 / 活动与作用,riverside path / surroundings,每份（1 组，4 个小题）,300,question_bank/sources/expansion_2026_09/take_interview.json,具体低门槛日常休息，不声称医疗效果。,题问：Describe an outdoor place you visit when you need a break. What do you usually do there? 参考为本地编写的可能回答，非真实受访记录或唯一立场；内容与题问逐项核对。关键词为中性话题线索，不是必需观点；现有评分器按词命中给启发式分，可能低估同义表达，不能据此判定其他立场错误。参考文本 80 词，45 秒的可说性仅作文本长度检查。,2026-09-27
S155,speaking,take_interview,Using outdoor public spaces,适中,环境偏好 / 情境限定,wooded area / attention,每份（1 组，4 个小题）,300,question_bank/sources/expansion_2026_09/take_interview.json,偏好依目的变化，不使用热闹或安静的绝对好坏判断。 解析核对题目原词并用中文解释，组织建议不设为唯一作答方式。,题问：Would you rather spend free time in a busy park with many activities or in a quiet natural area? Explain your preference. 参考为本地编写的可能回答，非真实受访记录或唯一立场；内容与题问逐项核对。关键词为中性话题线索，不是必需观点；现有评分器按词命中给启发式分，可能低估同义表达，不能据此判定其他立场错误。参考文本 75 词，45 秒的可说性仅作文本长度检查。,2026-09-27
S156,speaking,take_interview,Using outdoor public spaces,困难,城市空间取舍 / 不同人群需求,parking spaces / limited mobility,每份（1 组，4 个小题）,300,question_bank/sources/expansion_2026_09/take_interview.json,城市空间观点含替代成本与可及性，不作为真实规划结论。,题问：Should cities give up some parking spaces to create more small parks? Why or why not? 参考为本地编写的可能回答，非真实受访记录或唯一立场；内容与题问逐项核对。关键词为中性话题线索，不是必需观点；现有评分器按词命中给启发式分，可能低估同义表达，不能据此判定其他立场错误。参考文本 79 词，45 秒的可说性仅作文本长度检查。,2026-09-27
S157,speaking,take_interview,Using outdoor public spaces,困难,公共资源排序 / 具体受益者,facilities / stroller,每份（1 组，4 个小题）,300,question_bank/sources/expansion_2026_09/take_interview.json,优先维护已有设施，以修复破损路面使其平整说明不同访客如何受益。,"题问：A public park has limited funds. Should it add new attractions or maintain existing paths, benches, and toilets first? 参考为本地编写的可能回答，非真实受访记录或唯一立场；内容与题问逐项核对。关键词为中性话题线索，不是必需观点；现有评分器按词命中给启发式分，可能低估同义表达，不能据此判定其他立场错误。参考文本 78 词，45 秒的可说性仅作文本长度检查。",2026-09-27
S158,speaking,take_interview,Giving and receiving useful feedback,简单,反馈经历 / 修改与效果,feedback / perspective,每份（1 组，4 个小题）,300,question_bank/sources/expansion_2026_09/take_interview.json,具体演讲结构修正，不等于背诵抽象的接受意见原则。,题问：Tell me about a time when someone's feedback helped you improve something. What changed after you received it? 参考为本地编写的可能回答，非真实受访记录或唯一立场；内容与题问逐项核对。关键词为中性话题线索，不是必需观点；现有评分器按词命中给启发式分，可能低估同义表达，不能据此判定其他立场错误。参考文本 79 词，45 秒的可说性仅作文本长度检查。,2026-09-27
S159,speaking,take_interview,Giving and receiving useful feedback,适中,反馈类型比较 / 阶段性需求,general impressions / draft,每份（1 组，4 个小题）,300,question_bank/sources/expansion_2026_09/take_interview.json,按选方向与改草稿区分反馈用途；引号标明假设的笼统评价，不冒充题目原文。,"题问：When asking for feedback, do you prefer general impressions or detailed comments on specific parts? Explain with an example. 参考为本地编写的可能回答，非真实受访记录或唯一立场；内容与题问逐项核对。关键词为中性话题线索，不是必需观点；现有评分器按词命中给启发式分，可能低估同义表达，不能据此判定其他立场错误。参考文本 80 词，45 秒的可说性仅作文本长度检查。",2026-09-27
S160,speaking,take_interview,Giving and receiving useful feedback,困难,教育政策论证 / 机会与公平,revisions / deadline,每份（1 组，4 个小题）,300,question_bank/sources/expansion_2026_09/take_interview.json,允许修订的学习价值与评分公平同时回应，避免隐含改分保证。,题问：Should teachers allow students to revise work after receiving a grade? Why or why not? 参考为本地编写的可能回答，非真实受访记录或唯一立场；内容与题问逐项核对。关键词为中性话题线索，不是必需观点；现有评分器按词命中给启发式分，可能低估同义表达，不能据此判定其他立场错误。参考文本 78 词，45 秒的可说性仅作文本长度检查。,2026-09-27
S161,speaking,take_interview,Giving and receiving useful feedback,困难,职场沟通 / 个人与团队边界,privately / procedure,每份（1 组，4 个小题）,300,question_bank/sources/expansion_2026_09/take_interview.json,由接受个人反馈扩展组织纠错，不宣称唯一正确管理方式。,"题问：In a workplace, is it better for a manager to correct mistakes privately or discuss them with the whole team? Explain your view. 参考为本地编写的可能回答，非真实受访记录或唯一立场；内容与题问逐项核对。关键词为中性话题线索，不是必需观点；现有评分器按词命中给启发式分，可能低估同义表达，不能据此判定其他立场错误。参考文本 78 词，45 秒的可说性仅作文本长度检查。",2026-09-27
S162,speaking,take_interview,"Repairing, keeping, and replacing possessions",简单,物品经历 / 实用与情感理由,pencil case / encouragement,每份（1 组，4 个小题）,300,question_bank/sources/expansion_2026_09/take_interview.json,个人物品主题从具体长期使用切入，物件价值不限价格。,题问：Describe an object you have kept for a long time. Why have you kept it? 参考为本地编写的可能回答，非真实受访记录或唯一立场；内容与题问逐项核对。关键词为中性话题线索，不是必需观点；现有评分器按词命中给启发式分，可能低估同义表达，不能据此判定其他立场错误。参考文本 78 词，45 秒的可说性仅作文本长度检查。,2026-09-27
S163,speaking,take_interview,"Repairing, keeping, and replacing possessions",适中,决策标准 / 条件比较,zipper / repair cost,每份（1 组，4 个小题）,300,question_bank/sources/expansion_2026_09/take_interview.json,整体状况而非单项价格决定选择，示例条件清楚。,"题问：When an everyday object breaks, how do you decide whether to repair it or replace it? Use an example. 参考为本地编写的可能回答，非真实受访记录或唯一立场；内容与题问逐项核对。关键词为中性话题线索，不是必需观点；现有评分器按词命中给启发式分，可能低估同义表达，不能据此判定其他立场错误。参考文本 81 词，45 秒的可说性仅作文本长度检查。",2026-09-27
S164,speaking,take_interview,"Repairing, keeping, and replacing possessions",困难,生命周期取舍 / 声明与实际条件,spare parts / initial price,每份（1 组，4 个小题）,300,question_bank/sources/expansion_2026_09/take_interview.json,产品设计观点考虑维修配套，不给具体购买或投资建议。,"题问：Should manufacturers design products that are easier to repair, even if the products cost more at first? 参考为本地编写的可能回答，非真实受访记录或唯一立场；内容与题问逐项核对。关键词为中性话题线索，不是必需观点；现有评分器按词命中给启发式分，可能低估同义表达，不能据此判定其他立场错误。参考文本 79 词，45 秒的可说性仅作文本长度检查。",2026-09-27
S165,speaking,take_interview,"Repairing, keeping, and replacing possessions",困难,社区方案设计 / 问题分类,secondhand exchange / condition,每份（1 组，4 个小题）,300,question_bank/sources/expansion_2026_09/take_interview.json,全组由保留旧物走到社区资源再分配，参考给出真实可操作步骤。,"题问：A community wants to reduce waste from unwanted possessions. Would you recommend repair events, secondhand exchanges, or another approach? Explain your recommendation. 参考为本地编写的可能回答，非真实受访记录或唯一立场；内容与题问逐项核对。关键词为中性话题线索，不是必需观点；现有评分器按词命中给启发式分，可能低估同义表达，不能据此判定其他立场错误。参考文本 78 词，45 秒的可说性仅作文本长度检查。",2026-09-27
W01,writing,build_sentence,What did the research team do with its results?,简单,句子结构 / 词序与从句,research / published / results,每份（10 题，10 个小题）,360,question_bank/sources/base_productive.py,"主要依靠明确线索、常见表达或单一关系；适合作为基础练习。 以给定对话目的限定语义；接受已经逐条审阅的状语位置或从句换序。 Check word order, capitalization, and punctuation.",读懂：研究团队把研究结果发布到了网上，回答的是他们对结果做了什么。 解析：先找做事的人 the research team，再接已经做过的事 published（发布了），后面是 its results（它的研究结果）。online 表示发布地点，不是被发布的东西；不要把 its results 和团队的位置交换。参考也接受 Online 放句首，意思不变。,2026-09-27
W02,writing,build_sentence,How can students reserve a study room?,简单,句子结构 / 词序与从句,Students / reserve / through,每份（10 题，10 个小题）,360,question_bank/sources/base_productive.py,"主要依靠明确线索、常见表达或单一关系；适合作为基础练习。 以给定对话目的限定语义；接受已经逐条审阅的状语位置或从句换序。 Check word order, capitalization, and punctuation.",读懂：学生可以通过图书馆预订自习室；问题要的是预订途径。 解析：students 是谁，can reserve 是“可以预订”，a study room 是预订对象，through the library 是“通过图书馆”。can 后直接用 reserve；does 是多余词块，不能再插入 can 和动作之间。表示途径的整块放句尾或句首都在可接受答案中。,2026-09-27
W03,writing,build_sentence,Why did the class walk slowly?,适中,句子结构 / 词序与从句,Because,每份（10 题，10 个小题）,360,question_bank/sources/base_productive.py,"需要同义改写、复合句理解或联系相邻信息，不能只匹配一个关键词。 以给定对话目的限定语义；接受已经逐条审阅的状语位置或从句换序。 Check word order, capitalization, and punctuation.",读懂：因为小路湿了，全班走得很慢；要说明慢走的原因。 解析：the trail was wet 是“小路是湿的”，the class walked slowly 是“全班慢慢走”。was 要与 wet 连起来，不能让小路 walked 或把全班写成 was wet。because 引出原因，可以把原因放前面，也可以放在结果后；slowly 放 walked 前后均有被接受的词序。,2026-09-27
W04,writing,build_sentence,What did the professor ask about the evidence and the claim?,适中,句子结构 / 词序与从句,professor / whether / evidence,每份（10 题，10 个小题）,360,question_bank/sources/base_productive.py,"需要同义改写、复合句理解或联系相邻信息，不能只匹配一个关键词。 以给定对话目的限定语义；接受已经逐条审阅的状语位置或从句换序。 Check word order, capitalization, and punctuation.",读懂：教授问的是“这些证据是否支持这个论点”，不是断言论点已经得到证明。 解析：固定开头 Our professor 后接 asked（问了），whether 表示“是否”。教授问的内容按 the evidence supported the claim 排，即“证据—支持了—论点”，不改成直接提问的倒序。词块 did 是干扰，不能拼成 whether did the evidence supported。,2026-09-27
W05,writing,build_sentence,How does the new schedule help commuters?,简单,句子结构 / 词序与从句,schedule / commuters,每份（10 题，10 个小题）,360,question_bank/sources/base_productive.py,"主要依靠明确线索、常见表达或单一关系；适合作为基础练习。 以给定对话目的限定语义；接受已经逐条审阅的状语位置或从句换序。 Check word order, capitalization, and punctuation.",读懂：新时刻表使通勤者能够避开交通高峰，说明它给往返上班的人带来的帮助。 解析：the new schedule 是单个时刻表，后接 allows；allows commuters to avoid 是“让通勤者能够避开”。题面已经固定 commuters，不能把它当成要再找的词块。to avoid 要连到被允许的人后面，rush hour（高峰时段）是避开的对象，不要排成 allows to avoid commuters。,2026-09-27
W06,writing,build_sentence,What did you do after the experiment?,适中,句子结构 / 词序与从句,experiment / recorded / measurement,每份（10 题，10 个小题）,360,question_bank/sources/base_productive.py,"需要同义改写、复合句理解或联系相邻信息，不能只匹配一个关键词。 以给定对话目的限定语义；接受已经逐条审阅的状语位置或从句换序。 Check word order, capitalization, and punctuation.",读懂：实验之后，我们仔细记下了每一项测量结果，既有时间，也有做事方式。 解析：we recorded each measurement 是“我们记录了每项测量”。recorded 已经是过去做的动作，干扰块 was 不应插进去。carefully（仔细地）可放 recorded 前、测量对象后，参考也接受放句首；after the experiment 可置于句首或句尾，已列出的这些变体都保留相同意思。,2026-09-27
W07,writing,build_sentence,Which photographs will the museum display?,简单,句子结构 / 词序与从句,display / photographs / expedition,每份（10 题，10 个小题）,360,question_bank/sources/base_productive.py,"主要依靠明确线索、常见表达或单一关系；适合作为基础练习。 以给定对话目的限定语义；接受已经逐条审阅的状语位置或从句换序。 Check word order, capitalization, and punctuation.",读懂：博物馆将展出早期考察活动留下的照片；要说清展品是什么以及照片的来源。 解析：the museum 是做事的一方，will display 整块表示“将展出”，photographs 是展出对象。from 要紧接照片并连到题面固定的 the early expedition，合起来是“来自早期考察的照片”；不是博物馆从考察中来到这里。不要把 photographs 放到 will display 前面当主角。,2026-09-27
W08,writing,build_sentence,Under what condition will the market open outside?,适中,句子结构 / 词序与从句,weather / improves / outside,每份（10 题，10 个小题）,360,question_bank/sources/base_productive.py,"需要同义改写、复合句理解或联系相邻信息，不能只匹配一个关键词。 以给定对话目的限定语义；接受已经逐条审阅的状语位置或从句换序。 Check word order, capitalization, and punctuation.",读懂：如果天气转好，集市就会在户外开市；户外营业是有条件的，不是已经确定发生。 解析：if the weather improves 说“如果天气改善”，the market will open outside 说可能的后续安排。这里 if 后用 improves 表达未来条件，不需要再放 will；主句用 will open。would 是本题多余词块。参考允许条件放句首，也允许整段移到句尾。,2026-09-27
W09,writing,build_sentence,What happens to languages when cultures come into contact?,适中,句子结构 / 词序与从句,languages / cultures / contact,每份（10 题，10 个小题）,360,question_bank/sources/base_productive.py,"需要同义改写、复合句理解或联系相邻信息，不能只匹配一个关键词。 以给定对话目的限定语义；接受已经逐条审阅的状语位置或从句换序。 Check word order, capitalization, and punctuation.",读懂：不同文化发生接触时，许多语言会借用词汇，说的是一种常见现象。 解析：many languages borrow words 是“许多语言借用词汇”；cultures come into contact 是“文化发生接触”。when 连接这两件事，不能让 words 去 come into contact，也不要把 cultures 当成借来的词。when 这一整段放句首或句尾都可接受，borrow 保持原形，因为说的是多种语言的普遍情况。,2026-09-27
W10,writing,build_sentence,What did the advisor recommend that you compare?,适中,句子结构 / 词序与从句,advisor / recommended / compare,每份（10 题，10 个小题）,360,question_bank/sources/base_productive.py,"需要同义改写、复合句理解或联系相邻信息，不能只匹配一个关键词。 以给定对话目的限定语义；接受已经逐条审阅的状语位置或从句换序。 Check word order, capitalization, and punctuation.",读懂：导师建议我比较几个资料来源，重点是建议做什么，而不是说我已经比较完了。 解析：固定 The advisor 后放 recommended，再接 that I compare several sources。that 后说明建议的具体内容：“我比较几个来源”。这里表达建议时用 compare，不因 recommended 是过去形式就随意改词。词库里的 to 是干扰，不能拼成 that I to compare。,2026-09-27
W11,writing,write_email,You arranged to discuss your statistics project with your professor. The appointment has been moved to a time when you have a required class. You still need advice before continuing your analysis and would like to find another arrangement.,适中,沟通目的与语域 / 组织与具体细节,professor / appointment / statistics,每份（1 题，1 个小题）,420,question_bank/sources/base_productive.py,"Coordinate a realistic situation, recipient-appropriate tone, and three requested communicative actions within the existing seven-minute task.",读懂：统计项目的面谈改期后与你的必修课冲突。给 Lee 教授写信，说明不能赴约的原因、项目哪里需帮助，并请求另约时间和说明如何提前准备。 解析：范文用必修实验说明冲突，具体问两组人数不同该选什么统计检验，再提周五或办公时间，愿提前发研究问题与数据摘要，覆盖三项要求。reschedule 是“重新安排时间”。只道歉请改期，会漏掉咨询内容和准备办法；示例日期不必照搬。,2026-09-27
W12,writing,write_email,"You live in a university residence hall where two laundry machines are not working properly. Other residents are also having difficulty doing their laundry, and you do not know when the machines will be repaired. You want the housing staff to investigate.",适中,沟通目的与语域 / 组织与具体细节,laundry / machines / housing,每份（1 题，1 个小题）,420,question_bank/sources/base_productive.py,"Coordinate a realistic situation, recipient-appropriate tone, and three requested communicative actions within the existing seven-minute task.",读懂：宿舍两台洗衣机失灵，其他住户也洗衣困难。写给住宿办公室，交代故障及影响、请求检查维修，并提出维修期间的临时办法。 解析：范文描述启动后停止、晚间排队长，随后询问检查和预计修复日期，建议借用另一栋宿舍洗衣房并张贴指引。temporary solution 是“临时解决办法”，不能只催快修却不给过渡安排；也别把借用邻楼写成已获批准。,2026-09-27
W13,writing,write_email,You borrowed a camera from the university media desk for a class project. You have not been able to finish the photographs and need the camera for two more days. You understand that other students may already have reserved the equipment.,简单,沟通目的与语域 / 组织与具体细节,camera / extension / project,每份（1 题，1 个小题）,420,question_bank/sources/base_productive.py,"Coordinate a realistic situation, recipient-appropriate tone, and three requested communicative actions within the existing seven-minute task.",读懂：课题照片尚未完成，借来的相机要多用两天。写给媒体服务台，说明借用信息与延期请求、项目为何需要额外时间，并询问无法续借时的替代办法。 解析：范文用相机编号和原到期日定位借用，再解释雨天延误拍摄、需要补拍及检查照片；若影响别人预约，则询问其他设备。extension 指“延长借期”。只说项目没做完不够具体，也不能默认可占用他人已订设备。,2026-09-27
W14,writing,write_email,A visiting researcher will give a talk about urban gardens at your university. You think a classmate would be interested because the topic connects with the classmate’s current project. You would like to attend together rather than simply forward an event advertisement.,简单,沟通目的与语域 / 组织与具体细节,researcher / gardens / useful,每份（1 题，1 个小题）,420,question_bank/sources/base_productive.py,"Coordinate a realistic situation, recipient-appropriate tone, and three requested communicative actions within the existing seven-minute task.",读懂：邀请同学 Jamie 一起听城市花园研究讲座，要提供有用活动信息、联系其当前项目，并约定一同参加的安排，不能只转发广告。 解析：范文给出地点、开始时间与报名信息，说明社区花园如何连接新鲜食物与邻里交往，能帮助同学的社区发展课题，再约楼外碰面。attend together 是“一起参加”。只称讲座有趣而没说明项目用途，会漏掉邀请的针对性；活动细节是示例。,2026-09-27
W15,writing,write_email,"You have signed up for a field trip, but the directions you received do not clearly explain where the group will meet. You are also unsure which equipment or supplies participants need. You want to prepare without delaying the group on the day.",简单,沟通目的与语域 / 组织与具体细节,meeting / directions / bring,每份（1 题，1 个小题）,420,question_bank/sources/base_productive.py,"Coordinate a realistic situation, recipient-appropriate tone, and three requested communicative actions within the existing seven-minute task.",读懂：实地考察通知没说清集合安排，你也不知道带什么。写信说明哪里不清楚，确认集合地点和到达时间，并问自带用品与主办方提供物品。 解析：范文指出邮件和附件分别写科学楼、南门，从具体矛盾引出确认请求；接着问鞋、笔记本以及是否提供午餐饮水。provided 是“由对方提供”。只问集合地点会漏时间，只问要带什么又会漏供应情况，不能凭猜测选一个地点。,2026-09-27
W16,writing,write_email,"Attendance at your student club’s meetings has been lower than expected. Members are interested in the club, but the current meeting format may make it difficult for them to stay involved. The club leader has invited practical suggestions rather than requests for a larger budget.",适中,沟通目的与语域 / 组织与具体细节,club / attendance / format,每份（1 题，1 个小题）,420,question_bank/sources/base_productive.py,"Coordinate a realistic situation, recipient-appropriate tone, and three requested communicative actions within the existing seven-minute task.",读懂：社团出席率低，负责人要的是不靠增加预算的实际建议。写信指出一种会议形式问题，提具体改法及其作用，再说明如何试行。 解析：范文把开头通知过长与成员难以参与联系起来，建议提前邮件发通知、开场做小组活动、结尾留提问时间，再用两次试行和调查检验。format 是“会议形式”，不能把任务改成申请更多经费或指责成员懒惰。,2026-09-27
W17,writing,write_email,You were helping someone find an accessible entrance to a campus building when you noticed that the entrance was missing from the campus map. People unfamiliar with the building may follow a route they cannot use. You want campus services to make the information clearer.,适中,沟通目的与语域 / 组织与具体细节,map / accessible / update,每份（1 题，1 个小题）,420,question_bank/sources/base_productive.py,"Coordinate a realistic situation, recipient-appropriate tone, and three requested communicative actions within the existing seven-minute task.",读懂：校园地图漏标无障碍入口，可能让访客走到无法使用的路线。写给校园服务部门，说明遗漏和影响、建议地图更新，并让更新对访客实用。 解析：范文说明主门有台阶，建议标出另一侧入口、通向它的铺装路线和开放时间，并提供照片及位置协助。accessible entrance 是“便于有通行需求者使用的入口”，不只是最近的门。只加一个图标却不说明怎么到达，实用性仍不足。,2026-09-27
W26,writing,write_email,"You reserved a library study room to prepare a presentation with your group. When you checked the equipment, the projector did not work. Your group needs to review visual material together, and the reservation is still important to your preparation schedule.",适中,沟通目的与语域 / 组织与具体细节,study / projector / replacement,每份（1 题，1 个小题）,420,question_bank/sources/base_productive.py,"Coordinate a realistic situation, recipient-appropriate tone, and three requested communicative actions within the existing seven-minute task.",读懂：小组已订图书馆自习室准备展示，但投影仪坏了。写信说明故障和预约用途、活动需要，并请求换房或提供可用设备。 解析：范文描述无法开机及已检查电源，再说明要一起查看图表是否清楚，提出换有投影仪的房间或借便携设备，并给出可稍晚开始的弹性。replacement 是“替代物”。只报故障却不说小组为何需要屏幕，工作人员难判断合适方案。,2026-09-27
W27,writing,write_email,"You have agreed to work a volunteer shift, but a required laboratory class now conflicts with it. You want to inform the coordinator early enough for the schedule to be adjusted. You are still willing to complete your volunteer commitment at another time.",适中,沟通目的与语域 / 组织与具体细节,volunteer / shift / lab,每份（1 题，1 个小题）,420,question_bank/sources/base_productive.py,"Coordinate a realistic situation, recipient-appropriate tone, and three requested communicative actions within the existing seven-minute task.",读懂：必修实验课与已承诺的志愿班次冲突。给协调员说明受影响时段和原因，请求换班并给替代时间，还要减少排班受扰。 解析：范文明确周三原班次，提出周五可用时间及能承担的岗位，先询问换班流程而不擅自确认互换，照顾服务台持续有人值守的需要。shift 是“值班时段”，不只是一次活动。只说不能来、不安排补做，会遗漏继续履约的重点。,2026-09-27
W28,writing,write_email,"After a class discussion, your professor sent you an article related to an idea you had asked about. Reading it has helped you think more clearly about your own work. You want to acknowledge the help in a specific, useful message.",简单,沟通目的与语域 / 组织与具体细节,article / professor / use,每份（1 题，1 个小题）,420,question_bank/sources/base_productive.py,"Coordinate a realistic situation, recipient-appropriate tone, and three requested communicative actions within the existing seven-minute task.",读懂：教授分享的文章帮助你理解课上讨论的想法。写信感谢、解释一个有用观点，再说明准备怎样用于自己的学习或项目。 解析：范文不是只说文章很好，而是指出问卷措辞影响回答，随后计划改掉默认所有人使用校车的题目，并在文献综述说明文章怎样影响设计，形成“观点→应用”的联系。apply an idea 是“运用一个想法”，不是只把文章放入参考文献。,2026-09-27
W18,writing,academic_discussion,"Professor: A university is reviewing its graduation requirements. Students already complete a substantial set of courses in their own departments, but the university also wants graduates to understand ways of thinking beyond a single field. Should universities require students to take one course in a subject outside their major?",适中,立场与论证 / 回应不同观点,major / course,每份（1 题，1 个小题）,600,question_bank/sources/base_productive.py,"Evaluate two developed, distinct arguments and add a supported contribution. The original question and the students' positions are retained.",读懂：大学是否应要求学生修一门专业之外的课？已有发言分别强调跨学科联系与排课负担，你要提出并支持自己的看法，而非复述他们。 解析：范文赞成但附带选择空间，用工程生学公共沟通说明用途，再建议替换现有选修而非增加毕业负担，回应时间顾虑。outside their major 是“专业以外”。这只是可论证立场，反对强制也能写；仅说拓宽眼界而无机制会空泛。,2026-09-27
W19,writing,academic_discussion,"Professor: A growing city has enough money for one major improvement this year. Residents have requested both better shared outdoor space and easier travel between neighborhoods, so the council needs to decide which benefit should take priority. Is it better for a city to invest in public parks or in improved public transportation?",适中,立场与论证 / 回应不同观点,parks / transportation / community,每份（1 题，1 个小题）,600,question_bank/sources/base_productive.py,"Evaluate two developed, distinct arguments and add a supported contribution. The original question and the students' positions are retained.",读懂：城市今年只能做一项大改善，应优先建公园还是改善公交？要权衡休闲健康与日常可达性，明确你的优先选择。 解析：范文优先公交，把就业进一步扩展到就医、上学和去已有公园，再提出先改善服务不足社区的路线，为未来公园选址提供依据，超出简单同意学生 B。prioritize 是“优先考虑”，不等于永远不要公园；公园优先也可有充分理由。,2026-09-27
W20,writing,academic_discussion,"Professor: In some university seminars, discussion is central to learning, but not all students speak equally often. Instructors are considering whether participation should affect course grades and what behavior such a policy would encourage. Should students receive grades for participating in class discussions?",困难,立场与论证 / 回应不同观点,grades / discussion / students,每份（1 题，1 个小题）,600,question_bank/sources/base_productive.py,"Evaluate two developed, distinct arguments and add a supported contribution. The original question and the students' positions are retained.",读懂：课堂讨论应不应该计入成绩？已有观点关注备课动力与安静学生的公平，你需说明什么参与方式值得评价。 解析：范文有条件支持，加入书面反思、小组讨论和课前问题，以内容相关性与思考深度代替发言次数，回应了公平顾虑。participation 指“参与”，不是仅指抢着说话。范文不是唯一立场，反对计分也应说明如何保证投入学习。,2026-09-27
W21,writing,academic_discussion,"Professor: A university can expand either its online course offerings or its small classroom seminars next year. Both options could improve learning, but they use staff time and resources differently and may serve different groups of students. Should universities provide more online courses or more small in-person seminars?",适中,立场与论证 / 回应不同观点,online / seminars / flexible,每份（1 题，1 个小题）,600,question_bank/sources/base_productive.py,"Evaluate two developed, distinct arguments and add a supported contribution. The original question and the students' positions are retained.",读懂：学校下一年应增加网课还是小班面授研讨课？已有发言分别强调灵活安排和深入交流，你要说明资源为何优先用于某种学习方式。 解析：范文偏向需要讨论证据的面授课，用教师即时追问说明优势，又提出基础讲解线上看、见面时讨论的办法，回应通勤和工作的限制。seminars 是“小组研讨课”。支持更多网课也可成立，关键不是喊“线上方便”而是解释对哪些学生或任务有效。,2026-09-27
W22,writing,academic_discussion,"Professor: A university is considering concentrating its usual teaching hours into four days rather than five. The total amount of instruction would stay the same, so some daily schedules would become longer in exchange for a free weekday. Is a four-day class week better than classes spread across five days?",简单,立场与论证 / 回应不同观点,week / routine / work,每份（1 题，1 个小题）,600,question_bank/sources/base_productive.py,"Evaluate two developed, distinct arguments and add a supported contribution. The original question and the students' positions are retained.",读懂：总授课时数不变，压缩成每周四天、每天更长，是否比五天分散上课好？不能把四天误解成少学一天的内容。 解析：范文选每天较轻的五天制，用语言或数学需要多次练习解释好处，再建议优化课表减少空档，回应学生工作的需要。free weekday 是空出一个工作日，并非课业总量减少。四天制也能论证，但需面对疲劳和复习间隔问题。,2026-09-27
W23,writing,academic_discussion,"Professor: A campus dining service wants to help students understand the consequences of their food choices. One proposal is to add environmental information beside menu items, although estimates may depend on what aspects of production are measured. Should campus dining halls label the environmental impact of meals?",困难,立场与论证 / 回应不同观点,labels / meals / information,每份（1 题，1 个小题）,600,question_bank/sources/base_productive.py,"Evaluate two developed, distinct arguments and add a supported contribution. The original question and the students' positions are retained.",读懂：食堂是否应标注餐食的环境影响？既要考虑帮助选择，也要面对估算口径不同、单个标记可能误导的问题。 解析：范文支持附解释的标签，主张显示大致排放类别并说明估算不确定性，再补充低影响餐食也需价格可负担。environmental impact 是“环境影响”，不能等同于所有健康或社会问题。范文是一个方案，反对简化标签也可提出理由。,2026-09-27
W24,writing,academic_discussion,Professor: Some universities encourage new students to live in university housing during their first year. Others leave the decision entirely to students and families. Housing choices may affect both adjustment to university life and the cost of attending. Should first-year students live on campus?,适中,立场与论证 / 回应不同观点,campus / students / costs,每份（1 题，1 个小题）,600,question_bank/sources/base_productive.py,"Evaluate two developed, distinct arguments and add a supported contribution. The original question and the students' positions are retained.",读懂：新生应不应该住校？讨论要权衡建立支持网络和家庭成本，不是只描述宿舍生活。 解析：范文认为住校有益但不宜强制，用通勤生也能参加的导师小组和公共休息区，说明社交支持不必只靠付住宿费获得。compulsory 是“强制的”。支持住校或优先居家都可写，须说明适用条件，不能推定每位学生的家庭和预算相同。,2026-09-27
W25,writing,academic_discussion,"Professor: A museum is reviewing how it serves young people in its own community. It could remove admission charges for local students, but it would still need to pay for staff, conservation, and exhibitions that those visitors would use. Should museums offer free admission to local students?",困难,立场与论证 / 回应不同观点,museums / students / access,每份（1 题，1 个小题）,600,question_bank/sources/base_productive.py,"Evaluate two developed, distinct arguments and add a supported contribution. The original question and the students' positions are retained.",读懂：博物馆是否应让本地学生免费入场？票价影响学习机会，但藏品维护、员工和展览仍需要资金。 解析：范文提出指定时段免费，用学生可反复参观说明教育价值，再用低峰时段、合作资助与跟踪使用情况应对收入顾虑。free admission 是“免门票”，不是运营零成本。全面免费或保留收费也能论证，不必照抄折中政策。,2026-09-27
W29,writing,academic_discussion,"Professor: A department is deciding which course materials to provide digitally and which to keep in print. Students use textbooks for different purposes, from checking a fact quickly to reading and annotating a difficult chapter in depth. Should universities replace some printed textbooks with digital versions?",简单,立场与论证 / 回应不同观点,digital / textbooks / annotate,每份（1 题，1 个小题）,600,question_bank/sources/base_productive.py,"Evaluate two developed, distinct arguments and add a supported contribution. The original question and the students' positions are retained.",读懂：大学是否应用电子版替代部分纸质教材？已有观点谈更新检索便利和纸上深度阅读，你应针对用途与限制提出看法。 解析：范文支持提供电子选项，尤其信息变化快的学科，同时保留图书馆纸本、可负担印本和离线使用，以照顾专注方式与设备条件。some 是“部分”，不是所有书都必须取消。选择保留更多纸本也可论证，不能只重复“电子易更新”。,2026-09-27
W30,writing,academic_discussion,"Professor: During examinations, students often ask for additional places to study in the evening. Keeping campus buildings open later could help, but the university must decide whether the extra use would justify the support and operating costs. Should campus buildings stay open later during exam periods?",适中,立场与论证 / 回应不同观点,buildings / students / costs,每份（1 题，1 个小题）,600,question_bank/sources/base_productive.py,"Evaluate two developed, distinct arguments and add a supported contribution. The original question and the students' positions are retained.",读懂：考试期间是否应延长校园建筑开放时间？要在安静学习空间与工作人员、照明等成本间作取舍。 解析：范文有条件支持，只集中开放部分图书馆和学习中心，配合交通安全信息并看实际使用量再扩展。这回应了在家缺少安静空间的学生，也避免把少数需求变成全校园高成本开放。stay open later 是“开得更晚”，并非全天通宵。,2026-09-27
W31,writing,build_sentence,"I need to register for my classes, but I am new to this campus.",适中,疑问句与从句结构 / 词序与语境,registration / office,每份（10 题，10 个小题）,360,question_bank/sources/expanded_productive.py,Use statement word order after the embedded question word 'where'. The preceding utterance supplies a natural communicative purpose.,读懂：你刚到校园，需要报名选课，因此礼貌地问：“能告诉我注册办公室在哪里吗？” 解析：外层 Could you tell me 是“能告诉我吗”，真正想知道的内容从 where 开始。里面按 the registration office is 排，即先说办公室，再说它在哪里，不能照直接问句排成 where is the registration office。does 是多余词块，不能与末尾 is 重复使用。,2026-09-27
W32,writing,build_sentence,The library received the books we requested yesterday.,适中,疑问句与从句结构 / 词序与语境,arrived / yesterday,每份（10 题，10 个小题）,360,question_bank/sources/expanded_productive.py,A direct location question uses are before the noun phrase; that arrived yesterday remains a relative clause. The preceding utterance supplies a natural communicative purpose.,读懂：昨天收到所需书籍后，你问：“昨天到的那些书在哪里？”不是问书什么时候到的。 解析：Where are the books 是主要问题；that arrived yesterday 紧跟 books，帮助别人辨认是哪一批书。books 是复数，所以题中用 are；arrived 说昨天已经到达。不要把 yesterday 接到 are 后，也不能把 that 放在 books 前，让补充说明脱离它说明的对象。,2026-09-27
W33,writing,build_sentence,Did the failed experiment still produce something useful?,适中,句子结构 / 词序与从句,Although / experiment / results,每份（10 题，10 个小题）,360,question_bank/sources/expanded_productive.py,需要同义改写、复合句理解或联系相邻信息，不能只匹配一个关键词。 以给定对话目的限定语义；接受已经逐条审阅的状语位置或从句换序。 The concessive clause contrasts the failed experiment with its useful result.,读懂：实验虽然失败，结果却引出一个有趣的问题，回答失败是否仍有收获。 解析：although 是虽然，用它连两件事时不要再加 but（但是）。当前接受 although 小句在句首或句尾；只用 but 连接两句在语法上也可行，但未列入本题自动判分清单，不能因此认定它语法错误。,2026-09-27
W34,writing,build_sentence,Our project uses temperature records from several seasons.,适中,疑问句与从句结构 / 词序与语境,collecting / temperature / records,每份（10 题，10 个小题）,360,question_bank/sources/expanded_productive.py,How long introduces an ongoing activity expressed with have been collecting. The preceding utterance supplies a natural communicative purpose.,读懂：项目已用了几个季节的温度记录，你问对方一直收集这些记录有多久了。 解析：How long 是“多长时间”，have you been collecting 表示从之前开始、一直在做的收集工作。提问时把 have 放在 you 前，been collecting 是完整词块，不能拆开。did 是多余项，不能排成 did you been collecting；那样少了与 been 配合的 have。,2026-09-27
W35,writing,build_sentence,The application portal closes at the end of the day.,适中,疑问句与从句结构 / 词序与语境,application / submitted / before,每份（10 题，10 个小题）,360,question_bank/sources/expanded_productive.py,Does takes the base form have; the passive infinitive is be submitted. The preceding utterance supplies a natural communicative purpose.,读懂：你问申请是否必须在办公室关门之前提交，关注的是提交要求和截止时点。 解析：Does 放在整句开头，后面 the application have to 表示“申请必须”；有 Does 后要用 have，不能再选 has。申请是被人提交，所以接 be submitted（被提交），不是让申请自己做动作。before the office closes 是“办公室关门前”，顺序保持完整。,2026-09-27
W36,writing,build_sentence,I can explain any part of the procedure you are unsure about.,适中,疑问句与从句结构 / 词序与语境,explaining,每份（10 题，10 个小题）,360,question_bank/sources/expanded_productive.py,The polite expression 'would you mind' takes a gerund. The preceding utterance supplies a natural communicative purpose.,读懂：对方愿意解释你不懂的步骤，你礼貌地请他再说明最后一步。 解析：Would you mind… 是“您介意……吗”，本题用来委婉提出请求，后面接 explaining，不接解释动作的其他形式。the final step 是解释对象；again 是“再一次”。参考接受 again 放句尾，也接受放在 explaining 前，不能因此把后一种词序判作语法错误。,2026-09-27
W37,writing,build_sentence,I tried to arrange a meeting for the tutor and the students last week.,适中,疑问句与从句结构 / 词序与语境,students / available / monday,每份（10 题，10 个小题）,360,question_bank/sources/expanded_productive.py,The compound subject takes Were in the direct question; both refers to the two parties. The preceding utterance supplies a natural communicative purpose.,读懂：上周安排见面时，你想确认导师和学生双方在周一是否都有空。 解析：Were 放前面表示询问过去的情况；the tutor and the students 是两方，合起来接 both available（双方都有空）。别被单个 the tutor 迷惑而忽略 and the students，也不要将 both available 塞进两个对象之间。on Monday 是会议相关的时间，放在整件事之后。,2026-09-27
W38,writing,build_sentence,How does more careful planning affect wasted time?,困难,句子结构 / 词序与从句,carefully,每份（10 题，10 个小题）,360,question_bank/sources/expanded_productive.py,需要处理抽象关系、限制条件、隐含态度或更复杂句法，并排除同主题的近似解释。 以给定对话目的限定语义；接受已经逐条审阅的状语位置或从句换序。 Pair comparative clauses with 'the more' and 'the less'.,读懂：我们计划得越仔细，浪费的时间就越少；两部分表达一起变化的关系。 解析：固定的 The…，the… 对应中文“越……，就越……”。more carefully 说明 we plan 怎么做，less time 是 we waste 的对象。不要因中文说“计划越仔细”就排成 we plan more carefully：题面要求比较部分先出现。也不能把 less time 放到 we plan 这一边。,2026-09-27
W39,writing,build_sentence,Explain why missing the announcement prevented you from joining the trip.,困难,句子结构 / 词序与从句,announcement,每份（10 题，10 个小题）,360,question_bank/sources/expanded_productive.py,需要处理抽象关系、限制条件、隐含态度或更复杂句法，并排除同主题的近似解释。 以给定对话目的限定语义；接受已经逐条审阅的状语位置或从句换序。 Use a past counterfactual result with a past perfect condition.,读懂：当时没看到通知，所以没参加旅行；意思是“要是当时看到了，我本来就会参加”。 解析：if I had seen the announcement 设想过去未发生的条件；I would have joined the trip 说本可发生的结果。would have 是一整块，不要换成单独的 would，也不要把 had seen 当成真实发生的事。两个 I 各管一段，并非重复的干扰词。条件段在前或在后都被接受。,2026-09-27
W40,writing,build_sentence,This article discusses the history of several coastal communities.,适中,疑问句与从句结构 / 词序与语境,article / explain / coastal,每份（10 题，10 个小题）,360,question_bank/sources/expanded_productive.py,The main question uses Does and explain; the embedded why clause retains statement order. The preceding utterance supplies a natural communicative purpose.,读懂：你问文章有没有解释一些沿海社区为什么迁往内陆，重点是迁移原因是否得到说明。 解析：固定 Does 后排 the article explain，外层问“文章解释了吗”。why 后面是文章要解释的内容，按 some coastal communities moved inland 排，即“社区—迁移了—到内陆”。不能在 why 后再加 did 去组成另一个独立问题；词库的 did 在这里不用。,2026-09-27
W41,writing,build_sentence,The committee proposed some changes at yesterday’s meeting.,简单,疑问句与从句结构 / 词序与语境,participants / proposed / changes,每份（10 题，10 个小题）,360,question_bank/sources/expanded_productive.py,"Did requires the base form agree, not agreed. The preceding utterance supplies a natural communicative purpose.",读懂：委员会昨天提出了修改方案，你问所有与会者是否都赞同这些修改。 解析：Did 已告诉读者是在问过去的事，后面的动作要用 agree，不再用 agreed；agreed 是本题干扰块。all of the participants 是“所有与会者”，整块接在 Did 后。agree with 表示“赞同”，with 后必须接 the proposed changes（提出的修改），不能漏掉 with。,2026-09-27
W42,writing,build_sentence,I have finished collecting the data for my research project.,适中,疑问句与从句结构 / 词序与语境,compared / findings / earlier,每份（10 题，10 个小题）,360,question_bank/sources/expanded_productive.py,The present perfect question uses Have you compared; those refers to findings. The preceding utterance supplies a natural communicative purpose.,读懂：对方收集完研究数据，你接着问：“你把自己的发现与以前研究的发现比较过了吗？” 解析：固定 Have 后接 you compared，表示到现在是否已经比较过。compare A with B 是“把甲和乙比较”，your findings 是甲，those of earlier studies 是乙，其中 those 代替前面提到的 findings，不是指研究人员。with 不能跑到自己的发现之前。,2026-09-27
W43,writing,build_sentence,We reached the station much later than we had planned.,困难,疑问句与从句结构 / 词序与语境,already / reached / station,每份（10 题，10 个小题）,360,question_bank/sources/expanded_productive.py,Had precedes the subject in the main question; the time clause uses statement order. The preceding utterance supplies a natural communicative purpose.,读懂：你们到车站比计划晚，你问到站时末班车是不是已经离开了。 解析：Had the last train already left 表示询问“在另一个过去时点之前已经开走了吗”。when you reached the station 是那个较晚的到站时点，里面按 you reached 排，不再倒装。did 是多余词，不能替代 Had 后还保留 already left；last train 指末班车，不是上一列随便的车。,2026-09-27
W44,writing,build_sentence,I am taking an introductory course in another department.,适中,疑问句与从句结构 / 词序与语境,course / outside / department,每份（10 题，10 个小题）,360,question_bank/sources/expanded_productive.py,The main question uses Is this; the modifying clause you have taken is not inverted. The preceding utterance supplies a natural communicative purpose.,读懂：你问对方正在上的课是否是他第一次选修本院系之外的课程。 解析：Is this 是外层“这是……吗”；the first course 是要确认的课程，you have taken 紧接其后，说明“你修过的”。outside your department 表示“本院系之外”，不能拆成 outside this 或把 you have taken 变成独立提问的顺序。题目只提供一个 Is，它负责整句发问。,2026-09-27
W45,writing,build_sentence,The research team reported an unexpected result.,简单,疑问句与从句结构 / 词序与语境,surprised / researchers / recovery,每份（10 题，10 个小题）,360,question_bank/sources/expanded_productive.py,"What is the subject, so this question does not add auxiliary did. The preceding utterance supplies a natural communicative purpose.",读懂：研究团队报告了意外结果，你问这次恢复过程有什么地方让研究人员感到意外。 解析：What 在这里就是造成惊讶的“什么事情”，直接接 surprised，再接感到惊讶的人 the researchers。不是所有含 what 的问句都要加 did；本题插入 did 会与 surprised 的形式冲突。about the recovery 限定谈论哪件事，recovery 仅指“恢复”，题面未说明是哪种恢复。,2026-09-27
W46,writing,build_sentence,Several visitors have asked about getting into the building after hours.,适中,疑问句与从句结构 / 词序与语境,whether / arrange / access,每份（10 题，10 个小题）,360,question_bank/sources/expanded_productive.py,The outer question uses Do you know; whether introduces a clause with statement order. The preceding utterance supplies a natural communicative purpose.,读懂：访客想在非开放时间进楼，你问同伴是否知道我们需不需要安排入楼权限。 解析：Do you know 是外层提问；whether 表示“是否”，后面照平常说话排 we need to arrange access。access to the building 是“进入该楼的权限或通道安排”，to the building 不能放在 need 后。词库里额外的 do 不用于 whether 后，那里不是第二个直接问句。,2026-09-27
W47,writing,build_sentence,Why is it unsafe for one person to carry the equipment?,适中,句子结构 / 词序与从句,equipment,每份（10 题，10 个小题）,360,question_bank/sources/expanded_productive.py,需要同义改写、复合句理解或联系相邻信息，不能只匹配一个关键词。 以给定对话目的限定语义；接受已经逐条审阅的状语位置或从句换序。 Use 'too + adjective + for someone + to-infinitive'.,读懂：设备太重，单靠一个人无法安全搬运；too heavy 不只是“很重”，还表示超过了能力范围。 解析：先排 the equipment is too heavy，再用 for one person 指明对谁而言太重，to carry 说难以完成的动作。不要排成设备去搬人，也不要漏掉 to。safely 是“安全地”，可接 carry 后；参考也接受 to safely carry，不应认定这种位置一定错误。,2026-09-27
W48,writing,build_sentence,The team revised its conclusion after checking the figures.,适中,疑问句与从句结构 / 词序与语境,explain / revise / conclusion,每份（10 题，10 个小题）,360,question_bank/sources/expanded_productive.py,What is the subject of the embedded clause; no extra did is needed. The preceding utterance supplies a natural communicative purpose.,读懂：团队核对数字后修改了结论，你请对方解释是什么促成这次修改。 解析：Can you explain 是“你能解释吗”；what led the team 表示“什么使团队……”，what 自己充当原因，因此后面直接接 led，不加 did。lead someone to do 在这里是“促使某人做某事”，to revise 后接 its conclusion（团队的结论），不是修订数字本身。,2026-09-27
W49,writing,build_sentence,My friend volunteers at a museum with a new gallery.,适中,疑问句与从句结构 / 词序与语境,museum / volunteers / opened,每份（10 题，10 个小题）,360,question_bank/sources/expanded_productive.py,Has and opened form the main present perfect question; the relative clause stays together. The preceding utterance supplies a natural communicative purpose.,读懂：你问朋友做志愿服务的那家博物馆，新展厅到现在开了没有。 解析：Has 与 opened 共同构成“已经开放了吗”；the museum 是谁开放展厅。where she volunteers 夹在中间，说明是哪家博物馆，整块应紧跟 museum。its new gallery 是开放对象，yet 在这里表示“到现在还／已经”，不能放进描述朋友做志愿服务的那一段。,2026-09-27
W50,writing,build_sentence,Explain how better lighting would make the room suitable for photographs.,适中,句子结构 / 词序与从句,lighting / display / photographs,每份（10 题，10 个小题）,360,question_bank/sources/expanded_productive.py,需要同义改写、复合句理解或联系相邻信息，不能只匹配一个关键词。 以给定对话目的限定语义；接受已经逐条审阅的状语位置或从句换序。 A hypothetical present condition uses past form plus 'could'.,读懂：如果这个房间照明更好，我们就能在那里展示照片；这是对目前条件改善后的设想。 解析：if the room had better lighting 不是讲已经改善，而是设想“要是照明更好”；could display 是相应的“就能展示”。will 是干扰块，不要加到已有的 could display 前。there 指这个房间，应跟展示地点相连。条件段在句首或句尾都在可接受答案中。,2026-09-27
W51,writing,build_sentence,Our project investigates how people adapt to unfamiliar environments.,适中,疑问句与从句结构 / 词序与语境,people / unfamiliar / environment,每份（10 题，10 个小题）,360,question_bank/sources/expanded_productive.py,Plural people takes do; the when clause uses normal subject-verb order. The preceding utterance supplies a natural communicative purpose.,读懂：人们搬到陌生环境时如何适应？问题同时问适应方法和发生适应的情境。 解析：How do people adapt 是主要问题，people 指多人，用 do 而不是干扰块 does。when they move to an unfamiliar environment 补充“搬到不熟悉的环境时”，这里 they move 保留正常叙述顺序。to 表示搬去哪里，不能把整块环境接到 people 后而丢掉 move。,2026-09-27
W52,writing,build_sentence,The coordinator asked everyone to bring copies of their proposals.,适中,疑问句与从句结构 / 词序与语境,remember / copies / proposals,每份（10 题，10 个小题）,360,question_bank/sources/expanded_productive.py,"The embedded quantity question ends with we should bring, not inverted should we bring. The preceding utterance supplies a natural communicative purpose.",读懂：组织者要求带提案副本，你问同伴还记不记得我们应该带多少份。 解析：固定 Do 后接 you remember，外层问“你记得吗”。how many copies of our proposals 是“我们提案的多少份副本”，应连成一组；后面排 we should bring，不排 should we bring。额外的 do 是干扰，不能在这一段再加一次。,2026-09-27
W53,writing,build_sentence,The committee made its decision after reviewing all the evidence.,适中,疑问句与从句结构 / 词序与语境,explain / committee / waited,每份（10 题，10 个小题）,360,question_bank/sources/expanded_productive.py,A polite outer question introduces a why clause with statement order. The preceding utterance supplies a natural communicative purpose.,读懂：你请对方解释，委员会为什么先等了一段时间才作决定，关注等待的原因。 解析：Could you explain 是礼貌请求；why the committee waited 是解释内容，里面先说委员会，再说等过。before making a decision 表示“作决定之前”，making 与 before 已在同一词块，不要拆开。did 不应加在 why 后，否则破坏这里的叙述顺序。,2026-09-27
W54,writing,build_sentence,I am using a new program to organize my research notes.,适中,疑问句与从句结构 / 词序与语境,software / easier / organize,每份（10 题，10 个小题）,360,question_bank/sources/expanded_productive.py,Does requires make; it is the object in make it easier to organize. The preceding utterance supplies a natural communicative purpose.,读懂：这款软件能否让大量笔记更容易整理？要确认的是工具对整理工作的帮助。 解析：Does 开头时后面用 make，不选 makes。make it easier to organize 是“让整理这件事更容易”，it 先占住位置，真正的事情由 to organize 引出。large collections of notes 是要整理的大量笔记，别把它放在软件的位置。,2026-09-27
W55,writing,build_sentence,Which materials did the department choose despite their cost?,适中,句子结构 / 词序与从句,Despite / additional / department,每份（10 题，10 个小题）,360,question_bank/sources/expanded_productive.py,"需要同义改写、复合句理解或联系相邻信息，不能只匹配一个关键词。 以给定对话目的限定语义；接受已经逐条审阅的状语位置或从句换序。 The preposition 'despite' introduces a noun phrase, not a finite clause.",读懂：尽管多花一些钱，院系还是选择了更耐用的材料，重点在成本与耐用性的取舍。 解析：despite the additional cost 是“尽管有额外成本”，整块已经表达让步，不能再把 although 塞进去。the department chose the more durable materials 是“院系选择了更耐用的材料”，chose 表示已经作出的选择。参考接受成本这一段在前或在后。,2026-09-27
W56,writing,build_sentence,The office has not sent me a response yet.,适中,疑问句与从句结构 / 词序与语境,waiting / response / office,每份（10 题，10 个小题）,360,question_bank/sources/expanded_productive.py,Present perfect continuous questions use 'have + subject + been'. The preceding utterance supplies a natural communicative purpose.,读懂：办公室还没回信，你问对方等待办公室回复已经持续多久了。 解析：How long 后接 have you been waiting，表示等待从之前延续到现在。wait for 是“等待”，所以 for a response 不能丢；from the office 说明回复来自办公室，不是说你从办公室开始移动。把 have 放 you 前，been waiting 紧跟 you。,2026-09-27
W57,writing,build_sentence,The survey was designed to identify commuters’ priorities.,适中,疑问句与从句结构 / 词序与语境,survey / reveal / commuters,每份（10 题，10 个小题）,360,question_bank/sources/expanded_productive.py,The direct question uses did and reveal; the embedded what clause keeps subject before verb. The preceding utterance supplies a natural communicative purpose.,读懂：这项调查对于通勤者最需要什么，揭示了哪些信息？外面问调查发现，里面谈通勤者需求。 解析：What did the survey reveal 是外层问题，did 已表示过去，reveal 不再变过去式。about 后接 what commuters needed most，即“通勤者最需要的东西”，里面 commuters 在 needed 前。词块 did the survey 与 what commuters 已固定，不能把两组 what 当成重复项删掉。,2026-09-27
W58,writing,build_sentence,Is there a reason to assume that every result will be identical?,适中,句子结构 / 词序与从句,identical,每份（10 题，10 个小题）,360,question_bank/sources/expanded_productive.py,"需要同义改写、复合句理解或联系相邻信息，不能只匹配一个关键词。 以给定对话目的限定语义；接受已经逐条审阅的状语位置或从句换序。 A to-infinitive modifies 'reason', and a that-clause completes 'assume'.",读懂：没有理由假定每一次结果都会完全相同；这并不等于断言所有结果必然不同。 解析：固定 There is 后放 no reason，否定的是“有理由”。to assume 是“去假定”，that 后接具体假设 every result will be identical。no 不能挪到 every result 前，否则否定范围变了。identical 已在题面固定句尾，前面需要 will be 来接上“将会相同”。,2026-09-27
W59,writing,build_sentence,I have heard that a footpath leads to the station.,适中,疑问句与从句结构 / 词序与语境,footpath / shorter / through,每份（10 题，10 个小题）,360,question_bank/sources/expanded_productive.py,A comparative question places Is before the subject; shorter takes a than phrase. The preceding utterance supplies a natural communicative purpose.,读懂：去车站的小路是否比穿过镇子的公路更短？这里比较的是两条路线的长度。 解析：Is the footpath shorter 是“这条步道更短吗”，不是询问做某个动作，所以不用干扰块 does。shorter 要配 than，引出比较对象 the road through town；through town 是“穿过镇子”，修饰公路，不能丢在步道后改变路线指代。,2026-09-27
W60,writing,build_sentence,"Some samples have arrived, but the final delivery is still missing.",适中,疑问句与从句结构 / 词序与语境,analysis / before / samples,每份（10 题，10 个小题）,360,question_bank/sources/expanded_productive.py,Can introduces the main question; the time clause uses present perfect have arrived. The preceding utterance supplies a natural communicative purpose.,读懂：还有样本没送到，你问是否可以不等全部到齐就开始分析；并非说样本已经全到。 解析：Can we begin the analysis 是主要请求；before all the samples have arrived 表示“所有样本到齐之前”。before 必须连到到齐这一时间点，all 不能漏。have arrived 在时间部分描述“已经全部到达”这个完成状态，不要据此把全句读成到齐后才开始。,2026-09-27
W61,writing,build_sentence,What did she suggest discussing before choosing a venue?,适中,句子结构 / 词序与从句,suggested / discuss / choosing,每份（10 题，10 个小题）,360,question_bank/sources/expanded_productive.py,需要同义改写、复合句理解或联系相邻信息，不能只匹配一个关键词。 以给定对话目的限定语义；接受已经逐条审阅的状语位置或从句换序。 A suggestion can use 'that + subject + base verb'.,读懂：她建议我们先讨论预算，再选活动场地，回答讨论内容与行动先后的问题。 解析：固定 She 后接 suggested，that 引出建议内容 we discuss the budget。这里 discuss 用原形表达建议，不加多余词块 to。before choosing a venue 是“选择场地之前”，venue 指办活动的地方；它放在讨论预算之后，说明应先讨论再决定地点。,2026-09-27
W62,writing,build_sentence,"Explain that cooperation is agreed, but dividing the work is unresolved.",困难,句子结构 / 词序与从句,question / whether / cooperate,每份（10 题，10 个小题）,360,question_bank/sources/expanded_productive.py,需要处理抽象关系、限制条件、隐含态度或更复杂句法，并排除同主题的近似解释。 以给定对话目的限定语义；接受已经逐条审阅的状语位置或从句换序。 The parallel structure contrasts 'not whether' with 'but how'.,读懂：大家已同意合作，悬而未决的不是“要不要合作”，而是“如何分工”。 解析：固定 The question is 后用 not… but… 对照两个问题。whether to cooperate 是“是否合作”，how to share the work 是“怎样分担工作”。not 要放 whether 前，but 要接 how；如果把 not 放到 share 前，就会误写成不愿分工。两个带 to 的词块分别跟各自的问题词。,2026-09-27
W63,writing,build_sentence,What should a person wishing to attend do by Thursday?,适中,句子结构 / 词序与从句,register / Thursday,每份（10 题，10 个小题）,360,question_bank/sources/expanded_productive.py,需要同义改写、复合句理解或联系相邻信息，不能只匹配一个关键词。 以给定对话目的限定语义；接受已经逐条审阅的状语位置或从句换序。 The singular relative clause describes 'anyone' before the modal main clause.,读懂：任何想参加的人都应最迟在周四报名，而不是等周四过后再报。 解析：anyone who wishes to attend 是“任何希望参加的人”，who wishes 说明是哪类人，后接 to attend。should register 才是他们应该做的事；词库另一个 to 不用，不能拼成 should to register。by Thursday 表示周四截止，放句首或句尾均有可接受答案。,2026-09-27
W64,writing,build_sentence,How would including a diagram improve the report?,适中,句子结构 / 词序与从句,clearer / included / diagram,每份（10 题，10 个小题）,360,question_bank/sources/expanded_productive.py,需要同义改写、复合句理解或联系相邻信息，不能只匹配一个关键词。 以给定对话目的限定语义；接受已经逐条审阅的状语位置或从句换序。 A hypothetical suggestion combines 'would' with a past-form if-clause.,读懂：如果报告加入一张示意图，就会更清楚，这是改进建议，不是说图已经存在。 解析：the report would be clearer 是设想的效果；if it included a diagram 是“如果它包含示意图”。it 指报告，included 在这里用于假设，不必理解成过去真的加过。would be 不能拆掉 be，否则 clearer 没有连接。参考也接受 if 这一段在句首。,2026-09-27
W65,writing,build_sentence,We are the last people leaving the laboratory tonight.,困难,疑问句与从句结构 / 词序与语境,checked / whether / device,每份（10 题，10 个小题）,360,question_bank/sources/expanded_productive.py,Every device is singular and takes has; the passive phrase is has been switched off. The preceding utterance supplies a natural communicative purpose.,读懂：作为今晚最后离开实验室的人，你问对方是否已检查每台设备都关掉了。 解析：固定 Have 接 you checked，问“检查过了吗”；whether 后按 every device has been switched off 排。every device 逐个说每台设备，配 has，不用干扰块 have。has been switched off 是“已经被关掉”，不是设备自己执行关机动作；别漏掉 been。,2026-09-27
W66,writing,build_sentence,Emphasize the unexpected delay as the reason you changed your route. Begin with It.,困难,句子结构 / 词序与从句,unexpected,每份（10 题，10 个小题）,360,question_bank/sources/expanded_productive.py,需要处理抽象关系、限制条件、隐含态度或更复杂句法，并排除同主题的近似解释。 以给定对话目的限定语义；接受已经逐条审阅的状语位置或从句换序。 An it-cleft highlights the delay as the cause.,读懂：是那次意外延误迫使我们改了路线；题目要求用 It 开头并强调真正原因。 解析：固定 It was 后先放要强调的 the unexpected delay，再用 that 接结果 forced us to change our route。forced us 是“迫使我们”，to change 后接路线；不能把 that 放到延误前，也不能让 our route 变成被迫做事的人。这种表达突出原因，不是把 It 翻成某件具体物品。,2026-09-27
W67,writing,build_sentence,What did the lecturer emphasize about checking sources?,适中,句子结构 / 词序与从句,lecturer / emphasized / importance,每份（10 题，10 个小题）,360,question_bank/sources/expanded_productive.py,需要同义改写、复合句理解或联系相邻信息，不能只匹配一个关键词。 以给定对话目的限定语义；接受已经逐条审阅的状语位置或从句换序。 The noun 'importance' takes 'of' followed by a gerund phrase.,读懂：讲课者强调独立核查资料来源的重要性，不是只要求多收集来源。 解析：the importance of 是“……的重要性”，of 后用 checking sources 表示“核查来源”这件事，不加入干扰块 to。independently 是“独立地”，说明核查方式；参考接受它放 checking 前，也接受放 sources 后，不能断言只有句尾才对。,2026-09-27
W68,writing,build_sentence,Several first-year students contributed useful ideas at the meeting.,困难,疑问句与从句结构 / 词序与语境,discussed / meeting / first-year,每份（10 题，10 个小题）,360,question_bank/sources/expanded_productive.py,Which of the ideas is the subject; discussed at the meeting modifies ideas. The preceding utterance supplies a natural communicative purpose.,读懂：会议讨论过的那些想法中，哪些来自一年级学生？问的是想法的提出者。 解析：Which of the ideas 是要找的“哪些想法”，discussed at the meeting 紧跟它，说明讨论范围；came from first-year students 才是主要动作和来源。did 是干扰，因为这里用“哪些想法”直接作 came 的主角，不是 did 加 came。discussed 也不是本句主要的提问动作。,2026-09-27
W69,writing,build_sentence,Our workshop begins early on Friday morning.,适中,疑问句与从句结构 / 词序与语境,materials / delivered / before,每份（10 题，10 个小题）,360,question_bank/sources/expanded_productive.py,A modal passive question places 'could' before the subject. The preceding utterance supplies a natural communicative purpose.,读懂：研讨会周五一早开始，你问材料能否在活动开始前送达。 解析：Could 放句首表示礼貌询问可能性，the materials 后接 be delivered（被送达），因为材料是被人送来的。are 是多余块，不能写成 could materials are delivered。before the workshop begins 表示“活动开始前”，begins 已固定在句尾，不需要另外加未来词。,2026-09-27
W70,writing,build_sentence,Explain what you tested instead of repeating the whole experiment.,困难,句子结构 / 词序与从句,experiment / uncertain / measurement,每份（10 题，10 个小题）,360,question_bank/sources/expanded_productive.py,需要处理抽象关系、限制条件、隐含态度或更复杂句法，并排除同主题的近似解释。 以给定对话目的限定语义；接受已经逐条审阅的状语位置或从句换序。 The opening phrase contrasts a broad action with a focused alternative.,读懂：我们没有重做整个实验，而是只把不确定的那项测量重新测了一次，强调缩小复查范围。 解析：rather than repeat the whole experiment 是“而不是重复整个实验”，整块不可拆。we tested the uncertain measurement 才是实际做的事；again 指重测，可放对象后，参考也接受放 tested 前。对照短语可以在句首或句尾，但不能把它误读成两件事都做了。,2026-09-27
W71,writing,write_email,"Your project group reserved a room for a presentation rehearsal. The room’s screen is broken, and your presentation depends on showing visual material to the whole group. You would like the coordinator to help without assuming that any room will meet your needs.",适中,沟通目的与语域 / 组织与具体细节,room / screen / rehearsal,每份（1 题，1 个小题）,420,question_bank/sources/expanded_productive.py,"Coordinate a realistic situation, recipient-appropriate tone, and three requested communicative actions within the existing seven-minute task.",读懂：小组排练展示时发现预订房间的屏幕坏了。写给房间协调员，明确预约与故障、所需设备或房间条件，再提出可行替代方案。 解析：范文说明详细图表需供全组观看，提出六人空间、可晚一小时及借便携投影仪的备选，并给出通知小组所需的回复时间。rehearsal 是“正式展示前的排练”。只要求随便换房会忽略屏幕和容量，不一定解决实际问题。,2026-09-27
W72,writing,write_email,You registered for library training because you need to use its resources for a course project. A required class now takes place at the same time as the training. You do not want to miss the training entirely and can attend at other times.,适中,沟通目的与语域 / 组织与具体细节,training / class / session,每份（1 题，1 个小题）,420,question_bank/sources/expanded_productive.py,"Coordinate a realistic situation, recipient-appropriate tone, and three requested communicative actions within the existing seven-minute task.",读懂：图书馆培训与必修课撞时间，但你仍需培训来做课程项目。写信解释冲突、请求其他完成方式，并给出可参加的时段。 解析：范文说明研究数据库培训的重要性，列周三下午及周五上午的空档，再询问其他场次、候补或同等录播教学。availability 是“有空的时间”。只取消原报名或笼统说另找时间，会漏掉继续完成培训和可安排时段。,2026-09-27
W73,writing,write_email,A campus service webpage lists opening hours that do not match the information at the service desk. You relied on the webpage and were unable to complete an important visit. You want the manager to check the discrepancy and prevent similar problems.,适中,沟通目的与语域 / 组织与具体细节,hours / website / update,每份（1 题，1 个小题）,420,question_bank/sources/expanded_productive.py,"Coordinate a realistic situation, recipient-appropriate tone, and three requested communicative actions within the existing seven-minute task.",读懂：服务网页与柜台开放时间不一致，你据网页跑了一趟却没办成重要事项。写给经理指出冲突、说明影响，并要求确认正确时间及更新信息。 解析：范文对照网页六点、门口四点，再讲五点到达取不到录音机影响周末工作，且用“若门口信息正确”请求改网页，避免未经核实就断言哪方错。discrepancy 是“信息不一致”，不是服务人员故意误导。,2026-09-27
W74,writing,write_email,"A guest lecturer presented an idea that may be useful for your class project. You would like to read more, but you are not an expert in the lecturer’s field. A focused request would help the lecturer recommend a source at the right level.",适中,沟通目的与语域 / 组织与具体细节,lecture / reading / urban,每份（1 题，1 个小题）,420,question_bank/sources/expanded_productive.py,"Coordinate a realistic situation, recipient-appropriate tone, and three requested communicative actions within the existing seven-minute task.",读懂：客座讲座中的一个观点与你的项目有关，你想继续阅读但不是该领域专家。写信提具体观点、联系个人项目，并请求符合自己基础的读物。 解析：范文选城市湿地水流与植被同样重要的观点，联系公园池塘与雨水径流研究，再交代懂基础生态、缺工程知识，求解释术语的入门材料。introductory 是“入门的”。只请推荐好书却不说兴趣和程度，会让对方难选。,2026-09-27
W75,writing,write_email,Your student club is preparing an event and needs additional volunteers. Classmates may be willing to help but do not yet know what the work involves or how much time they would need to give. You are coordinating the invitation.,简单,沟通目的与语域 / 组织与具体细节,volunteers / event / sign,每份（1 题，1 个小题）,420,question_bank/sources/expanded_productive.py,"Coordinate a realistic situation, recipient-appropriate tone, and three requested communicative actions within the existing seven-minute task.",读懂：社团活动缺志愿者，要向同学说明活动和需帮忙时间、工作职责与准备培训，以及怎样报名和提供什么信息。 解析：范文介绍面向学校学生的科学活动，列指导实验、整理材料和引导访客的职责，说明提供简短培训，再请周三前回复可服务全程或部分时段。sign up 是“报名”。只说欢迎帮忙而不说要做什么、待多久，无法让同学决定。,2026-09-27
W76,writing,write_email,"A textbook you ordered has arrived with pages missing. You need the book for your course, so waiting without knowing what will happen is a problem. You have purchase information that will help the bookstore locate your order and resolve the issue.",适中,沟通目的与语域 / 组织与具体细节,textbook / pages / replacement,每份（1 题，1 个小题）,420,question_bank/sources/expanded_productive.py,"Coordinate a realistic situation, recipient-appropriate tone, and three requested communicative actions within the existing seven-minute task.",读懂：新买教材缺页，课程很快要用。写给书店说明缺哪些页与购买信息、为什么须及时处理，并提出换书或其他合适补救。 解析：范文提供缺页范围、订单号和收据照片，说明下周要读该章，提议到校内店取检查过的替换本，并问退回残书的办法。replacement copy 是“替换的一本”。只说书不好或要求道歉，不足以定位订单及解决上课需要。,2026-09-27
W77,writing,write_email,You are considering possible research projects and would like to understand the work of a university laboratory before choosing. You want to ask the supervisor whether a short observation visit would be possible without interfering with the team’s research or safety procedures.,适中,沟通目的与语域 / 组织与具体细节,lab / project / visit,每份（1 题，1 个小题）,420,question_bank/sources/expanded_productive.py,"Coordinate a realistic situation, recipient-appropriate tone, and three requested communicative actions within the existing seven-minute task.",读懂：选研究项目之前，想去相关实验室短暂旁观。给负责人说明兴趣与该实验室的关系、希望了解什么、可用时间，并尊重研究和安全限制。 解析：范文把植物缺水反应与实验室根系研究联系起来，询问观察日常方法和初学者准备，提供两个空档，承诺遵守安全规定并接受部分活动不开放。observe 是“旁观”，不等于获准直接操作实验设备。,2026-09-27
W78,writing,write_email,"You have noticed that lights in your residence building remain on at full brightness even when there is substantial daylight. You think a small adjustment might save energy, but you know that safe access must be maintained for everyone using the building.",困难,沟通目的与语域 / 组织与具体细节,lights / housing / safety,每份（1 题，1 个小题）,420,question_bank/sources/expanded_productive.py,"Coordinate a realistic situation, recipient-appropriate tone, and three requested communicative actions within the existing seven-minute task.",读懂：宿舍白天采光充足，灯仍全亮。给管理员描述具体位置与观察，提节能调整或试行方案，并说明如何维持安全通行。 解析：范文限定玻璃门厅，建议检查定时或日光传感设置，强调不关楼梯间照明，再试调门厅亮度、收住户反馈。trial 是“试行”，不是直接保证节电且完全无风险。只要求全楼关灯会违背安全条件。,2026-09-27
W79,writing,write_email,"Your study group has arranged a meeting, but you can no longer attend. You have already completed part of the work the group expects from you. You want your absence to cause as little difficulty as possible and to stay informed about decisions.",适中,沟通目的与语域 / 组织与具体细节,meeting / notes / group,每份（1 题，1 个小题）,420,question_bank/sources/expanded_productive.py,"Coordinate a realistic situation, recipient-appropriate tone, and three requested communicative actions within the existing seven-minute task.",读懂：无法参加已约好的学习小组会议，但你已完成部分任务。写信交代缺席原因、分享自己的成果，并安排补上信息与后续工作。 解析：范文因必修实验延长请假，发送抽样方法笔记和练习题，请同伴批注、发来答案与计划，并提周五短通话补缺。contribution 是“你已做出的那部分工作”。只请人转述会议却不交出完成内容，会让小组仍无法使用你的贡献。,2026-09-27
W80,writing,write_email,"Your department is reviewing its orientation program and has asked students for suggestions. Thinking about your own experience, you have identified a change that could help new students. The coordinator wants an idea that can be put into practice with available resources.",适中,沟通目的与语域 / 组织与具体细节,orientation / students / tour,每份（1 题，1 个小题）,420,question_bank/sources/expanded_productive.py,"Coordinate a realistic situation, recipient-appropriate tone, and three requested communicative actions within the existing seven-minute task.",读懂：院系征集迎新改进意见。用自己的经历提出一个具体变化，说明它解决新生什么困难，并给出利用现有资源的实施或试验办法。 解析：范文发现听完介绍仍找不到服务地点，于是建议学长带小组实地走四个地点、每站讲使用场景，借现有志愿者和路线图在半小时内完成。orientation 是“新生入门介绍”，不只是迎新表演。只说多办活动不够具体。,2026-09-27
W81,writing,write_email,You are preparing a class project that would benefit from photographs of objects in a museum. You do not know whether the museum permits photography or allows students to include images in coursework. You want permission before making plans for your visit.,适中,沟通目的与语域 / 组织与具体细节,photographs / museum / permission,每份（1 题，1 个小题）,420,question_bank/sources/expanded_productive.py,"Coordinate a realistic situation, recipient-appropriate tone, and three requested communicative actions within the existing seven-minute task.",读懂：课程项目想拍博物馆物件，但拍摄及在作业中使用图片是否获准都未知。写信说明项目与对象、照片用途，并询问许可和限制。 解析：范文说明家庭用品与地方历史的关系，限定只在课堂展示、不公开商用，再问具体展品限制，提出无闪光、不拍其他访客及获准图片的备选。permission 是“许可”，自称非商业用途不等于自动有权拍摄。,2026-09-27
W82,writing,write_email,A volunteer shift has fewer people available than expected. You are concerned that the remaining volunteers may not be able to complete the work safely and efficiently. You want to alert the coordinator and help find a temporary solution rather than simply complain.,适中,沟通目的与语域 / 组织与具体细节,volunteers / shift,每份（1 题，1 个小题）,420,question_bank/sources/expanded_productive.py,"Coordinate a realistic situation, recipient-appropriate tone, and three requested communicative actions within the existing seven-minute task.",读懂：志愿班次人手不足，可能影响效率和安全。写给协调员说明困难及后果，提一个现实临时办法，并说你能具体帮什么。 解析：范文用两人兼顾整理捐赠和接待导致排队的情况说明压力，建议忙时让早班重叠一小时，自己准备优先任务清单和培训新人。overlap 指“两班部分时间重合”。只批评排班或要求所有人加一整班，不如针对高峰期安排具体。,2026-09-27
W83,writing,write_email,You found a notebook in a seminar room after class. You want to contact the owner through the class mailing list without sharing private contents or making it easy for someone else to claim the notebook. You can keep it safe temporarily.,简单,沟通目的与语域 / 组织与具体细节,notebook / seminar / collect,每份（1 题，1 个小题）,420,question_bank/sources/expanded_productive.py,"Coordinate a realistic situation, recipient-appropriate tone, and three requested communicative actions within the existing seven-minute task.",读懂：你在研讨室捡到笔记本，要通过班级邮件寻找失主，又要保护内容隐私并防止冒领。需给识别特征、验证办法和安全归还安排。 解析：范文公开颜色、带子和找到的位置，却只说有贴纸，不公开贴纸细节，让认领者私下描述；再给本人交还或系办公室代存的办法。confirm 指“确认归属”。若把内部笔记和全部细节广播出去，就失去验证依据。,2026-09-27
W84,writing,write_email,"Your course includes a field activity, but one part of the planned route or procedure presents an accessibility barrier for you. You want to participate in the learning rather than simply be excused. Your instructor may be able to arrange an alternative.",困难,沟通目的与语域 / 组织与具体细节,field / accessible / observation,每份（1 题，1 个小题）,420,question_bank/sources/expanded_productive.py,"Coordinate a realistic situation, recipient-appropriate tone, and three requested communicative actions within the existing seven-minute task.",读懂：野外课程路线或流程有你无法安全使用的部分。给教师说明相关障碍、请求替代安排，并解释如何仍达到学习目标，不是申请免学。 解析：范文只交代不平整长阶梯的通行困难，提出在可达河段观察流况与土地使用，并用照片和同伴记录补看不能到的部分，再请教师确认符合要求。learning objectives 是“学习目标”；无需透露无关个人病史。,2026-09-27
W85,writing,write_email,"You are organizing a student panel and would like to invite a local researcher whose work relates to the topic. The researcher will need to understand the audience, the expected contribution, and the time commitment before deciding whether to take part.",适中,沟通目的与语域 / 组织与具体细节,panel / research,每份（1 题，1 个小题）,420,question_bank/sources/expanded_productive.py,"Coordinate a realistic situation, recipient-appropriate tone, and three requested communicative actions within the existing seven-minute task.",读懂：你想邀本地研究者参加学生座谈。信中须交代主题与听众、希望对方做什么及花多久，并邀请回复、提供更多信息。 解析：范文把听众定为初做独立研究的本科生，邀请研究者用十分钟讲社区交通项目，再参加二十分钟讨论，还交代时间与线上参加可能。panel 是“多人座谈”，不等于请对方独讲整场。只写欢迎莅临不足以让研究者判断投入。,2026-09-27
W86,writing,write_email,"While editing a shared project document, you accidentally replaced some of the group’s work. You have begun checking whether earlier versions can be recovered. You want to tell your teammates promptly, take responsibility, and avoid a similar problem during future edits.",适中,沟通目的与语域 / 组织与具体细节,document / backup / version,每份（1 题，1 个小题）,420,question_bank/sources/expanded_productive.py,"Coordinate a realistic situation, recipient-appropriate tone, and three requested communicative actions within the existing seven-minute task.",读懂：你误覆盖了小组共享文档，已开始查找旧版本。要及时说明经过和受影响内容、汇报或提出恢复步骤，再建议防止重演。 解析：范文直接认错，说明已恢复最近完整稿，但仍请组员核对最后修改，把新文字单独存放后再合并，并建议只改负责段落、重大修订前做备份。version history 是“历史版本”。只道歉不交代恢复状态，或未核对就保证没损失，都不利于协作。,2026-09-27
W87,writing,write_email,Some members of your student club commute and have difficulty attending the current meeting time. Other members have schedules that also need to be considered. You want to propose a fair change to the leader rather than assume one arrangement suits everyone.,困难,沟通目的与语域 / 组织与具体细节,commuters / meeting / schedule,每份（1 题，1 个小题）,420,question_bank/sources/expanded_productive.py,"Coordinate a realistic situation, recipient-appropriate tone, and three requested communicative actions within the existing seven-minute task.",读懂：通勤社员难以参加现有会议时间，但其他人也有课。给负责人说明通勤困难、提出具体改时方案，并回应其他成员的顾虑。 解析：范文说明晚会结束赶不上方便的火车，提议隔周提前到六点、保留部分晚场，兼顾下午有课者，并用提前发议程和试行调查检查效果。alternate weeks 是“隔周”，不是所有会议都改。只按自己方便定时间，违背公平考虑。,2026-09-27
W88,writing,write_email,"After submitting an application, you noticed that one detail was incorrect. You do not want to submit a second application and create confusion. You have the application information and the correct detail available so the office can advise you.",适中,沟通目的与语域 / 组织与具体细节,application / correction / date,每份（1 题，1 个小题）,420,question_bank/sources/expanded_productive.py,"Coordinate a realistic situation, recipient-appropriate tone, and three requested communicative actions within the existing seven-minute task.",读懂：已提交的申请有一处信息错误，你不想重复提交造成混乱。写信标明申请与错项、提供正确信息，并问如何办理更正。 解析：范文用姓名与申请编号定位，将原填的最早开始日期与正确日期直接对照，说明其余信息不变，再问办公室可代改还是要走更正表。correction 是“更正”，不是重新申请。只说日期错了却不列正确值，工作人员无法处理。,2026-09-27
W89,writing,write_email,A local organization provided information or assistance for your class project. You have now completed the work and want the organization to know that its contribution was useful. You would also like to share the result without assuming the staff want a large attachment.,简单,沟通目的与语域 / 组织与具体细节,project / report / thank,每份（1 题，1 个小题）,420,question_bank/sources/expanded_productive.py,"Coordinate a realistic situation, recipient-appropriate tone, and three requested communicative actions within the existing seven-minute task.",读懂：本地机构曾支持课程项目，项目已完成。写信感谢并说明帮助怎样被使用、分享具体成果，再询问是否需要报告或其他跟进，别直接塞大附件。 解析：范文说明志愿者访谈让小组意识到家庭需要灵活时间，因而改进问卷，最终建议保留晚间阅读活动并加提醒系统，再主动提供去除身份信息的报告。outcome 是“具体成果”，不能只说我们完成了项目。,2026-09-27
W90,writing,write_email,A delivery left at your apartment is addressed to someone in another apartment. You have kept the package unopened and want the delivery service to arrange the correction. You cannot remain at home all day waiting for someone to collect it.,简单,沟通目的与语域 / 组织与具体细节,package / delivery / collection,每份（1 题，1 个小题）,420,question_bank/sources/expanded_productive.py,"Coordinate a realistic situation, recipient-appropriate tone, and three requested communicative actions within the existing seven-minute task.",读懂：送到你家的包裹实际属于另一公寓，仍未拆封。写给配送服务说明误投和定位信息、请求取回或安全纠正，并提供可行交接时间或方式。 解析：范文对照两个公寓号并给运单号，说明未拆封，提出明早可在家或交有人值守的前台，并请确认后再移交。handover 是“交接”。只说地址错了难定位；让包裹随意放走廊也不符合安全要求。,2026-09-27
W91,writing,write_email,"You have prepared an early outline for an essay and would like advice before developing the full draft. Your instructor cannot review every detail at this stage, so you want to identify the part of your argument that most needs clarification.",适中,沟通目的与语域 / 组织与具体细节,outline / argument / feedback,每份（1 题，1 个小题）,420,question_bank/sources/expanded_productive.py,"Coordinate a realistic situation, recipient-appropriate tone, and three requested communicative actions within the existing seven-minute task.",读懂：论文只有初步提纲，你想在写全文前请教，但教师没时间逐处修改。信中概括论点、指出一个具体疑点，并请求能推进写作的聚焦建议。 解析：范文先说廉价印刷品易丢失，使现存馆藏不能代表过去全部阅读，再指出比较材料范围可能太广，问该聚焦一个城市还是一类印刷品。scope 是“讨论范围”。只附提纲让老师看看，没说明最需要的帮助。,2026-09-27
W92,writing,write_email,The campus café has invited suggestions from its customers. You have noticed a problem that a small change could address without redesigning the whole service. You want to explain who would benefit and propose a manageable way to test your idea.,适中,沟通目的与语域 / 组织与具体细节,café / menu / trial,每份（1 题，1 个小题）,420,question_bank/sources/expanded_productive.py,"Coordinate a realistic situation, recipient-appropriate tone, and three requested communicative actions within the existing seven-minute task.",读懂：咖啡店征集小改进，要求说明改什么、哪些顾客怎样受益，并设计有限试行和评估，不是全面重做服务。 解析：范文建议在菜单旁列三明治配料，帮助有饮食限制的顾客并减少排队询问；先选三款试两周，再问员工是否减少重复问题，配方变时更新。ingredient list 是“配料表”。范文仍让严重过敏者向员工确认，不把简表当安全保证。,2026-09-27
W93,writing,write_email,"Your study partner has missed several sessions you arranged together. This has affected your preparation, but you do not know why the sessions were missed. You want to discuss a workable arrangement while keeping the message respectful and open to an explanation.",困难,沟通目的与语域 / 组织与具体细节,sessions / schedule / study,每份（1 题，1 个小题）,420,question_bank/sources/expanded_productive.py,"Coordinate a realistic situation, recipient-appropriate tone, and three requested communicative actions within the existing seven-minute task.",读懂：学习搭档多次爽约，影响你的准备，但原因未知。写信说明影响、开放询问对方情况，再提出双方可讨论的新安排。 解析：范文具体说在图书馆白等，询问原时间是否仍可行，给较短线上会面及当天互相确认的办法，保留关系而非指责。without making assumptions 是“不先认定原因”。可以体谅忙碌，但不能直接断言对方不重视学习或故意失约。,2026-09-27
W94,writing,write_email,"Your department would like to keep a student exhibition open longer than planned, but some of its materials are borrowed. The owner may need them back on the agreed date. You want permission for an extension and are prepared to use an alternative.",适中,沟通目的与语域 / 组织与具体细节,exhibition / materials / return,每份（1 题，1 个小题）,420,question_bank/sources/expanded_productive.py,"Coordinate a realistic situation, recipient-appropriate tone, and three requested communicative actions within the existing seven-minute task.",读懂：学生展览想延长，但借来的材料原定该还。给物主说明延期原因、新归还日期与保管措施，并提供必须按时还原件时的替代方案。 解析：范文以接待学校团体为由，提出延借地图，继续锁柜和原照明条件；如物主要原件，就按时还并用标明为复制品的材料续展。loan 是“借用”，不是购买。只说展览重要而不谈物主需要和保管，会遗漏关键义务。,2026-09-27
W95,writing,write_email,"You missed a scheduled class presentation because you were ill. Your presentation materials are ready, and you would like to complete the work responsibly. You need to ask the instructor about another opportunity without assuming that the original assessment requirements will be waived.",适中,沟通目的与语域 / 组织与具体细节,presentation / illness / requirements,每份（1 题，1 个小题）,420,question_bank/sources/expanded_productive.py,"Coordinate a realistic situation, recipient-appropriate tone, and three requested communicative actions within the existing seven-minute task.",读懂：因病错过已排定的课堂展示，材料已准备好。给教师简述缺席、提出补做时间或方式，并问如何达到与同学相同的要求。 解析：范文提出下次课开头或办公时间展示，特别询问问答环节如何补齐，愿先发幻灯片并提供规定的证明。make-up presentation 是“补做展示”。只求交幻灯片代替全部考核，可能漏掉展示和问答要求；不要默认因病就免除它们。,2026-09-27
W96,writing,write_email,"Your project group is preparing a survey for other students. One draft question combines ideas that respondents might evaluate differently, so a single answer may be hard to interpret. You want to raise the concern before the survey is distributed.",困难,沟通目的与语域 / 组织与具体细节,survey / question / test,每份（1 题，1 个小题）,420,question_bank/sources/expanded_productive.py,"Coordinate a realistic situation, recipient-appropriate tone, and three requested communicative actions within the existing seven-minute task.",读懂：问卷一道题把可能被不同评价的两个想法混在一起。给组员指出哪题与解释问题、建议清晰改写，并提发放前的小检查。 解析：范文把公交“便宜且可靠”拆开：受访者可能认同价格却不认同准时，单一答案无法解释，于是分问可负担程度和准点情况，再找三位同学试答。wording 是“措辞”。只说问题太长而没拆清含义，未解决核心。,2026-09-27
W97,writing,write_email,"You registered for a seminar, but the confirmation message lists a different session from the one you selected. The listed session conflicts with another commitment. You want the organizer to check your registration and help you find a workable arrangement.",适中,沟通目的与语域 / 组织与具体细节,registration / session / confirmation,每份（1 题，1 个小题）,420,question_bank/sources/expanded_productive.py,"Coordinate a realistic situation, recipient-appropriate tone, and three requested communicative actions within the existing seven-minute task.",读懂：研讨会确认信列错场次，新列时段与你的安排冲突。写信定位报名、说明原选场次与时间限制，请求纠正并询问必要的备选。 解析：范文给确认号和报名日期，对照原选上午、收到下午，说明必修课冲突，再求恢复上午或候补及之后同等场次。confirmation 是“确认通知”，不是必须接受的不可更改结果。只要求取消会偏离仍希望完成培训的目的。,2026-09-27
W98,writing,write_email,"Several students would like to run a short peer workshop on a skill useful for their coursework. You are willing to help organize it, but you need departmental permission to use a suitable room. The department will want to know how the session will be managed.",适中,沟通目的与语域 / 组织与具体细节,workshop / room / students,每份（1 题，1 个小题）,420,question_bank/sources/expanded_productive.py,"Coordinate a realistic situation, recipient-appropriate tone, and three requested communicative actions within the existing seven-minute task.",读懂：学生想办短时同伴技能工作坊，需要院系批准房间。写明主题与对象、所需场地时间，并说明怎样负责任地组织。 解析：范文以整理研究引用为主题，请一小时机房，限制十二人、提前发准备说明、用后复原，并说明只是补充图书馆正式培训，复杂问题交工作人员。peer workshop 是“同学之间带领的练习课”。只报活动名称不说明管理，很难获批。,2026-09-27
W99,writing,write_email,"While reviewing a class handout, you notice a possible error in one example. You may have misunderstood the explanation, so you want to ask rather than simply announce that the material is wrong. The example matters for an assignment you are preparing.",困难,沟通目的与语域 / 组织与具体细节,handout / figure / clarification,每份（1 题，1 个小题）,420,question_bank/sources/expanded_productive.py,"Coordinate a realistic situation, recipient-appropriate tone, and three requested communicative actions within the existing seven-minute task.",读懂：课堂讲义例子可能有错，也可能是你误解。写信定位问题、说明自己的推理，并求澄清或更正以继续完成作业。 解析：范文指出表格百分比合计为一百一十，而文字像在说互不重叠的组别，于是问是笔误还是可以多选，而非断言教师算错。mutually exclusive 是“不能同时属于两个类别”。如果类别可重叠，总和超百本身未必错误。,2026-09-27
W100,writing,write_email,Your local library has invited ideas for community events. You have an activity in mind that would interest a particular audience and could use the library’s resources. The events team needs enough information to judge whether the proposal is practical.,适中,沟通目的与语域 / 组织与具体细节,library / event / maps,每份（1 题，1 个小题）,420,question_bank/sources/expanded_productive.py,"Coordinate a realistic situation, recipient-appropriate tone, and three requested communicative actions within the existing seven-minute task.",读懂：向本地图书馆提社区活动，须说明面向谁、目的是什么、参与者具体做什么，以及所需物资和组织支持。 解析：范文让青少年及成人比较不同时代的社区地图，讨论道路和地名变化；列会议室、复制地图、投影仪，并由写信人与员工共同带领。reproductions 是“复制品”，能便于标注又保护原件。只报活动名或泛说增进交流，无法判断可行性。,2026-09-27
W101,writing,write_email,"Repair work in your residence building has been noisy while you are preparing for an online examination. You know the work may be necessary, but you need to plan a period of uninterrupted practice. The housing office may be able to suggest an arrangement.",适中,沟通目的与语域 / 组织与具体细节,noise / repair / schedule,每份（1 题，1 个小题）,420,question_bank/sources/expanded_productive.py,"Coordinate a realistic situation, recipient-appropriate tone, and three requested communicative actions within the existing seven-minute task.",读懂：宿舍维修噪声影响线上考试准备，但维修可能必要。写给住宿办公室说明冲突、询问施工安排，并请求能安心练习的实际办法。 解析：范文给出听力练习的具体一小时，先问是否会钻孔，再提若不能暂停可借安静房间，自带电脑耳机，只需桌子和稳定网络。uninterrupted 是“不受打断的”。只要求整项工程停工，没有考虑维修需要，也没提供可协调条件。,2026-09-27
W102,writing,write_email,"You are doing a student project and believe a local organization may already collect useful information. You do not need personal records, and you want to avoid creating unnecessary work for its staff. You would like to request suitable data respectfully.",困难,沟通目的与语域 / 组织与具体细节,data / project,每份（1 题，1 个小题）,420,question_bank/sources/expanded_productive.py,"Coordinate a realistic situation, recipient-appropriate tone, and three requested communicative actions within the existing seven-minute task.",读懂：课程项目想借用本地机构已有信息，但不需要个人档案，也不想增加工作人员负担。说明项目和所需数据、排除身份信息，并愿署明来源、分享有用结果。 解析：范文请求已有的全年每月花园访问总数，用于季节比较，明确不要姓名或个人签到，接受计数方法等限制，愿回传简报。non-identifying data 是“不含可识别个人信息的数据”。不能只说研究用途就索取全部记录。,2026-09-27
W103,writing,write_email,"You would like to review course material with a classmate before an upcoming quiz. A focused session could help both of you identify gaps, but you have not yet agreed on a plan. You want to suggest a practical arrangement and preparation.",简单,沟通目的与语域 / 组织与具体细节,study / session / questions,每份（1 题，1 个小题）,420,question_bank/sources/expanded_productive.py,"Coordinate a realistic situation, recipient-appropriate tone, and three requested communicative actions within the existing seven-minute task.",读懂：测验前邀请同学一起复习，要交代目标、可协调的时间地点，以及双方各准备什么，不能只是问一起学习吗。 解析：范文提出一小时生态复习，各带三道需解释的问题，轮流脱稿回答后查书补缺，并分担植物土壤与传粉主题，允许改约周末。prepare 指“提前准备”。只定见面地点却没有分工，可能让会面缺少重点。,2026-09-27
W104,writing,write_email,You registered for a conference and noticed that the fee appears twice in your payment record. You intended to register only once. Registration support will need enough information to locate both charges without confusing your request with a cancellation.,适中,沟通目的与语域 / 组织与具体细节,fee / payment / refund,每份（1 题，1 个小题）,420,question_bank/sources/expanded_productive.py,"Coordinate a realistic situation, recipient-appropriate tone, and three requested communicative actions within the existing seven-minute task.",读懂：会议报名费似乎被扣了两次，你只报一次而仍要参加。给支持人员说明重复记录与报名信息、提供支付线索，并请求纠正且保留名额。 解析：范文给报名号、两笔金额和相近时间，提供遮去无关信息的收据，请核实后退重复款，明确不取消会议和海报展示。duplicate charge 是“重复扣费”，不等于要求退全部费用。漏说继续参会，容易造成误会。,2026-09-27
W105,writing,write_email,Visitors often seem confused at a particular point inside a campus building. You have noticed that the signs do not clearly show where an important service or room is located. You want facilities staff to consider a specific improvement to the directions.,适中,沟通目的与语域 / 组织与具体细节,signs / building / entrance,每份（1 题，1 个小题）,420,question_bank/sources/expanded_productive.py,"Coordinate a realistic situation, recipient-appropriate tone, and three requested communicative actions within the existing seven-minute task.",读懂：校内建筑某处分流指示不清，访客找不到重要服务。写给设施团队定位困惑点、说明谁怎样迷路，并提出清楚且放对位置的标牌。 解析：范文说明语言中心接待台在转角下层，新生见走廊空就以为无人值守，建议门对面和电梯旁设方向牌、标无障碍路线，先用临时纸牌试位置与措辞。directional sign 是“方向指示牌”。只写多加标牌，不说明去哪和放哪，难执行。,2026-09-27
W106,writing,write_email,"Your group project has reached a stage where the existing division of work no longer seems balanced. You want to discuss a change before the deadline becomes a problem. Your teammates may have different schedules and strengths, so agreement is important.",困难,沟通目的与语域 / 组织与具体细节,group / tasks / analysis,每份（1 题，1 个小题）,420,question_bank/sources/expanded_productive.py,"Coordinate a realistic situation, recipient-appropriate tone, and three requested communicative actions within the existing seven-minute task.",读懂：项目当前分工已不均衡，需在临近截止前与队友商量。信中指出担忧、提出具体公平分配，并邀请按各人时间与长处调整。 解析：范文说明数据分析比引言和排版耗时，单人负责会成进度瓶颈，建议拆成核查数据与解释结果，自己承担表格核查，最后全组复审其他工作。bottleneck 是“拖住整体进度的瓶颈”。公平不是每人任务名称数量一样。,2026-09-27
W107,writing,write_email,A mentor recently gave you advice before an interview. You have now had an opportunity to use that advice and want to explain how it helped. You would also like to keep the mentor informed about what you plan to do next.,简单,沟通目的与语域 / 组织与具体细节,interview / advice / example,每份（1 题，1 个小题）,420,question_bank/sources/expanded_productive.py,"Coordinate a realistic situation, recipient-appropriate tone, and three requested communicative actions within the existing seven-minute task.",读懂：导师曾给面试建议，你已实践。写信感谢并点明建议、说明怎样使用和产生什么效果，再交代下一步计划。 解析：范文把每项能力配具体例子的建议用于讲小组补救错过截止日的经历，比只说善合作更清楚；结果是能回答追问，而不是宣称已拿到实习，随后计划计时练更简短的开头。follow-up question 是“追问”。只感谢有帮助会显得空泛。,2026-09-27
W108,writing,write_email,"An educational video assigned in your course is difficult for you to follow without captions. You want to complete the learning task, not avoid it. The course team may be able to add captions or provide another resource that preserves the important content.",适中,沟通目的与语域 / 组织与具体细节,video / captions / transcript,每份（1 题，1 个小题）,420,question_bank/sources/expanded_productive.py,"Coordinate a realistic situation, recipient-appropriate tone, and three requested communicative actions within the existing seven-minute task.",读懂：课程视频没有字幕很难跟上，但你仍想完成学习。给课程团队说明困难、请求字幕或适当支持，并提字幕暂时做不出时的替代材料。 解析：范文说声音弱、术语不熟，求字幕或核查过的文字稿，暂时可给幻灯片与词表，并愿标出听不清的时间点。captions 是“视频字幕”，transcript 是“文字稿”。只要求免看视频就失去保留学习内容的目的。,2026-09-27
W109,writing,write_email,"Your class would benefit from seeing how work is carried out in a local organization. You would like to ask the manager about a short visit, but you understand that visitors could interrupt normal operations. Your proposal should be limited and practical.",困难,沟通目的与语域 / 组织与具体细节,visit / students / workplace,每份（1 题，1 个小题）,420,question_bank/sources/expanded_productive.py,"Coordinate a realistic situation, recipient-appropriate tone, and three requested communicative actions within the existing seven-minute task.",读懂：班级想短访本地机构了解实际工作，又不能干扰营业。写给经理说明学习目的、人数时长等有限安排，并表示尊重限制和愿协调。 解析：范文以六名学生了解自行车零件维修判断为目标，只求安静时段二十分钟讲解，不观察顾客、不未经许可拍照，若不便则线上交流。operational constraints 是“日常运营限制”。不能只说参观有趣却默认可自由进出工作区。,2026-09-27
W110,writing,write_email,"You have discovered that two courses required for your program overlap in the timetable. You need both courses to make progress, but you cannot attend both as currently scheduled. Your adviser may know about alternative sections or other acceptable arrangements.",适中,沟通目的与语域 / 组织与具体细节,courses / timetable / alternative,每份（1 题，1 个小题）,420,question_bank/sources/expanded_productive.py,"Coordinate a realistic situation, recipient-appropriate tone, and three requested communicative actions within the existing seven-minute task.",读懂：两门必修课同时上，都会影响学业进度。写给导师列课程与冲突、说明对学习计划的后果，并询问其他班次或下一步程序。 解析：范文具体说统计辅导课与环境方法实验同在周四上午，缺席会影响实践任务；已查到另一班满员，所以问候补、调课或联系负责人。overlap 是“时间重叠”。交替翘课并不能自然满足两门要求，也不应直接要求免修。,2026-09-27
W111,writing,academic_discussion,Professor: Students sometimes propose small research projects that fall outside their regular coursework. A university is considering a fund for these projects and must decide whether supporting beginners is a good use of a limited research budget. Should universities offer small grants for student-led research?,困难,立场与论证 / 回应不同观点,research / students / funding,每份（1 题，1 个小题）,600,question_bank/sources/expanded_productive.py,"Evaluate two developed, distinct arguments and add a supported contribution. The original question and the students' positions are retained.",读懂：有限研究经费是否应拨小额资助给学生自发项目？争论是初学者的实践学习价值与成熟研究的资金需要。 解析：范文有条件支持，以校园交通调查的问卷和计数说明小额钱能支持真实方法练习，再要求基本指导与公开短报告，强调说明局限，而非保证新手一定产出突破。student-led 是“学生主导的”。反对分散资金也可论证，不能只说研究重要。,2026-09-27
W112,writing,academic_discussion,"Professor: A city is considering restricting cars on streets immediately beside schools. The proposal aims to change conditions when children arrive and leave, but the same streets are also used by residents, deliveries, and people traveling elsewhere. Should cities introduce car-free streets near schools?",适中,立场与论证 / 回应不同观点,streets / schools / residents,每份（1 题，1 个小题）,600,question_bank/sources/expanded_productive.py,"Evaluate two developed, distinct arguments and add a supported contribution. The original question and the students' positions are retained.",读懂：学校周边是否应设禁车街道？要兼顾上放学步行安全、居民出入与交通可能转移，不是只谈汽车污染。 解析：范文建议仅上下学时段试行，安排有行动需要居民的通行，并观察车辆是否转到别处造成危险，以一个学期的结果再决定。car-free 在此是“限制汽车进入”，不能自动理解为所有人全天不能通行。不同方案也可支持。,2026-09-27
W113,writing,academic_discussion,"Professor: An instructor is deciding whether students may revise marked assignments for additional credit. Revision could make feedback more useful, but it would also change how students plan their first submissions and how often work must be assessed. Should students be allowed to revise assignments after feedback?",简单,立场与论证 / 回应不同观点,revision / feedback / learning,每份（1 题，1 个小题）,600,question_bank/sources/expanded_productive.py,"Evaluate two developed, distinct arguments and add a supported contribution. The original question and the students' positions are retained.",读懂：学生收到批改后能否修改作业争取更多学分？要看反馈能否转化为学习，也要考虑教师重复评阅和首次提交态度。 解析：范文允许主要作业修改一次，附改动说明，让教师关注证据和结构等核心问题，既回应学生只看分数，又限制无限重交。revision 是“修改后改进”，不只是改几个标点。赞成或反对都可以，不必把一次机会当通用规则。,2026-09-27
W114,writing,academic_discussion,"Professor: Public libraries increasingly consider services beyond traditional book lending. One town has proposed a collection of household tools that residents could borrow for occasional tasks, using space and staff time that must be shared with existing services. Should public libraries lend tools as well as books?",适中,立场与论证 / 回应不同观点,libraries / tools / maintenance,每份（1 题，1 个小题）,600,question_bank/sources/expanded_productive.py,"Evaluate two developed, distinct arguments and add a supported contribution. The original question and the students' positions are retained.",读懂：公共图书馆是否除了书也借出家用工具？共享可省钱减浪费，但占空间并需要维护和安全检查。 解析：范文有条件支持小范围试点，用偶尔用电钻的家庭说明需求，建议少量简单工具、明确说明、维修机构合作，并记录需求和维护时间，避免削弱原有服务。tool-lending 是“工具借用服务”。反对也可围绕资源能力提出理由。,2026-09-27
W115,writing,academic_discussion,"Professor: A university department wants assessments to reflect the kinds of work graduates will do with other people. It is considering more group projects, while students have raised questions about whether a shared mark represents individual learning fairly. Should university courses use more group assessments?",困难,立场与论证 / 回应不同观点,group / assessment / contribution,每份（1 题，1 个小题）,600,question_bank/sources/expanded_productive.py,"Evaluate two developed, distinct arguments and add a supported contribution. The original question and the students' positions are retained.",读懂：大学课程是否应增加小组考核？要考虑合作能力与共同成绩能否公平反映个人学习，不是只问愿不愿与朋友同组。 解析：范文在合作本身是目标时支持，并把共同报告与个人解释结合，让每人说明自己的决定、贡献和困难，回应“成品漂亮却分工不均”的问题。shared mark 是“共同成绩”。更多个人考核的立场也可成立，重点是理由与学习目标一致。,2026-09-27
W116,writing,academic_discussion,"Professor: A museum must protect fragile objects while helping visitors understand them. Staff are considering adding replicas that can be handled, alongside original objects that must stay behind glass. The change would require both space and explanation. Should museums display replicas that visitors can touch?",适中,立场与论证 / 回应不同观点,museums / replicas / objects,每份（1 题，1 个小题）,600,question_bank/sources/expanded_productive.py,"Evaluate two developed, distinct arguments and add a supported contribution. The original question and the students' positions are retained.",读懂：博物馆应否在玻璃保护的原件旁放可触摸复制品？要考虑触觉学习与可达性，也要回应复制品会不会分散对真品的关注。 解析：范文支持清楚标识的复制品，用陶罐形状、重量帮助理解原件，并区分已知特征和重建部分，让活动导向历史问题。replica 是“复制品”，不是把复制物冒充真品。其他立场也可以，但须解释如何达成理解而非只说好玩。,2026-09-27
W117,writing,academic_discussion,"Professor: Students in several programs want internships before graduation. One proposal is to offer placements during teaching terms rather than only during vacations, which could connect learning and work more closely but would add another weekly commitment. Should students complete internships during the academic year?",简单,立场与论证 / 回应不同观点,internships / study / experience,每份（1 题，1 个小题）,600,question_bank/sources/expanded_productive.py,"Evaluate two developed, distinct arguments and add a supported contribution. The original question and the students' positions are retained.",读懂：学生是否应在上课学期做实习？工作可联系课堂，也会增加通勤、准备和考试期负担，不能只比较有没有经验。 解析：范文支持有明确学习目标且工时有限的选择，要求可预测排班、督导交流和简短反思，并给繁忙学生暑期替代，而不是人人学期内必修。during term 是“学期中”。支持暑期优先也可成立，需说明学习与时间的联系。,2026-09-27
W118,writing,academic_discussion,Professor: A neighborhood has limited street space and little shade. Residents are discussing whether some parking spaces should become planting areas for trees. The proposal would affect people who walk through the area as well as people who drive there. Should neighborhoods replace some parking spaces with trees?,适中,立场与论证 / 回应不同观点,trees / parking / neighborhood,每份（1 题，1 个小题）,600,question_bank/sources/expanded_productive.py,"Evaluate two developed, distinct arguments and add a supported contribution. The original question and the students' positions are retained.",读懂：社区是否应把部分停车位改成种树区域？街道遮阴与步行舒适度，要和居民、商店及不便远走者的到达需求比较。 解析：范文支持审慎选点，先用很少被占的车位，保留必要装卸和无障碍停车，并考虑土壤、水和养护，避免以为种下就有收益。selected spaces 是“选定的部分车位”，不是取消全部停车。保留车位的立场也可论证。,2026-09-27
W119,writing,academic_discussion,"Professor: A university is deciding whether every lecture should be recorded by default. Recordings could be useful after class, but automatic recording might also change attendance patterns and the way instructors and students participate during the session. Should university lectures be recorded automatically?",简单,立场与论证 / 回应不同观点,recordings / lectures / students,每份（1 题，1 个小题）,600,question_bank/sources/expanded_productive.py,"Evaluate two developed, distinct arguments and add a supported contribution. The original question and the students' positions are retained.",读懂：大学是否应默认录制每节讲座？录播可复习补课，也可能改变出席和课堂参与，需提出自己的支持理由或顾虑。 解析：范文通常支持但保留隐私敏感讨论的例外，建议现场多做问答应用，并指导学生只回看难点后练习，把录像作为补充。automatically 是“默认自动录制”，不只是偶尔录一次。反对全面录制也能成立，不能把缺课风险当已经必然发生。,2026-09-27
W120,writing,academic_discussion,"Professor: Residents have proposed a regular event where volunteers help people repair household items. The town could provide a venue and publicity, but it must consider how this activity would relate to local businesses that charge for repair services. Should towns support repair cafés?",困难,立场与论证 / 回应不同观点,repair / skills / businesses,每份（1 题，1 个小题）,600,question_bank/sources/expanded_productive.py,"Evaluate two developed, distinct arguments and add a supported contribution. The original question and the students' positions are retained.",读懂：城镇应否提供场地宣传支持志愿维修活动？要兼顾减废和技能学习，也要考虑收费维修商家的经营。 解析：范文将 repair cafés 定位为“居民学习简单维修的活动”，复杂或涉及安全的工作转介专业商家，并邀请他们解释何时需要专业服务，强调互补而非替代全部收费维修。范文举例是讨论方案，不是允许无资质操作危险设备的指导。,2026-09-27
W121,writing,academic_discussion,"Professor: Students encounter many online sources when preparing university assignments. A department is considering introductory lessons on checking claims and tracing evidence, but some instructors think these skills should already be in place before students enter university. Should first-year courses include lessons on evaluating online sources?",适中,立场与论证 / 回应不同观点,sources / students / evidence,每份（1 题，1 个小题）,600,question_bank/sources/expanded_productive.py,"Evaluate two developed, distinct arguments and add a supported contribution. The original question and the students' positions are retained.",读懂：大学一年级课程是否应教如何评估网络来源？一方说会上网不等于会判断证据，另一方担心重复中学内容挤占专业课。 解析：范文支持结合真实作业教学，让学生比较原研究与新闻摘要，发现转述中改变了什么；短练习既建立标准，也能发现已有基础的差异。evaluating sources 是“判断资料可靠程度”，不是只学搜索。反对重复教学也可提出有针对性的替代。,2026-09-27
W122,writing,academic_discussion,"Professor: A university is examining ways to make travel to campus easier. One option is to provide public transport passes without a separate charge to students, funding the arrangement from a budget that also supports other student services. Should universities provide free public transport passes?",适中,立场与论证 / 回应不同观点,transport / passes / cost,每份（1 题，1 个小题）,600,question_bank/sources/expanded_productive.py,"Evaluate two developed, distinct arguments and add a supported contribution. The original question and the students' positions are retained.",读懂：大学是否应提供无需学生另付费的公交卡？经费会挤占其他服务，还要考虑谁实际能用到线路。 解析：范文不直接承诺全免费，而提优先帮助有经济需要者、协商折扣和试用，并提醒班次及覆盖有时比免小额票价更有用，补充已有争论。coverage 是“线路覆盖”。可以支持普遍免费或反对，但不能假定有卡就能到校。,2026-09-27
W123,writing,academic_discussion,Professor: A city has set aside money for small neighborhood improvements. It is considering letting residents vote on proposals rather than leaving all selections to officials. The challenge is to combine local knowledge with fair attention to different kinds of need. Should cities use public voting to choose small improvement projects?,困难,立场与论证 / 回应不同观点,voting / projects / residents,每份（1 题，1 个小题）,600,question_bank/sources/expanded_productive.py,"Evaluate two developed, distinct arguments and add a supported contribution. The original question and the students' positions are retained.",读懂：城市小型改善项目是否应让居民投票决定？参与能反映地方知识，但多数喜好可能忽视少数人的迫切需求。 解析：范文先做可行性和通行检查、用同一格式公开成本与维护信息，并把必要安全通行经费单列，再让居民在真正可选项目中投票。feasibility 是“能否实际实施”。支持或反对投票都需处理公平，不把票多自动等同最需要。,2026-09-27
W124,writing,academic_discussion,"Professor: Many students begin managing their own meals when they enter university. Some institutions offer practical workshops alongside academic courses, and a proposal to add basic cooking lessons has raised questions about the university’s role in everyday life skills. Should students learn basic cooking at university?",简单,立场与论证 / 回应不同观点,cooking / students / skills,每份（1 题，1 个小题）,600,question_bank/sources/expanded_productive.py,"Evaluate two developed, distinct arguments and add a supported contribution. The original question and the students' positions are retained.",读懂：大学是否应教基础做饭？生活独立的帮助要与教学空间、人员和学术任务取舍，不是讨论所有学生是否喜欢烹饪。 解析：范文支持可选短工作坊，不强制整门课，由餐饮人员帮助初次离家者学实用技能，已有经验者不必重复，回应资源顾虑。optional 是“自愿选择的”。反对学校负责也可论证，但应说明新生需要能怎样获得支持。,2026-09-27
W125,writing,academic_discussion,"Professor: A workplace is considering allowing employees to choose their starting time within a limited range. Everyone would still work the same total hours, but colleagues would not always arrive and leave together. Managers need to assess the effects on the whole team. Should employers allow flexible starting times?",适中,立场与论证 / 回应不同观点,flexible / hours / team,每份（1 题，1 个小题）,600,question_bank/sources/expanded_productive.py,"Evaluate two developed, distinct arguments and add a supported contribution. The original question and the students' positions are retained.",读懂：员工总工时相同，但可在一定范围选择上班时间，这是否值得允许？要比较通勤和专注收益与团队同时在线的需要。 解析：范文支持适合岗位的弹性，并设共同协作时段，面向客户的岗位另保值守，用完成工作和服务质量检验试行。overlapping hours 是“共同工作的重叠时段”。这不是少工作，也不是任何岗位都能随意来去。,2026-09-27
W126,writing,academic_discussion,"Professor: A school wants students to observe living systems rather than encounter science only in a textbook. Creating a garden could provide that opportunity, but the garden would remain a living space when classes end for weekends and holidays. Should school gardens be part of science education?",简单,立场与论证 / 回应不同观点,gardens / science / maintenance,每份（1 题，1 个小题）,600,question_bank/sources/expanded_productive.py,"Evaluate two developed, distinct arguments and add a supported contribution. The original question and the students' positions are retained.",读懂：学校花园是否应成为科学教育的一部分？学生可持续观察生物，但放假后仍有人要养护，不能只谈布置漂亮校园。 解析：范文支持小而可管理的调查园地，例如测土壤湿度、观察传粉者，再制定适宜植物和照料分工，也可与社区合作但保留学生自己的测量责任。investigation 是“用证据展开调查”。反对建园也能有理由，关键是教学收益与维护条件。,2026-09-27
W127,writing,academic_discussion,"Professor: An instructor wants students to judge the strengths and weaknesses of their own work. One proposal is to make self-assessment a small part of the course grade, rather than using it only as an informal reflection activity. Should students be graded partly on self-assessment?",困难,立场与论证 / 回应不同观点,assessment / reflection / evidence,每份（1 题，1 个小题）,600,question_bank/sources/expanded_productive.py,"Evaluate two developed, distinct arguments and add a supported contribution. The original question and the students' positions are retained.",读懂：自评是否应占一小部分课程成绩？需权衡反思价值与自信程度不同导致的判断偏差，不是问能否自己随便给高分。 解析：范文让学生用实际作业证明一个优点和一个不足，由教师评价反思质量，而非照收自报分数；修改段落如何连证据与主张就是具体例子。self-assessment 是“自我评价”。不把自评计分的主张也可论证。,2026-09-27
W128,writing,academic_discussion,"Professor: A city is reviewing the opening hours of its public libraries. Some residents want branches to remain open later, while others argue that the existing budget should improve daytime services. The choice involves both access and operating resources. Should cities offer more evening library hours?",简单,立场与论证 / 回应不同观点,library / hours / costs,每份（1 题，1 个小题）,600,question_bank/sources/expanded_productive.py,"Evaluate two developed, distinct arguments and add a supported contribution. The original question and the students' positions are retained.",读懂：城市图书馆是否应延长晚间开放？白天忙的居民会受益，但人员和运营经费也可用于改善高峰服务。 解析：范文选择有需求且交通方便的部分分馆，或轮流晚开，试行记录到馆人数、使用服务与员工负担，并清楚公布安排。selected libraries 是“选定的馆”，并非所有分馆每天都晚开。反对延时也可从实际服务取舍论证。,2026-09-27
W129,writing,academic_discussion,"Professor: A university cafeteria is considering replacing some disposable takeaway containers with a returnable system. Students would be expected to bring containers back for washing, and the cafeteria would need to organize collection while maintaining convenient service. Should university cafeterias reduce the number of disposable containers?",适中,立场与论证 / 回应不同观点,containers / reusable / return,每份（1 题，1 个小题）,600,question_bank/sources/expanded_productive.py,"Evaluate two developed, distinct arguments and add a supported contribution. The original question and the students' positions are retained.",读懂：食堂是否应减少一次性外带盒，改用借还清洗的容器？减废目标需要与课间携带、归还和服务方便程度一起考虑。 解析：范文支持在宿舍和教学楼附近设归还点，用可退押金促进归还，并试查丢失率、洗涤成本及实际垃圾减少，而非仅更换材料。refundable deposit 是“归还后可退的押金”。反对当前方案也能成立，需说明流程障碍。,2026-09-27
W130,writing,academic_discussion,Professor: Students often organize revision by completing many exercises on one topic before moving to the next. Another approach alternates related topics within a study period. We are considering what each arrangement helps a learner notice and practice. Should students study one topic intensively or alternate between related topics?,困难,立场与论证 / 回应不同观点,study / topics / practice,每份（1 题，1 个小题）,600,question_bank/sources/expanded_productive.py,"Evaluate two developed, distinct arguments and add a supported contribution. The original question and the students' positions are retained.",读懂：复习时应一直集中学一个主题，还是交替学相关主题？要比较初学的专注需求与选择合适方法的能力。 解析：范文分阶段：先集中理解新方法，再混合练习辨别何时用哪种方法，以统计题为例，既回应太早切换会混乱，也提醒同类题一直做可能产生熟练错觉。alternate 是“交替”，不等于毫无联系地乱换科目。单选一种也可有条件论证。,2026-09-27
W131,writing,academic_discussion,"Professor: A community plans to commission public art for a shared space. Organizers are deciding how much residents should participate in the design, while the selected artist wants room to develop a coherent work rather than combine unrelated suggestions. Should public art projects involve local residents?",适中,立场与论证 / 回应不同观点,art / residents / artists,每份（1 题，1 个小题）,600,question_bank/sources/expanded_productive.py,"Evaluate two developed, distinct arguments and add a supported contribution. The original question and the students' positions are retained.",读懂：公共艺术项目应让本地居民参与到什么程度？居民了解地方生活，但艺术家需要把作品做成连贯整体，不能只是拼凑意见。 解析：范文支持前期讨论地方历史、使用方式和象征意义，再由艺术家说明如何吸收意见，同时明确不是每条建议都照做。creative freedom 是“创作自由”。少参与或更多共创也可论证，关键是职责清楚，不把参与误等于人人有最终否决权。,2026-09-27
W132,writing,academic_discussion,"Professor: Some students want to pause their university studies for a semester to work, volunteer, or explore another interest. Advisers are considering whether to actively encourage this option, recognizing that time away could affect both motivation and progress toward graduation. Should universities encourage students to take a gap semester?",简单,立场与论证 / 回应不同观点,semester / goals / return,每份（1 题，1 个小题）,600,question_bank/sources/expanded_productive.py,"Evaluate two developed, distinct arguments and add a supported contribution. The original question and the students' positions are retained.",读懂：大学是否应鼓励学生暂停一学期去工作、志愿服务或探索兴趣？要比较明确目标的可能性与返校、财务和课程衔接困难。 解析：范文支持有规划的选择而非人人休学，强调离校前和导师确认返校计划、学分与排课后果；有明确实习目标者与只想逃避安排者需要不同办法。gap semester 是“暂停一个学期”。这不是结束学业，其他合理建议也可成立。,2026-09-27
W133,writing,academic_discussion,"Professor: A local news organization has proposed working with a nearby university on reporting projects. Students could gain experience and researchers could explain complex topics, but both institutions have responsibilities that may not always point in the same direction. Should local news organizations partner with universities?",困难,立场与论证 / 回应不同观点,news / universities / independence,每份（1 题，1 个小题）,600,question_bank/sources/expanded_productive.py,"Evaluate two developed, distinct arguments and add a supported contribution. The original question and the students' positions are retained.",读懂：地方新闻机构是否应与大学合作报道？专业知识有帮助，但新闻还必须能够调查和批评大学，避免依赖合作方。 解析：范文支持明确保护编辑独立的合作，公开资金、分离宣传与报道，让大学提供研究方法而新闻室决定追问什么和如何呈现。editorial independence 是“编辑与报道决定不受资助方控制”。反对合作也可论证，专家意见不自动保证中立。,2026-09-27
W134,writing,academic_discussion,"Professor: A parks department is considering allowing selected areas to grow more naturally instead of mowing and trimming them frequently. The proposal could change habitats and the appearance of public space, so the department must consider how visitors will understand it. Should city parks include areas with less intensive maintenance?",适中,立场与论证 / 回应不同观点,parks / wildlife / maintenance,每份（1 题，1 个小题）,600,question_bank/sources/expanded_productive.py,"Evaluate two developed, distinct arguments and add a supported contribution. The original question and the students' positions are retained.",读懂：公园是否应让部分区域少修剪、较自然地生长？要考虑野生生物栖息地与访客可能误以为失管的问题。 解析：范文支持部分生态区，同时保留清楚路径、边界和说明牌，并监测目标物种与不希望扩散的植物；休闲草坪与栖息区可以并存。less intensive maintenance 是“降低维护强度”，不是完全不管理。更整齐的方案也可提出理由。,2026-09-27
W135,writing,academic_discussion,"Professor: A course currently bases much of its grade on one final examination. The instructor is considering several smaller assessments instead, without increasing the total amount of course content. Students differ in how they respond to repeated deadlines and feedback. Should courses replace one final exam with several smaller assessments?",简单,立场与论证 / 回应不同观点,assessments / feedback / deadlines,每份（1 题，1 个小题）,600,question_bank/sources/expanded_productive.py,"Evaluate two developed, distinct arguments and add a supported contribution. The original question and the students' positions are retained.",读懂：课程应否用几次小考核替代一次期末大考？内容总量不增加，但反馈机会与跨课截止日期压力都会改变。 解析：范文支持少量有意义的分段考核配低风险练习，提前公布日期并跨必修课检查扎堆，避免把一次压力变成持续高风险任务。low-stakes 是“对最终成绩影响较小的”。保留期末考也能论证，不能只说小考一定轻松。,2026-09-27
W136,writing,academic_discussion,"Professor: Students use digital devices for both coursework and social life. A university is considering setting aside more shared spaces where screens are not used, while keeping its usual study facilities available elsewhere. The goal is to support different ways of spending time. Should campuses provide more spaces without digital screens?",简单,立场与论证 / 回应不同观点,spaces / screens / students,每份（1 题，1 个小题）,600,question_bank/sources/expanded_productive.py,"Evaluate two developed, distinct arguments and add a supported contribution. The original question and the students' positions are retained.",读懂：校园是否应增设不使用屏幕的公共空间，同时保留其他学习设施？要考虑专注交谈，也要尊重课程和辅助技术的设备需要。 解析：范文只建议少量明确标识的自愿选择区域，保留普通学习区及辅助技术例外，再看使用情况扩展。screen-free 是“不用数字屏幕”，不是判断所有屏幕使用都不专心。反对增设也能论证，不能把题目扩大成全校禁用电脑。,2026-09-27
W137,writing,academic_discussion,"Professor: A university wants more students to volunteer with community organizations. It is considering formal recognition or other rewards, but organizers are discussing whether those incentives would improve participation or change the reasons students take part. Should universities reward students for volunteering?",困难,立场与论证 / 回应不同观点,volunteering / recognition / community,每份（1 题，1 个小题）,600,question_bank/sources/expanded_productive.py,"Evaluate two developed, distinct arguments and add a supported contribution. The original question and the students' positions are retained.",读懂：大学是否应奖励志愿服务？认可可能吸引新人，也可能让人只为奖项短暂参加而不顾机构实际需要。 解析：范文支持认可持续贡献，反对只比小时数，以固定阅读活动说明可靠性，建议用反思或具体推荐评价贡献。recognition 是“认可”，不一定是奖金。可以反对外部奖励，但不能假定每个受表彰者都没有诚意。,2026-09-27
W138,writing,academic_discussion,"Professor: City budgets contain information that affects residents, but detailed financial documents can be difficult to read. Officials are considering short plain-language summaries to accompany the full documents, raising questions about accessibility and the risks of leaving information out. Should cities publish easy-to-read summaries of public budgets?",困难,立场与论证 / 回应不同观点,budgets / summaries / details,每份（1 题，1 个小题）,600,question_bank/sources/expanded_productive.py,"Evaluate two developed, distinct arguments and add a supported contribution. The original question and the students' positions are retained.",读懂：城市是否应在完整预算之外提供易读摘要？居民需要看懂主要取舍，但简化也可能通过遗漏改变印象。 解析：范文支持并列发布，标明范围、不确定性和详细数字入口，以交通预算区分新建与维护而非混为一个好看数字。plain language 是“清楚、不堆术语的语言”，不等于隐去不便解释的成本。反对特定简化方式也可论证。,2026-09-27
W139,writing,academic_discussion,"Professor: A language program is organizing conversation partners. It could mainly pair learners at similar levels or deliberately mix beginners with more advanced speakers. Both arrangements could support practice, but they may create different opportunities and pressures. Should language learners practice with partners of similar ability?",简单,立场与论证 / 回应不同观点,language / partners / practice,每份（1 题，1 个小题）,600,question_bank/sources/expanded_productive.py,"Evaluate two developed, distinct arguments and add a supported contribution. The original question and the students' positions are retained.",读懂：语言伙伴应与自己水平相近吗？相近可能更敢开口，高手能提供语言示范，但机会与压力不同。 解析：范文支持多种搭配，强调轮流、准备问题和约定纠错时间；高手包办发言或不断打断，都可能削弱练习。similar ability 是“相近水平”，不代表两人完全一样。选择固定某类伙伴也可有理由，不把混搭当必然最有效。,2026-09-27
W140,writing,academic_discussion,"Professor: A university is reviewing where its dining service buys food. Increasing purchases from nearby producers could affect local relationships, but the service must still provide affordable meals reliably across the academic year and meet students’ varied needs. Should universities buy locally produced food?",适中,立场与论证 / 回应不同观点,food / local / supply,每份（1 题，1 个小题）,600,question_bank/sources/expanded_productive.py,"Evaluate two developed, distinct arguments and add a supported contribution. The original question and the students' positions are retained.",读懂：大学食堂是否应采购本地产食物？要比较支持周边生产者与价格、季节供应及不同学生需求。 解析：范文支持条件合适时购买，用灵活季节合同选本地稳定产物、用其他供应商补缺，并公开取舍理由。locally produced 是“本地生产的”，不自动代表更环保或更便宜。完全不同的采购倾向也可论证，重点是不忽视持续供餐。,2026-09-27
W141,writing,academic_discussion,"Professor: Office hours are intended to help students ask questions, yet some never attend. A department is considering requiring one visit each term to introduce students to this resource. Instructors must decide whether a compulsory visit would be useful for everyone. Should students be required to attend office hours once each term?",简单,立场与论证 / 回应不同观点,office / hours / help,每份（1 题，1 个小题）,600,question_bank/sources/expanded_productive.py,"Evaluate two developed, distinct arguments and add a supported contribution. The original question and the students' positions are retained.",读懂：是否应要求学生每学期至少去一次教师答疑时间？初访可降低求助障碍，也可能挤占真正有问题者的预约。 解析：范文只主张新生先有一次简短介绍，带学习目标或作业问题，之后按需要参加，并为时间冲突提供线上选择。office hours 是“教师开放给学生咨询的时段”，不是普通上班时间。普遍要求或完全自愿也可论证，不必照搬新生限定。,2026-09-27
W142,writing,academic_discussion,"Professor: A town is reviewing illuminated advertising after complaints about very bright screens at night. Businesses say visibility is important, while residents describe effects on nearby homes and streets. Officials must decide whether limits would be justified. Should towns limit bright advertising screens at night?",适中,立场与论证 / 回应不同观点,screens / night / businesses,每份（1 题，1 个小题）,600,question_bank/sources/expanded_productive.py,"Evaluate two developed, distinct arguments and add a supported contribution. The original question and the students' positions are retained.",读懂：城镇是否应限制夜间过亮的广告屏？要考虑邻居和道路使用者受到的光线影响，也要让夜间商家被看见。 解析：范文主张调节亮度而非全面禁用，根据住宅旁和商业区的不同环境设置清楚一致的要求，实施后测效果。brightness limits 是“亮度限制”，不等于商家不能打广告。这是提议，不是描述已经存在的法规；相反立场也可有理由。,2026-09-27
W143,writing,academic_discussion,"Professor: Some instructors ask students to produce work for an audience outside the classroom, such as an exhibition or an information guide. The department is considering more of these projects, balancing their learning value against the responsibilities involved in public communication. Should university courses include public-facing projects?",适中,立场与论证 / 回应不同观点,projects / audience / students,每份（1 题，1 个小题）,600,question_bank/sources/expanded_productive.py,"Evaluate two developed, distinct arguments and add a supported contribution. The original question and the students' positions are retained.",读懂：大学课程是否应增加给公众看的展览、指南等项目？真实读者能促进清楚表达，但学生仍需容许犯错和接受指导。 解析：范文支持范围小、风险合适的项目，举科学展览或社区指南，要求发布前教师核查，必要时提供同等替代任务。public-facing 是“面向公众的”，不只是交给教师。反对公开也可论证，重点是学习目的与责任边界。,2026-09-27
W144,writing,academic_discussion,Professor: An organization needs employees to learn new tools while continuing its ordinary work. Managers are considering offering short training courses during paid working hours instead of expecting staff to learn outside their scheduled time. The immediate and longer-term effects may differ. Should workplaces offer short courses during paid hours?,简单,立场与论证 / 回应不同观点,training / work,每份（1 题，1 个小题）,600,question_bank/sources/expanded_productive.py,"Evaluate two developed, distinct arguments and add a supported contribution. The original question and the students' positions are retained.",读懂：工作场所是否应在带薪时间开短培训，而非让员工下班自学？要比较公平学习机会与短期工作覆盖的压力。 解析：范文支持与职责直接相关的培训，按服务需要排期，短课后配带教实践，再看错误是否减少、质量是否改善。paid hours 是“计入带薪工作的时间”，不是另外付费报课。反对某种培训安排也可，但不能忽略照顾家庭者的时间差异。,2026-09-27
W145,writing,academic_discussion,"Professor: A writing instructor is deciding how much freedom students should have when selecting essay topics. A common assigned question makes work easier to compare, but individual topics could give students a stronger reason to investigate and develop an argument. Should students choose their own essay topics?",简单,立场与论证 / 回应不同观点,topics / essay / scope,每份（1 题，1 个小题）,600,question_bank/sources/expanded_productive.py,"Evaluate two developed, distinct arguments and add a supported contribution. The original question and the students' positions are retained.",读懂：学生是否应自选作文题目？兴趣能支持深入阅读，但初学者可能选太宽或找不到证据的题，教师也需可比较的要求。 解析：范文支持框架内选择，先交简短提案，写问题、两个可能来源和字数范围内能论什么，再获指导缩小主题。scope 是“讨论范围”。例如迁移的大主题缩成比较课文中的两种解释；指定题目的立场也可成立。,2026-09-27
W146,writing,academic_discussion,"Professor: A city wants more residents to use buses, but some stops provide little protection from strong sunlight. Adding shade would use money and pavement space that could support other improvements. The city needs to consider where such an investment would be useful. Should cities invest in shaded bus stops?",简单,立场与论证 / 回应不同观点,bus / shade / maintenance,每份（1 题，1 个小题）,600,question_bank/sources/expanded_productive.py,"Evaluate two developed, distinct arguments and add a supported contribution. The original question and the students' positions are retained.",读懂：城市是否应投资给公交站遮阴？要判断哪里最有用，也要顾及人行道空间、清洁维修和其他投资需求。 解析：范文优先暴晒且等车人多的站点，先看乘客数、日照、路宽及树木，按场地选择顶棚、座椅或位置调整，并预留养护费用。shaded bus stops 是“有遮阴的公交站”。支持其他投资优先也可论证，不能只把站棚看成装饰。,2026-09-27
W147,writing,academic_discussion,"Professor: Universities traditionally organize many courses within individual departments. Some are now considering more courses that combine fields, asking students to connect methods and evidence from different disciplines. The issue is how breadth should relate to a student’s developing expertise. Should universities offer more interdisciplinary courses?",困难,立场与论证 / 回应不同观点,courses / depth,每份（1 题，1 个小题）,600,question_bank/sources/expanded_productive.py,"Evaluate two developed, distinct arguments and add a supported contribution. The original question and the students' positions are retained.",读懂：大学是否应增加跨学科课程？复杂问题需要多角度，但学生也可能尚未掌握各学科的基础推理。 解析：范文支持先有基础再联合分析，以城市洪涝涉及科学、经济和社会因素为例，让不同背景学生解释各自方法、分歧与局限，而非堆术语。interdisciplinary 是“跨学科的”。更重单科深度的立场也可支持，关键在学习顺序和真实连接。,2026-09-27
W148,writing,academic_discussion,"Professor: A neighborhood group wants to lend residents equipment that most households use only occasionally. Sharing could reduce duplicate purchases, but the arrangement would depend on people trusting that the equipment will be available and returned in usable condition. Should communities share equipment for occasional use?",适中,立场与论证 / 回应不同观点,equipment / sharing / responsibility,每份（1 题，1 个小题）,600,question_bank/sources/expanded_productive.py,"Evaluate two developed, distinct arguments and add a supported contribution. The original question and the students' positions are retained.",读懂：邻里是否应共用偶尔才用的设备？能省购置和储存成本，但借出、归还时的损坏责任不明会伤害信任。 解析：范文支持先立规则，以取还检查、清楚说明和小额维护基金处理责任，从耐用低风险物品起步再复审。condition check 是“物品状态检查”。反对某种共享也可以，不能只靠大家关系好就假定永不争议。,2026-09-27
W149,writing,academic_discussion,"Professor: An instructor is considering assignments in which students create study guides or short explanations for other learners. Giving academic credit could encourage careful work, but the resulting resources may be used by people who assume the information is dependable. Should students receive credit for creating educational resources?",困难,立场与论证 / 回应不同观点,resources / students / review,每份（1 题，1 个小题）,600,question_bank/sources/expanded_productive.py,"Evaluate two developed, distinct arguments and add a supported contribution. The original question and the students' positions are retained.",读懂：学生制作学习指南或讲解材料能否获得学分？教别人可能深化理解，但其他学习者会依赖这些材料，因此要防止错误传播。 解析：范文支持同伴和教师审阅、试用并修改后发布，以解释图表的指南为例，评价来源、清晰度和回应反馈，不只看外观。educational resources 是“学习资源”。不计学分的立场也可有理由，关键是保护读者和体现学习。,2026-09-27
W150,writing,academic_discussion,"Professor: A city has older buildings that no longer serve their original purposes. Some residents want them adapted for new uses, while others question whether renovation is practical. Decisions must consider both the character of the place and the needs of future users. Should cities preserve old buildings by giving them new uses?",困难,立场与论证 / 回应不同观点,buildings / reuse / cost,每份（1 题，1 个小题）,600,question_bank/sources/expanded_productive.py,"Evaluate two developed, distinct arguments and add a supported contribution. The original question and the students' positions are retained.",读懂：城市应否通过新用途保留旧建筑？要权衡地方记忆与改造的安全、可达性、费用及未来使用需求。 解析：范文举旧仓库变图书馆或社区空间，要求公开比较结构、能源、维护和现实替代方案，既非逢旧必留，也非遇到成本就拆。reuse 是“重新利用”。支持新建或保留都能论证，年龄本身不决定最好选择。,2026-09-27
W151,writing,build_sentence,Where should I put these fragile slides?,简单,情态动词后原形 / 代词指代,padded / scratches,每份（10 题，10 个小题）,360,question_bank/sources/expansion_2026_09/build_sentence.json,短陈述句考查主谓宾与保护对象；protects 不能接在 will 后。 解析中的关键新词块已补中文释义。,"前句：Where should I put these fragile slides? 固定片段：["""","" "","" "","" "","" "","".""]。已逐项检查以下可接受答案均以每槽一个词块、每个词块索引最多使用一次组装：The padded drawer will protect them from scratches.。变体针对本题词块、语境和常见自然词序核对，不声称枚举英语所有可能表达。",2026-09-27
W152,writing,build_sentence,Is the afternoon seminar still going ahead?,适中,现在完成时被动语态 / 原因从句,canceled / speaker,每份（10 题，10 个小题）,360,question_bank/sources/expansion_2026_09/build_sentence.json,固定主语限制词序，完成时被动与原因从句分别核对。 解析中的关键新词块已补中文释义。,"前句：Is the afternoon seminar still going ahead? 固定片段：[""It "","" "","" "","" "","" "","" "","".""]。已逐项检查以下可接受答案均以每槽一个词块、每个词块索引最多使用一次组装：It has been canceled because the speaker is ill.。变体针对本题词块、语境和常见自然词序核对，不声称枚举英语所有可能表达。",2026-09-27
W153,writing,build_sentence,"I called the equipment office, but nobody answered.",简单,过去时疑问句 / 助动词与原形,called / office,每份（10 题，10 个小题）,360,question_bank/sources/expansion_2026_09/build_sentence.json,语境过去时由 did 承担，called 为形态干扰项。 解析中的关键新词块已补中文释义。,"前句：I called the equipment office, but nobody answered. 固定片段：[""When "","" "","" "","" "",""?""]。已逐项检查以下可接受答案均以每槽一个词块、每个词块索引最多使用一次组装：When did you call the office?。变体针对本题词块、语境和常见自然词序核对，不声称枚举英语所有可能表达。",2026-09-27
W154,writing,build_sentence,"I need this tripod for the weekend, but I cannot find the loan rules.",适中,嵌入式一般疑问句 / 时间界限,tripod / until Monday,每份（10 题，10 个小题）,360,question_bank/sources/expansion_2026_09/build_sentence.json,固定外层疑问结构，内层情态动词词块避免二次倒装。 解析中的关键新词块已补中文释义。,"前句：I need this tripod for the weekend, but I cannot find the loan rules. 固定片段：[""Do you "","" "","" "","" "","" "","" "",""?""]。已逐项检查以下可接受答案均以每槽一个词块、每个词块索引最多使用一次组装：Do you know whether I can keep it until Monday?。变体针对本题词块、语境和常见自然词序核对，不声称枚举英语所有可能表达。",2026-09-27
W155,writing,build_sentence,Why did the outdoor concert end early?,适中,原因从句位置 / 过去进行时,musicians / stronger,每份（10 题，10 个小题）,360,question_bank/sources/expansion_2026_09/build_sentence.json,原因从句前后置均已核对；解析用中文分清因果，只保留关键英语结构。,"前句：Why did the outdoor concert end early? 固定片段：["""","" "","" "","" "","" "","".""]。已逐项检查以下可接受答案均以每槽一个词块、每个词块索引最多使用一次组装：The musicians stopped playing because the wind was getting stronger.；Because the wind was getting stronger, the musicians stopped playing.。变体针对本题词块、语境和常见自然词序核对，不声称枚举英语所有可能表达。",2026-09-27
W156,writing,build_sentence,Did you book both rooms for the workshop?,简单,过去时否定 / 否定范围,larger / unavailable,每份（10 题，10 个小题）,360,question_bank/sources/expansion_2026_09/build_sentence.json,明确否定较大房间的预订；句首固定 I 排除原因前置。 解析中的关键新词块已补中文释义。,"前句：Did you book both rooms for the workshop? 固定片段：[""I "","" "","" "","" "","" "","".""]。已逐项检查以下可接受答案均以每槽一个词块、每个词块索引最多使用一次组装：I did not reserve the larger room because it was unavailable.。变体针对本题词块、语境和常见自然词序核对，不声称枚举英语所有可能表达。",2026-09-27
W157,writing,build_sentence,How long have you worked with the archive team?,适中,现在完成时 / since 时间从句,volunteer / archive,每份（10 题，10 个小题）,360,question_bank/sources/expansion_2026_09/build_sentence.json,状态持续至今与过去起点事件对照，不增添可移动时间状语。 解析中的关键新词块已补中文释义。,"前句：How long have you worked with the archive team? 固定片段：[""I have "","" "","" "","" "","" "","".""]。已逐项检查以下可接受答案均以每槽一个词块、每个词块索引最多使用一次组装：I have been a volunteer since the archive opened.。变体针对本题词块、语境和常见自然词序核对，不声称枚举英语所有可能表达。",2026-09-27
W158,writing,build_sentence,Which student designed the exhibition poster?,适中,主语关系从句 / 主谓一致,exhibition / designed,每份（10 题，10 个小题）,360,question_bank/sources/expansion_2026_09/build_sentence.json,单数先行词约束关系从句动词；主句过去动作不与 sits 混淆。 解析中的关键新词块已补中文释义。,"前句：Which student designed the exhibition poster? 固定片段：[""The student "","" "","" "","" "","" "","".""]。已逐项检查以下可接受答案均以每槽一个词块、每个词块索引最多使用一次组装：The student who sits next to me designed it.。变体针对本题词块、语境和常见自然词序核对，不声称枚举英语所有可能表达。",2026-09-27
W159,writing,build_sentence,The repair may take another day. What will happen to our reservation?,适中,真实条件句 / 将来结果,repair / reservation,每份（10 题，10 个小题）,360,question_bank/sources/expansion_2026_09/build_sentence.json,固定条件句句首及中间逗号，核对条件现在时与结果将来时。 解析中的关键新词块已补中文释义。,"前句：The repair may take another day. What will happen to our reservation? 固定片段：[""If "","" "","" "","", "","" "","" "","".""]。已逐项检查以下可接受答案均以每槽一个词块、每个词块索引最多使用一次组装：If the repair takes another day, we will extend your reservation.。变体针对本题词块、语境和常见自然词序核对，不声称枚举英语所有可能表达。",2026-09-27
W160,writing,build_sentence,Why does the new printer need refilling less often?,简单,不可数名词比较 / 比较结构,ink / refilling,每份（10 题，10 个小题）,360,question_bank/sources/expansion_2026_09/build_sentence.json,不可数 ink 与 less 搭配；固定主语减少无关语序。 解析中的关键新词块已补中文释义。,"前句：Why does the new printer need refilling less often? 固定片段：[""It "","" "","" "","" "","" "","".""]。已逐项检查以下可接受答案均以每槽一个词块、每个词块索引最多使用一次组装：It uses less ink than the old one.。变体针对本题词块、语境和常见自然词序核对，不声称枚举英语所有可能表达。",2026-09-27
W161,writing,build_sentence,"The delivery arrived, but one box is missing.",适中,嵌入式原因疑问句 / 过去时被动,warehouse / delivery,每份（10 题，10 个小题）,360,question_bank/sources/expansion_2026_09/build_sentence.json,外层请求与内层被动原因从句分层；did 无合法空位。 解析中的关键新词块已补中文释义。,"前句：The delivery arrived, but one box is missing. 固定片段：[""Can you "","" "","" "","" "","" "",""?""]。已逐项检查以下可接受答案均以每槽一个词块、每个词块索引最多使用一次组装：Can you explain why one box was left at the warehouse?。变体针对本题词块、语境和常见自然词序核对，不声称枚举英语所有可能表达。",2026-09-27
W162,writing,build_sentence,May I take these old newspapers home?,适中,情态动词被动语态 / 动作承受者,newspapers / returned,每份（10 题，10 个小题）,360,question_bank/sources/expansion_2026_09/build_sentence.json,固定受事主语要求情态被动；return 为原形干扰项。 解析中的关键新词块已补中文释义。,"前句：May I take these old newspapers home? 固定片段：[""These newspapers "","" "","" "","" "","" "","".""]。已逐项检查以下可接受答案均以每槽一个词块、每个词块索引最多使用一次组装：These newspapers must be returned to the archive.。变体针对本题词块、语境和常见自然词序核对，不声称枚举英语所有可能表达。",2026-09-27
W163,writing,build_sentence,Will the survey results be ready for Friday’s meeting?,困难,将来完成时 / 截止时间,analyzed / responses,每份（10 题，10 个小题）,360,question_bank/sources/expansion_2026_09/build_sentence.json,固定截止状语；三级动词链考查完成状态与过去分词。 解析中的关键新词块已补中文释义。,"前句：Will the survey results be ready for Friday’s meeting? 固定片段：[""By Friday, "","" "","" "","" "","" "","".""]。已逐项检查以下可接受答案均以每槽一个词块、每个词块索引最多使用一次组装：By Friday, we will have analyzed all the responses.。变体针对本题词块、语境和常见自然词序核对，不声称枚举英语所有可能表达。",2026-09-27
W164,writing,build_sentence,Why are there bright strips on the stair edges?,适中,help 宾补结构 / 副词修饰,strips / steps,每份（10 题，10 个小题）,360,question_bank/sources/expansion_2026_09/build_sentence.json,固定主语与不可拆 more clearly；help 后原形结构。 解析中的关键新词块已补中文释义。,"前句：Why are there bright strips on the stair edges? 固定片段：[""The strips "","" "","" "","" "","" "","".""]。已逐项检查以下可接受答案均以每槽一个词块、每个词块索引最多使用一次组装：The strips help visitors see the steps more clearly.；The strips help visitors more clearly see the steps.。变体针对本题词块、语境和常见自然词序核对，不声称枚举英语所有可能表达。",2026-09-27
W165,writing,build_sentence,The room is empty. Is it all right if we practice here?,适中,许可与条件 / 宾语补足语,provided that / tidy,每份（10 题，10 个小题）,360,question_bank/sources/expansion_2026_09/build_sentence.json,许可主句固定 You，条件从句整块保留意义。 解析中的关键新词块已补中文释义。,"前句：The room is empty. Is it all right if we practice here? 固定片段：[""You "","" "","" "","" "","" "","".""]。已逐项检查以下可接受答案均以每槽一个词块、每个词块索引最多使用一次组装：You may use this room provided that you leave it tidy.。变体针对本题词块、语境和常见自然词序核对，不声称枚举英语所有可能表达。",2026-09-27
W166,writing,build_sentence,The safety demonstration begins before the tour.,简单,一般现在时疑问句 / 主谓一致,demonstration / start,每份（10 题，10 个小题）,360,question_bank/sources/expansion_2026_09/build_sentence.json,直接时间问句的三空顺序明确；解析不重印完整答案，检查点对应 does 与 starts 的重复形态。,"前句：The safety demonstration begins before the tour. 固定片段：[""What time "","" "","" "",""?""]。已逐项检查以下可接受答案均以每槽一个词块、每个词块索引最多使用一次组装：What time does the demonstration start?。变体针对本题词块、语境和常见自然词序核对，不声称枚举英语所有可能表达。",2026-09-27
W167,writing,build_sentence,Why did you refuse the organizer’s offer of a refund?,适中,介词后动名词 / 替代选择,refund / replacement,每份（10 题，10 个小题）,360,question_bank/sources/expansion_2026_09/build_sentence.json,审阅 instead 在主语后、动词后及句末的自然位置。 解析中的关键新词块已补中文释义。,"前句：Why did you refuse the organizer’s offer of a refund? 固定片段：[""I "","" "","" "","" "","" "","".""]。已逐项检查以下可接受答案均以每槽一个词块、每个词块索引最多使用一次组装：I insisted on receiving a replacement instead.；I instead insisted on receiving a replacement.；I insisted instead on receiving a replacement.。变体针对本题词块、语境和常见自然词序核对，不声称枚举英语所有可能表达。",2026-09-27
W168,writing,build_sentence,"Can I collect the certificate in person, or must it be mailed?",适中,并列选择 / 使役被动,certificate / mailed,每份（10 题，10 个小题）,360,question_bank/sources/expansion_2026_09/build_sentence.json,固定 You can，两个动词词块职责不同，地点修饰领取动作。 解析中的关键新词块已补中文释义。,"前句：Can I collect the certificate in person, or must it be mailed? 固定片段：[""You can "","" "","" "","" "","" "","".""]。已逐项检查以下可接受答案均以每槽一个词块、每个词块索引最多使用一次组装：You can either collect it at the desk or have it mailed.；You can either have it mailed or collect it at the desk.。变体针对本题词块、语境和常见自然词序核对，不声称枚举英语所有可能表达。",2026-09-27
W169,writing,build_sentence,Was the room noisy because of the air conditioner?,困难,强调句 / 动词宾语与小品词,traffic noise / window,每份（10 题，10 个小题）,360,question_bank/sources/expansion_2026_09/build_sentence.json,强调结构与小品词 in 的两种宾语位置均已核对；中文说明作用与不可拆词块。,"前句：Was the room noisy because of the air conditioner? 固定片段：[""It was "","" "","" "","" "","" "","".""]。已逐项检查以下可接受答案均以每槽一个词块、每个词块索引最多使用一次组装：It was the open window that let the traffic noise in.；It was the open window that let in the traffic noise.。变体针对本题词块、语境和常见自然词序核对，不声称枚举英语所有可能表达。",2026-09-27
W170,writing,build_sentence,Why could the volunteers enter the locked building?,困难,过去完成时被动 / 事件先后,caretaker / spare key,每份（10 题，10 个小题）,360,question_bank/sources/expansion_2026_09/build_sentence.json,给钥匙早于管理员离开；修正原解析擅自增加的“离开后才进入”三事件时间线。,"前句：Why could the volunteers enter the locked building? 固定片段：[""They "","" "","" "","" "","" "","".""]。已逐项检查以下可接受答案均以每槽一个词块、每个词块索引最多使用一次组装：They had been given a spare key before the caretaker left.。变体针对本题词块、语境和常见自然词序核对，不声称枚举英语所有可能表达。",2026-09-27
W171,writing,build_sentence,Someone moved the boxes away from the emergency exit.,简单,主语疑问句 / 空间关系,emergency exit / moved,每份（10 题，10 个小题）,360,question_bank/sources/expansion_2026_09/build_sentence.json,主语疑问句无助动词倒装，保留 away from 的方向意义。 解析中的关键新词块已补中文释义。,"前句：Someone moved the boxes away from the emergency exit. 固定片段：[""Who "","" "","" "","" "",""?""]。已逐项检查以下可接受答案均以每槽一个词块、每个词块索引最多使用一次组装：Who moved the boxes away from the exit?。变体针对本题词块、语境和常见自然词序核对，不声称枚举英语所有可能表达。",2026-09-27
W172,writing,build_sentence,"I found a cable in the drawer, but I do not know where it belongs.",困难,嵌入式地点问句 / 情态被动,cable / connected,每份（10 题，10 个小题）,360,question_bank/sources/expansion_2026_09/build_sentence.json,固定外层请求，内层被动语序；介词位置不造成额外变体。 解析中的关键新词块已补中文释义。,"前句：I found a cable in the drawer, but I do not know where it belongs. 固定片段：[""Could you "","" "","" "","" "","" "",""?""]。已逐项检查以下可接受答案均以每槽一个词块、每个词块索引最多使用一次组装：Could you show me where this cable should be connected?。变体针对本题词块、语境和常见自然词序核对，不声称枚举英语所有可能表达。",2026-09-27
W173,writing,build_sentence,Could we carry the cabinet upstairs without help?,适中,too…to 结构 / 不定式逻辑主语,cabinet / safely,每份（10 题，10 个小题）,360,question_bank/sources/expansion_2026_09/build_sentence.json,审阅 safely 在 to carry 词块前后的位置，分裂不定式不由现有词块生成。 解析中的关键新词块已补中文释义。,"前句：Could we carry the cabinet upstairs without help? 固定片段：[""It "","" "","" "","" "","" "","".""]。已逐项检查以下可接受答案均以每槽一个词块、每个词块索引最多使用一次组装：It is too heavy for us to carry safely.；It is too heavy for us safely to carry.。变体针对本题词块、语境和常见自然词序核对，不声称枚举英语所有可能表达。",2026-09-27
W174,writing,build_sentence,What changed after the workshop was renovated?,适中,并列主语一致 / 重复词块,lighting / ventilation,每份（10 题，10 个小题）,360,question_bank/sources/expansion_2026_09/build_sentence.json,两枚 the 分别使用；并列设施交换不改变语义，收录两种次序。 解析中的关键新词块已补中文释义。,"前句：What changed after the workshop was renovated? 固定片段：[""Both "","" "","" "","" "","" "","" "","".""]。已逐项检查以下可接受答案均以每槽一个词块、每个词块索引最多使用一次组装：Both the lighting and the ventilation have improved.；Both the ventilation and the lighting have improved.。变体针对本题词块、语境和常见自然词序核对，不声称枚举英语所有可能表达。",2026-09-27
W175,writing,build_sentence,Can everyone charge a laptop at this table?,简单,存在句 / 数量不足与否定,outlets / everyone,每份（10 题，10 个小题）,360,question_bank/sources/expansion_2026_09/build_sentence.json,存在句复数一致及不足范围；固定 There 排除地点前置。 解析中的关键新词块已补中文释义。,"前句：Can everyone charge a laptop at this table? 固定片段：[""There "","" "","" "","" "","" "","".""]。已逐项检查以下可接受答案均以每槽一个词块、每个词块索引最多使用一次组装：There are not enough outlets for everyone.。变体针对本题词块、语境和常见自然词序核对，不声称枚举英语所有可能表达。",2026-09-27
W176,writing,build_sentence,Did the replacement part come before lunch?,适中,分词后置修饰 / 句中固定谓语,parcel / containing,每份（10 题，10 个小题）,360,question_bank/sources/expansion_2026_09/build_sentence.json,句中固定 arrived 分隔修饰语与到达时间，防止误改零件订购时间。 解析中的关键新词块已补中文释义。,"前句：Did the replacement part come before lunch? 固定片段：["""","" "","" "","" arrived "","".""]。已逐项检查以下可接受答案均以每槽一个词块、每个词块索引最多使用一次组装：The parcel containing your replacement part arrived this morning.。变体针对本题词块、语境和常见自然词序核对，不声称枚举英语所有可能表达。",2026-09-27
W177,writing,build_sentence,"The alarm is still flashing, and I am not sure the repair is complete.",适中,现在完成时疑问句 / 句中固定冠词,technician / faulty sensor,每份（10 题，10 个小题）,360,question_bank/sources/expansion_2026_09/build_sentence.json,固定冠词限制 checked 前的 yet 实际不可移位：该框架只允许句末 yet。 解析中的关键新词块已补中文释义。,"前句：The alarm is still flashing, and I am not sure the repair is complete. 固定片段：["""","" "","" "","" the "","" "",""?""]。已逐项检查以下可接受答案均以每槽一个词块、每个词块索引最多使用一次组装：Has the technician checked the faulty sensor yet?。变体针对本题词块、语境和常见自然词序核对，不声称枚举英语所有可能表达。",2026-09-27
W178,writing,build_sentence,Who should receive the damaged books?,简单,双宾语结构 / 后置介词短语,librarian / torn,每份（10 题，10 个小题）,360,question_bank/sources/expansion_2026_09/build_sentence.json,固定祈使开头与四空双宾语结构，不允许补入 to 改占空数。 解析中的关键新词块已补中文释义。,"前句：Who should receive the damaged books? 固定片段：[""Please "","" "","" "","" "","".""]。已逐项检查以下可接受答案均以每槽一个词块、每个词块索引最多使用一次组装：Please give the librarian the books with torn covers.。变体针对本题词块、语境和常见自然词序核对，不声称枚举英语所有可能表达。",2026-09-27
W179,writing,build_sentence,Are students allowed to enter the roof garden at night?,适中,许可被动结构 / 否定主语,sunset / allowed,每份（10 题，10 个小题）,360,question_bank/sources/expansion_2026_09/build_sentence.json,句末固定时间范围，No one 与被动不定式保持一致。 解析中的关键新词块已补中文释义。,"前句：Are students allowed to enter the roof garden at night? 固定片段：["""","" "","" "","" "","" after sunset.""]。已逐项检查以下可接受答案均以每槽一个词块、每个词块索引最多使用一次组装：No one is allowed to enter the garden after sunset.。变体针对本题词块、语境和常见自然词序核对，不声称枚举英语所有可能表达。",2026-09-27
W180,writing,build_sentence,"The first route is shorter, but it has several steep steps.",适中,偏好比较 / 原形动词,steep / longer route,每份（10 题，10 个小题）,360,question_bank/sources/expansion_2026_09/build_sentence.json,前句未指定路线偏好；两种相反但符合语境的选择均收录，不把范例立场当作唯一答案。,"前句：The first route is shorter, but it has several steep steps. 固定片段：[""I "","" "","" "","" "","" "","".""]。已逐项检查以下可接受答案均以每槽一个词块、每个词块索引最多使用一次组装：I would rather take the longer route than climb those steps.；I would rather climb those steps than take the longer route.。变体针对本题词块、语境和常见自然词序核对，不声称枚举英语所有可能表达。",2026-09-27
W181,writing,build_sentence,I am not sure what I need to bring to the appointment.,适中,嵌入式主语问句 / 被动要求,documents / appointment,每份（10 题，10 个小题）,360,question_bank/sources/expansion_2026_09/build_sentence.json,内层 which documents 作主语，自然请求与被动需求组合。 解析中的关键新词块已补中文释义。,"前句：I am not sure what I need to bring to the appointment. 固定片段：["""","" "","" "","" "","" "",""?""]。已逐项检查以下可接受答案均以每槽一个词块、每个词块索引最多使用一次组装：Could you tell me which documents are required?。变体针对本题词块、语境和常见自然词序核对，不声称枚举英语所有可能表达。",2026-09-27
W182,writing,build_sentence,Why is the swimming pool closed this afternoon?,适中,进行时被动 / 过去事件从句,filter / cleaned,每份（10 题，10 个小题）,360,question_bank/sources/expansion_2026_09/build_sentence.json,当前被动过程与过去故障形成两种时态，不推断已完成维修。 解析中的关键新词块已补中文释义。,"前句：Why is the swimming pool closed this afternoon? 固定片段：[""The pool "","" "","" "","" "","" "","".""]。已逐项检查以下可接受答案均以每槽一个词块、每个词块索引最多使用一次组装：The pool is being cleaned after a filter broke.。变体针对本题词块、语境和常见自然词序核对，不声称枚举英语所有可能表达。",2026-09-27
W183,writing,build_sentence,Would a larger desk help us sort the maps?,困难,非真实条件句 / 短语动词词块,spread out / maps,每份（10 题，10 个小题）,360,question_bank/sources/expansion_2026_09/build_sentence.json,假设条件与结果匹配，spread out 为不可拆词块避免非法小品词变体。 解析中的关键新词块已补中文释义。,"前句：Would a larger desk help us sort the maps? 固定片段：[""If "","" "","", "","" "","" "","".""]。已逐项检查以下可接受答案均以每槽一个词块、每个词块索引最多使用一次组装：If we had more space, we could spread out all the maps.。变体针对本题词块、语境和常见自然词序核对，不声称枚举英语所有可能表达。",2026-09-27
W184,writing,build_sentence,The sign says the cafe closes at five. Can we still order at five ten?,困难,将来完成时 / stop 后动名词,serving / staff,每份（10 题，10 个小题）,360,question_bank/sources/expansion_2026_09/build_sentence.json,固定未来参照点，完成式与动名词的双层约束。 解析中的关键新词块已补中文释义。,"前句：The sign says the cafe closes at five. Can we still order at five ten? 固定片段：[""By then, "","" "","" "","" "","" "","".""]。已逐项检查以下可接受答案均以每槽一个词块、每个词块索引最多使用一次组装：By then, the staff will have stopped serving food.。变体针对本题词块、语境和常见自然词序核对，不声称枚举英语所有可能表达。",2026-09-27
W185,writing,build_sentence,"I have two versions of the file, and their names are almost identical.",简单,宾语疑问句 / 过去时原形,version / editor,每份（10 题，10 个小题）,360,question_bank/sources/expansion_2026_09/build_sentence.json,直接宾语问句与主语疑问句形成覆盖差异。 解析中的关键新词块已补中文释义。,"前句：I have two versions of the file, and their names are almost identical. 固定片段：["""","" "","" "","" "","" "",""?""]。已逐项检查以下可接受答案均以每槽一个词块、每个词块索引最多使用一次组装：Which version did you send to the editor?。变体针对本题词块、语境和常见自然词序核对，不声称枚举英语所有可能表达。",2026-09-27
W186,writing,build_sentence,"The lecture hall was full, but several people were still waiting outside.",困难,关系从句 / 多层否定,registered / seat,每份（10 题，10 个小题）,360,question_bank/sources/expansion_2026_09/build_sentence.json,收录未登记者无法入座与未入座者未登记两种自然陈述；不把互换后的断言误说成逻辑等价。,"前句：The lecture hall was full, but several people were still waiting outside. 固定片段：["""","" "","" "","" "","" "","".""]。已逐项检查以下可接受答案均以每槽一个词块、每个词块索引最多使用一次组装：Those who had not registered could not get a seat.；Those who could not get a seat had not registered.。变体针对本题词块、语境和常见自然词序核对，不声称枚举英语所有可能表达。",2026-09-27
W187,writing,build_sentence,Why did you attach a photograph to the maintenance request?,适中,目的从句 / 过去语境情态动词,hinge / identify,每份（10 题，10 个小题）,360,question_bank/sources/expansion_2026_09/build_sentence.json,固定主句将目的句限制为后置；技术名词由解释明确释义。 解析中的关键新词块已补中文释义。,"前句：Why did you attach a photograph to the maintenance request? 固定片段：[""I attached it "","" "","" "","" "","".""]。已逐项检查以下可接受答案均以每槽一个词块、每个词块索引最多使用一次组装：I attached it so that the technician could identify the broken hinge.。变体针对本题词块、语境和常见自然词序核对，不声称枚举英语所有可能表达。",2026-09-27
W188,writing,build_sentence,Is the reference desk on the floor above this one?,简单,不定式 / 方向纠正,reference desk / down one floor,每份（10 题，10 个小题）,360,question_bank/sources/expansion_2026_09/build_sentence.json,句尾固定反向纠正，动作原形与距离方向联合检查。 解析中的关键新词块已补中文释义。,"前句：Is the reference desk on the floor above this one? 固定片段：["""","" "","" "","" "","", not up.""]。已逐项检查以下可接受答案均以每槽一个词块、每个词块索引最多使用一次组装：You need to go down one floor, not up.。变体针对本题词块、语境和常见自然词序核对，不声称枚举英语所有可能表达。",2026-09-27
W189,writing,build_sentence,We are still waiting for permission to publish the interview.,适中,否定与 until / 情态被动,published / agrees,每份（10 题，10 个小题）,360,question_bank/sources/expansion_2026_09/build_sentence.json,否定主语与授权时间界限结合，避免倒置许可条件。 解析中的关键新词块已补中文释义。,"前句：We are still waiting for permission to publish the interview. 固定片段：["""","" "","" "","" "","" "","".""]。已逐项检查以下可接受答案均以每槽一个词块、每个词块索引最多使用一次组装：Nothing can be published until the guest agrees.；Until the guest agrees, nothing can be published.。变体针对本题词块、语境和常见自然词序核对，不声称枚举英语所有可能表达。",2026-09-27
W190,writing,build_sentence,Was the guide explaining the painting when the lights went out?,适中,过去进行时与一般过去时 / 代词回指,colors / went dark,每份（10 题，10 个小题）,360,question_bank/sources/expansion_2026_09/build_sentence.json,时间从句前后置均接受；改正原检查步骤将 when 前必须有进行时写成固定位置的误导。,"前句：Was the guide explaining the painting when the lights went out? 固定片段：[""Yes, "","" "","" "","" "","" "","".""]。已逐项检查以下可接受答案均以每槽一个词块、每个词块索引最多使用一次组装：Yes, she was discussing its colors when the room went dark.；Yes, when the room went dark, she was discussing its colors.。变体针对本题词块、语境和常见自然词序核对，不声称枚举英语所有可能表达。",2026-09-27
W191,writing,build_sentence,Why did the group choose the smaller hall?,适中,enough 与不定式 / 程度副词,comfortably / hall,每份（10 题，10 个小题）,360,question_bank/sources/expansion_2026_09/build_sentence.json,固定句末 comfortably 消除多余副词排列歧义，考查 enough 与不定式。 解析中的关键新词块已补中文释义。,"前句：Why did the group choose the smaller hall? 固定片段：[""The smaller hall "","" "","" "","" "","" comfortably.""]。已逐项检查以下可接受答案均以每槽一个词块、每个词块索引最多使用一次组装：The smaller hall was large enough to hold everyone comfortably.。变体针对本题词块、语境和常见自然词序核对，不声称枚举英语所有可能表达。",2026-09-27
W192,writing,build_sentence,Do we have to submit paper copies as well as the online form?,适中,only 的范围 / 单数主语与被动不定式,signed page / by mail,每份（10 题，10 个小题）,360,question_bank/sources/expansion_2026_09/build_sentence.json,only 限定签字页而非所有材料；by mail 可前置或后置且不改变文件范围。 解析中的关键新词块已补中文释义。,"前句：Do we have to submit paper copies as well as the online form? 固定片段：["""","" "","" "","" "","" "","".""]。已逐项检查以下可接受答案均以每槽一个词块、每个词块索引最多使用一次组装：Only the signed page needs to be sent by mail.；By mail, only the signed page needs to be sent.。变体针对本题词块、语境和常见自然词序核对，不声称枚举英语所有可能表达。",2026-09-27
W193,writing,build_sentence,The kettle stopped working after only two days.,困难,情态完成式 / 预防条件,receipt / failed,每份（10 题，10 个小题）,360,question_bank/sources/expansion_2026_09/build_sentence.json,回顾过去本该保留收据的做法；预防从句前置或后置均保留同样关系。 解析中的关键新词块已补中文释义。,"前句：The kettle stopped working after only two days. 固定片段：["""","" "","" "","" "","" "","".""]。已逐项检查以下可接受答案均以每槽一个词块、每个词块索引最多使用一次组装：You should have kept the receipt in case it failed.；In case it failed, you should have kept the receipt.。变体针对本题词块、语境和常见自然词序核对，不声称枚举英语所有可能表达。",2026-09-27
W194,writing,build_sentence,"The room was dark, yet the photographer continued working.",适中,介词让步短语 / manage 后不定式,portraits / poor lighting,每份（10 题，10 个小题）,360,question_bank/sources/expansion_2026_09/build_sentence.json,无固定词框架接受让步短语句首与句尾，主句成功结果明确。 解析中的关键新词块已补中文释义。,"前句：The room was dark, yet the photographer continued working. 固定片段：["""","" "","" "","" "","" "","".""]。已逐项检查以下可接受答案均以每槽一个词块、每个词块索引最多使用一次组装：Despite the poor lighting, she managed to finish the portraits.；She managed to finish the portraits despite the poor lighting.。变体针对本题词块、语境和常见自然词序核对，不声称枚举英语所有可能表达。",2026-09-27
W195,writing,build_sentence,Will the orientation cover every laboratory rule?,困难,关系从句嵌入 / 将来时被动,chemical storage / explained,每份（10 题，10 个小题）,360,question_bank/sources/expansion_2026_09/build_sentence.json,固定句尾顺序词及关系从句，考查所述范围而非额外推断。 解析中的关键新词块已补中文释义。,"前句：Will the orientation cover every laboratory rule? 固定片段：["""","" "","" "","" "","" "","" first.""]。已逐项检查以下可接受答案均以每槽一个词块、每个词块索引最多使用一次组装：The rules that concern chemical storage will be explained first.。变体针对本题词块、语境和常见自然词序核对，不声称枚举英语所有可能表达。",2026-09-27
W196,writing,build_sentence,I have not decided whether to accept the assistantship.,适中,主语疑问句 / help 宾补,assistantship / decision,每份（10 题，10 个小题）,360,question_bank/sources/expansion_2026_09/build_sentence.json,主语型情态疑问句与助动词干扰形成区别。 解析中的关键新词块已补中文释义。,"前句：I have not decided whether to accept the assistantship. 固定片段：["""","" "","" "","" "","" "",""?""]。已逐项检查以下可接受答案均以每槽一个词块、每个词块索引最多使用一次组装：What would help you make a decision?。变体针对本题词块、语境和常见自然词序核对，不声称枚举英语所有可能表达。",2026-09-27
W197,writing,build_sentence,"The new route saves time, but I miss walking beside the river.",适中,过去习惯 / 路径与目的地,along the river / used to,每份（10 题，10 个小题）,360,question_bank/sources/expansion_2026_09/build_sentence.json,沿河与上班途中的状语可交换位置，需收录自然同义次序。 解析中的关键新词块已补中文释义。,"前句：The new route saves time, but I miss walking beside the river. 固定片段：[""I "","" "","" "","" "","" "","".""]。已逐项检查以下可接受答案均以每槽一个词块、每个词块索引最多使用一次组装：I used to walk along the river on my way to work.；I used to walk on my way to work along the river.。变体针对本题词块、语境和常见自然词序核对，不声称枚举英语所有可能表达。",2026-09-27
W198,writing,build_sentence,"Can the soup be served now, or does it need more time?",简单,时长短语 / need 后不定式,simmer / ten minutes,每份（10 题，10 个小题）,360,question_bank/sources/expansion_2026_09/build_sentence.json,needs simmering 是合法的动名词补语，原键误拒；两种答案均占四空并保持固定 before serving。,"前句：Can the soup be served now, or does it need more time? 固定片段：[""It "","" "","" "","" "","" before serving.""]。已逐项检查以下可接受答案均以每槽一个词块、每个词块索引最多使用一次组装：It needs to simmer for another ten minutes before serving.；It needs simmering for another ten minutes before serving.。变体针对本题词块、语境和常见自然词序核对，不声称枚举英语所有可能表达。",2026-09-27
W199,writing,build_sentence,"I cannot unlock the bicycle, although this is the key I was given.",适中,形容词后内容从句 / belong to 搭配,belongs / bicycle,每份（10 题，10 个小题）,360,question_bank/sources/expansion_2026_09/build_sentence.json,外层系动词问句与内层所属关系，does 为多余助动词。 解析中的关键新词块已补中文释义。,"前句：I cannot unlock the bicycle, although this is the key I was given. 固定片段：["""","" "","" "","" "","" "","" "",""?""]。已逐项检查以下可接受答案均以每槽一个词块、每个词块索引最多使用一次组装：Are you sure that this key belongs to this bicycle?。变体针对本题词块、语境和常见自然词序核对，不声称枚举英语所有可能表达。",2026-09-27
W200,writing,build_sentence,The two proposals cost the same. Is there any other difference?,简单,比较级 / 省略替代,proposals / volunteers,每份（10 题，10 个小题）,360,question_bank/sources/expansion_2026_09/build_sentence.json,两方案费用相同但人手需求不同，避免机械同义替换。 解析中的关键新词块已补中文释义。,"前句：The two proposals cost the same. Is there any other difference? 固定片段：["""","" "","" "","" "","" "","".""]。已逐项检查以下可接受答案均以每槽一个词块、每个词块索引最多使用一次组装：One proposal requires more volunteers than the other.。变体针对本题词块、语境和常见自然词序核对，不声称枚举英语所有可能表达。",2026-09-27
W201,writing,build_sentence,"The consultation ends at noon, but we still have three questions.",适中,建议内容从句 / 动词形式,consultation / urgent,每份（10 题，10 个小题）,360,question_bank/sources/expansion_2026_09/build_sentence.json,建议从句与动名词宾语结构区分；固定句尾 first。 解析中的关键新词块已补中文释义。,"前句：The consultation ends at noon, but we still have three questions. 固定片段：[""I suggest "","" "","" "","" "","" first.""]。已逐项检查以下可接受答案均以每槽一个词块、每个词块索引最多使用一次组装：I suggest that we ask the most urgent question first.。变体针对本题词块、语境和常见自然词序核对，不声称枚举英语所有可能表达。",2026-09-27
W202,writing,build_sentence,Why did the tutor ask us to try the problem before showing the solution?,适中,条件性否定 / 介词后动名词,explanation / ourselves,每份（10 题，10 个小题）,360,question_bank/sources/expansion_2026_09/build_sentence.json,without trying 引缺失条件，整段前置或后置均表示不先尝试就难理解。 解析中的关键新词块已补中文释义。,"前句：Why did the tutor ask us to try the problem before showing the solution? 固定片段：["""","" "","" "","" "","" "","" "","".""]。已逐项检查以下可接受答案均以每槽一个词块、每个词块索引最多使用一次组装：We would not understand the explanation without trying the problem ourselves.；Without trying the problem ourselves, we would not understand the explanation.。变体针对本题词块、语境和常见自然词序核对，不声称枚举英语所有可能表达。",2026-09-27
W203,writing,build_sentence,You look tired. Has the editing taken all morning?,适中,现在完成进行时 / 时间起点,captions / breakfast,每份（10 题，10 个小题）,360,question_bank/sources/expansion_2026_09/build_sentence.json,持续核对与当前疲倦相呼应，固定主语减少时间前置。 解析中的关键新词块已补中文释义。,"前句：You look tired. Has the editing taken all morning? 固定片段：[""I "","" "","" "","" "","" "","".""]。已逐项检查以下可接受答案均以每槽一个词块、每个词块索引最多使用一次组装：I have been checking the captions since breakfast.。变体针对本题词块、语境和常见自然词序核对，不声称枚举英语所有可能表达。",2026-09-27
W204,writing,build_sentence,I think the map shows a pedestrian bridge across the canal.,困难,反意疑问句 / 单数代词回指,pedestrian / connects,每份（10 题，10 个小题）,360,question_bank/sources/expansion_2026_09/build_sentence.json,正式但自然的非缩写反意问句，not 固定且与肯定主句配对。 解析中的关键新词块已补中文释义。,"前句：I think the map shows a pedestrian bridge across the canal. 固定片段：["""","" "","" "","", "","" "","" not?""]。已逐项检查以下可接受答案均以每槽一个词块、每个词块索引最多使用一次组装：The bridge connects the two parks, does it not?。变体针对本题词块、语境和常见自然词序核对，不声称枚举英语所有可能表达。",2026-09-27
W205,writing,build_sentence,"The forecast is uncertain, and the organizers have not announced a decision.",适中,嵌入式是非问句 / 不可拆词块,forecast / take place,每份（10 题，10 个小题）,360,question_bank/sources/expansion_2026_09/build_sentence.json,补收 or not 修饰外层 know 的自然问句；不把是否词块不可拆误当成 or not 只能在句尾。,"前句：The forecast is uncertain, and the organizers have not announced a decision. 固定片段：["""","" "","" "","" "","" "","" "",""?""]。已逐项检查以下可接受答案均以每槽一个词块、每个词块索引最多使用一次组装：Do you know whether the picnic will take place or not?；Do you know or not whether the picnic will take place?。变体针对本题词块、语境和常见自然词序核对，不声称枚举英语所有可能表达。",2026-09-27
W206,writing,build_sentence,Which researcher will lead the field trip?,困难,所属关系从句 / 句中固定关系词,researcher / article,每份（10 题，10 个小题）,360,question_bank/sources/expansion_2026_09/build_sentence.json,固定 whose 限制所属从句，主句与从句主语不同。 解析中的关键新词块已补中文释义。,"前句：Which researcher will lead the field trip? 固定片段：["""","" whose "","" "","" "","" "","".""]。已逐项检查以下可接受答案均以每槽一个词块、每个词块索引最多使用一次组装：The researcher whose article you read will lead the trip.。变体针对本题词块、语境和常见自然词序核对，不声称枚举英语所有可能表达。",2026-09-27
W207,writing,build_sentence,Where can visiting students store their luggage?,适中,地点关系从句 / 存在句,luggage / visiting students,每份（10 题，10 个小题）,360,question_bank/sources/expansion_2026_09/build_sentence.json,存在句后附地点从句，不使用倒装重复提问。 解析中的关键新词块已补中文释义。,"前句：Where can visiting students store their luggage? 固定片段：["""","" "","" "","" "","" "","" "","".""]。已逐项检查以下可接受答案均以每槽一个词块、每个词块索引最多使用一次组装：There is a room where they can leave their bags.。变体针对本题词块、语境和常见自然词序核对，不声称枚举英语所有可能表达。",2026-09-27
W208,writing,build_sentence,The water fountain has been leaking since yesterday.,简单,主语疑问句 / 形容词介词搭配,responsible / repairs,每份（10 题，10 个小题）,360,question_bank/sources/expansion_2026_09/build_sentence.json,职责归属的简短自然问句，词性决定系动词 is。 解析中的关键新词块已补中文释义。,"前句：The water fountain has been leaking since yesterday. 固定片段：["""","" "","" "","" "","" "",""?""]。已逐项检查以下可接受答案均以每槽一个词块、每个词块索引最多使用一次组装：Which department is responsible for repairs?。变体针对本题词块、语境和常见自然词序核对，不声称枚举英语所有可能表达。",2026-09-27
W209,writing,build_sentence,Can I use either of these passwords to access the old account?,适中,neither…nor 并列 / 主谓一致,password / account,每份（10 题，10 个小题）,360,question_bank/sources/expansion_2026_09/build_sentence.json,两个单数并列项对调语义不变，收录交换次序。 解析中的关键新词块已补中文释义。,"前句：Can I use either of these passwords to access the old account? 固定片段：[""Neither "","" "","" "","" "","".""]。已逐项检查以下可接受答案均以每槽一个词块、每个词块索引最多使用一次组装：Neither the first password nor the second one works.；Neither the second one nor the first password works.。变体针对本题词块、语境和常见自然词序核对，不声称枚举英语所有可能表达。",2026-09-27
W210,writing,build_sentence,This display is about current research. Does the other one cover the same period?,适中,while 对比 / 指代与信息对应,current research / earlier theories,每份（10 题，10 个小题）,360,question_bank/sources/expansion_2026_09/build_sentence.json,两种动词分配与两种完整分句先后共四个自然答案；语境限制主题归属，不限制先讲哪处展览。,"前句：This display is about current research. Does the other one cover the same period? 固定片段：["""","" "","" "","", while "","" "","" "","".""]。已逐项检查以下可接受答案均以每槽一个词块、每个词块索引最多使用一次组装：This display focuses on current research, while the other explores earlier theories.；This display explores current research, while the other focuses on earlier theories.；The other explores earlier theories, while this display focuses on current research.；The other focuses on earlier theories, while this display explores current research.。变体针对本题词块、语境和常见自然词序核对，不声称枚举英语所有可能表达。",2026-09-27
W211,writing,build_sentence,Is my booking guaranteed once I complete this form?,适中,unless 与否定 / 将来时被动,deposit / confirmed,每份（10 题，10 个小题）,360,question_bank/sources/expansion_2026_09/build_sentence.json,支付条件与否定被动形成可核对的许可逻辑。 解析中的关键新词块已补中文释义。,"前句：Is my booking guaranteed once I complete this form? 固定片段：[""Your booking "","" "","" "","" "","" "","".""]。已逐项检查以下可接受答案均以每槽一个词块、每个词块索引最多使用一次组装：Your booking will not be confirmed unless we receive the deposit.。变体针对本题词块、语境和常见自然词序核对，不声称枚举英语所有可能表达。",2026-09-27
W212,writing,build_sentence,The shared kitchen felt strange at first. Is it easier now?,适中,适应结构 / 介词后动名词,sharing / cooking space,每份（10 题，10 个小题）,360,question_bank/sources/expansion_2026_09/build_sentence.json,与过去习惯题形成实质语法对照，而非仅替换主题。 解析中的关键新词块已补中文释义。,"前句：The shared kitchen felt strange at first. Is it easier now? 固定片段：[""I "","" "","" "","" "","".""]。已逐项检查以下可接受答案均以每槽一个词块、每个词块索引最多使用一次组装：I am getting used to sharing the cooking space.。变体针对本题词块、语境和常见自然词序核对，不声称枚举英语所有可能表达。",2026-09-27
W213,writing,build_sentence,How can we keep the label on this bottle readable?,简单,avoid 后动名词 / 方式状语,label / wet hands,每份（10 题，10 个小题）,360,question_bank/sources/expansion_2026_09/build_sentence.json,祈使建议具体限定湿手接触，不泛化为不许使用瓶子。 解析中的关键新词块已补中文释义。,"前句：How can we keep the label on this bottle readable? 固定片段：["""","" "","" "","" "","".""]。已逐项检查以下可接受答案均以每槽一个词块、每个词块索引最多使用一次组装：Avoid touching the label with wet hands.；With wet hands, avoid touching the label.。变体针对本题词块、语境和常见自然词序核对，不声称枚举英语所有可能表达。",2026-09-27
W214,writing,build_sentence,The receptionist said the revised schedule would be sent before dinner.,适中,promise 后不定式 / 状语范围,promised / before six,每份（10 题，10 个小题）,360,question_bank/sources/expansion_2026_09/build_sentence.json,截止时间约束发送而非许诺时刻，排除改变范围的前置。 解析中的关键新词块已补中文释义。,"前句：The receptionist said the revised schedule would be sent before dinner. 固定片段：[""She "","" "","" "","" "","".""]。已逐项检查以下可接受答案均以每槽一个词块、每个词块索引最多使用一次组装：She promised to email it before six.。变体针对本题词块、语境和常见自然词序核对，不声称枚举英语所有可能表达。",2026-09-27
W215,writing,build_sentence,Did you replace the cracked laptop screen yourself?,适中,使役被动 / 动作角色,cracked / replaced,每份（10 题，10 个小题）,360,question_bank/sources/expansion_2026_09/build_sentence.json,明确安排者、受事与实施者，避免主动被动角色倒置。 解析中的关键新词块已补中文释义。,"前句：Did you replace the cracked laptop screen yourself? 固定片段：[""I "","" "","" "","" "","".""]。已逐项检查以下可接受答案均以每槽一个词块、每个词块索引最多使用一次组装：I had the screen replaced by a technician.。变体针对本题词块、语境和常见自然词序核对，不声称枚举英语所有可能表达。",2026-09-27
W216,writing,build_sentence,Should we wait until next week to reserve seats?,困难,关联比较结构 / 可数名词数量,fewer / remain,每份（10 题，10 个小题）,360,question_bank/sources/expansion_2026_09/build_sentence.json,递进关联比较而非普通 than 比较，槽位与两主语分开。 解析中的关键新词块已补中文释义。,"前句：Should we wait until next week to reserve seats? 固定片段：[""The longer "","" "","", "","" "","" "","".""]。已逐项检查以下可接受答案均以每槽一个词块、每个词块索引最多使用一次组装：The longer we wait, the fewer seats will remain.。变体针对本题词块、语境和常见自然词序核对，不声称枚举英语所有可能表达。",2026-09-27
W217,writing,build_sentence,"I wrote down the delivery date, but I cannot find my note.",适中,嵌入式时间问句 / 预期安排结构,furniture / supposed,每份（10 题，10 个小题）,360,question_bank/sources/expansion_2026_09/build_sentence.json,计划到货与实际发生区分，外层助动词不重复进入从句。 解析中的关键新词块已补中文释义。,"前句：I wrote down the delivery date, but I cannot find my note. 固定片段：[""Do you "","" "","" "","" "","" "",""?""]。已逐项检查以下可接受答案均以每槽一个词块、每个词块索引最多使用一次组装：Do you remember when the furniture is supposed to arrive?。变体针对本题词块、语境和常见自然词序核对，不声称枚举英语所有可能表达。",2026-09-27
W218,writing,build_sentence,"The workshop fee is listed, but equipment costs are not.",适中,嵌入式数量问句 / 副词位置,tools / altogether,每份（10 题，10 个小题）,360,question_bank/sources/expansion_2026_09/build_sentence.json,固定总计副词于句尾，重点考查内层金额问句的陈述语序。 解析中的关键新词块已补中文释义。,"前句：The workshop fee is listed, but equipment costs are not. 固定片段：[""I wonder "","" "","" "","" "","" altogether.""]。已逐项检查以下可接受答案均以每槽一个词块、每个词块索引最多使用一次组装：I wonder how much the tools will cost altogether.。变体针对本题词块、语境和常见自然词序核对，不声称枚举英语所有可能表达。",2026-09-27
W219,writing,build_sentence,Was the volunteer’s job limited to translating the guide?,适中,并列递进 / 动作范围,translated / instructions,每份（10 题，10 个小题）,360,question_bank/sources/expansion_2026_09/build_sentence.json,主体固定且第二动作是不可拆词块，保持附加贡献的焦点。 解析中的关键新词块已补中文释义。,"前句：Was the volunteer’s job limited to translating the guide? 固定片段：[""She "","" "","" "","" "","" "","".""]。已逐项检查以下可接受答案均以每槽一个词块、每个词块索引最多使用一次组装：She not only translated the guide but also tested its instructions.。变体针对本题词块、语境和常见自然词序核对，不声称枚举英语所有可能表达。",2026-09-27
W220,writing,build_sentence,How does the laboratory keep track of borrowed goggles?,适中,时间条件从句 / 单数不定代词与回指,goggles / borrows,每份（10 题，10 个小题）,360,question_bank/sources/expansion_2026_09/build_sentence.json,固定借用者 someone 与记录者 the assistant，三空分别放 borrows、a pair、records；borrow 为形态干扰。 解析中的关键新词块已补中文释义。,"前句：How does the laboratory keep track of borrowed goggles? 固定片段：[""Whenever someone "","" "","", the assistant "","" their name.""]。已逐项检查以下可接受答案均以每槽一个词块、每个词块索引最多使用一次组装：Whenever someone borrows a pair, the assistant records their name.。变体针对本题词块、语境和常见自然词序核对，不声称枚举英语所有可能表达。",2026-09-27
W221,writing,build_sentence,"The machine was expensive, but it saved us many hours of work.",适中,让步连接词 / 介词与连词区别,a great deal / saved,每份（10 题，10 个小题）,360,question_bank/sources/expansion_2026_09/build_sentence.json,Although 接完整分句，与 despite 词性不同；收录让步前后置。 解析中的关键新词块已补中文释义。,"前句：The machine was expensive, but it saved us many hours of work. 固定片段：["""","" "","" "","", "","" "","" "","".""]。已逐项检查以下可接受答案均以每槽一个词块、每个词块索引最多使用一次组装：Although it cost more, it saved us a great deal of time.；It saved us a great deal of time although it cost more.。变体针对本题词块、语境和常见自然词序核对，不声称枚举英语所有可能表达。",2026-09-27
W222,writing,build_sentence,Why did the coordinator apologize to the participants?,适中,介词后否定动名词 / 时间副词范围,apologized / sooner,每份（10 题，10 个小题）,360,question_bank/sources/expansion_2026_09/build_sentence.json,道歉内容与更早通知时间，收录不改变范围的副词位置。 解析中的关键新词块已补中文释义。,"前句：Why did the coordinator apologize to the participants? 固定片段：[""She apologized "","" "","" "","" "","" "","".""]。已逐项检查以下可接受答案均以每槽一个词块、每个词块索引最多使用一次组装：She apologized for not telling them about the change sooner.；She apologized for not telling them sooner about the change.。变体针对本题词块、语境和常见自然词序核对，不声称枚举英语所有可能表达。",2026-09-27
W223,writing,build_sentence,We missed the last train because we left the building too late.,困难,过去反事实条件句 / 完成式搭配,caught / last train,每份（10 题，10 个小题）,360,question_bank/sources/expansion_2026_09/build_sentence.json,实际错过与假设赶上有明确证据，固定 If 约束前置。 解析中的关键新词块已补中文释义。,"前句：We missed the last train because we left the building too late. 固定片段：[""If "","" "","", "","" "","" "","".""]。已逐项检查以下可接受答案均以每槽一个词块、每个词块索引最多使用一次组装：If we had left earlier, we would have caught the last train.。变体针对本题词块、语境和常见自然词序核对，不声称枚举英语所有可能表达。",2026-09-27
W224,writing,build_sentence,The document on your screen is too small for me to read.,简单,礼貌请求 / 动名词与宾补,larger / text,每份（10 题，10 个小题）,360,question_bank/sources/expansion_2026_09/build_sentence.json,字号需求不同于增加内容，动名词请求配状态补语。 解析中的关键新词块已补中文释义。,"前句：The document on your screen is too small for me to read. 固定片段：[""Would you mind "","" "","" "","" "",""?""]。已逐项检查以下可接受答案均以每槽一个词块、每个词块索引最多使用一次组装：Would you mind making the text a little larger?。变体针对本题词块、语境和常见自然词序核对，不声称枚举英语所有可能表达。",2026-09-27
W225,writing,build_sentence,Can we begin testing before the supervisor checks the equipment?,困难,要求式虚拟语气 / 前置条件,essential / setup,每份（10 题，10 个小题）,360,question_bank/sources/expansion_2026_09/build_sentence.json,要求式从句使用原形 approve；移除英美变体可能产生的争议，改以缺少助动词的 approving 作干扰。 解析中的关键新词块已补中文释义。,"前句：Can we begin testing before the supervisor checks the equipment? 固定片段：[""It is essential "","" "","" "","" "","" first.""]。已逐项检查以下可接受答案均以每槽一个词块、每个词块索引最多使用一次组装：It is essential that the supervisor approve the setup first.。变体针对本题词块、语境和常见自然词序核对，不声称枚举英语所有可能表达。",2026-09-27
W226,writing,build_sentence,The bus no longer stops outside the clinic. How will patients get there?,简单,情态动词原形 / 起点与终点,shuttle / clinic,每份（10 题，10 个小题）,360,question_bank/sources/expansion_2026_09/build_sentence.json,固定主语与 from 起点，末空只填 to 终点；减少不必要的状语排列歧义。 解析中的关键新词块已补中文释义。,"前句：The bus no longer stops outside the clinic. How will patients get there? 固定片段：[""A shuttle "","" "","" "","" from the station "","".""]。已逐项检查以下可接受答案均以每槽一个词块、每个词块索引最多使用一次组装：A shuttle will take them from the station to the clinic.。变体针对本题词块、语境和常见自然词序核对，不声称枚举英语所有可能表达。",2026-09-27
W227,writing,build_sentence,Why is the application page still showing an error?,困难,名词性主语从句 / 否定助动词,entered / match,每份（10 题，10 个小题）,360,question_bank/sources/expansion_2026_09/build_sentence.json,匹配关系可双向陈述；补收卡号作主语、输入内容作宾语的合法词序。,"前句：Why is the application page still showing an error? 固定片段：["""","" "","" "","" "","" "","".""]。已逐项检查以下可接受答案均以每槽一个词块、每个词块索引最多使用一次组装：What you entered does not match the number on your card.；The number on your card does not match what you entered.。变体针对本题词块、语境和常见自然词序核对，不声称枚举英语所有可能表达。",2026-09-27
W228,writing,build_sentence,Do I need to buy a ticket for the courtyard exhibition?,适中,名词后修饰 / 受益对象范围,admission / local residents,每份（10 题，10 个小题）,360,question_bank/sources/expansion_2026_09/build_sentence.json,固定居民范围，接受入场地点在名词后或 free 后的两种常见同义安排。 解析中的关键新词块已补中文释义。,"前句：Do I need to buy a ticket for the courtyard exhibition? 固定片段：["""","" "","" "","" "","" for local residents.""]。已逐项检查以下可接受答案均以每槽一个词块、每个词块索引最多使用一次组装：Admission to the courtyard is free for local residents.；Admission is free to the courtyard for local residents.；To the courtyard, admission is free for local residents.。变体针对本题词块、语境和常见自然词序核对，不声称枚举英语所有可能表达。",2026-09-27
W229,writing,build_sentence,The technician has a spare projector. Should I ask to borrow it?,适中,worth 后动名词 / 是否内容从句,worth / projector,每份（10 题，10 个小题）,360,question_bank/sources/expansion_2026_09/build_sentence.json,评价行动价值与借用许可区分，worth 的补语类型明确。 解析中的关键新词块已补中文释义。,"前句：The technician has a spare projector. Should I ask to borrow it? 固定片段：["""","" "","" "","" "","" "","".""]。已逐项检查以下可接受答案均以每槽一个词块、每个词块索引最多使用一次组装：It would be worth asking whether we could use it.。变体针对本题词块、语境和常见自然词序核对，不声称枚举英语所有可能表达。",2026-09-27
W230,writing,build_sentence,"I recognize that tune, but I cannot remember its name.",简单,现在完成时问句 / 经历与地点,tune / heard,每份（10 题，10 个小题）,360,question_bank/sources/expansion_2026_09/build_sentence.json,固定句尾经历副词，完成时分词区别于原形。 解析中的关键新词块已补中文释义。,"前句：I recognize that tune, but I cannot remember its name. 固定片段：["""","" "","" "","" "","" "","" before?""]。已逐项检查以下可接受答案均以每槽一个词块、每个词块索引最多使用一次组装：Where have you heard it before?。变体针对本题词块、语境和常见自然词序核对，不声称枚举英语所有可能表达。",2026-09-27
W231,writing,build_sentence,Is the soil too dry to plant the seedlings today?,适中,need 后动名词被动含义 / 操作先后,soil / seedlings,每份（10 题，10 个小题）,360,question_bank/sources/expansion_2026_09/build_sentence.json,water 可作名词，原解析将它一律当动词而误拒；水与浇水两种补语各收录时间从句前后置。,"前句：Is the soil too dry to plant the seedlings today? 固定片段：["""","" "","" "","" "","" "","".""]。已逐项检查以下可接受答案均以每槽一个词块、每个词块索引最多使用一次组装：The soil needs watering before we plant the seedlings.；Before we plant the seedlings, the soil needs watering.；The soil needs water before we plant the seedlings.；Before we plant the seedlings, the soil needs water.。变体针对本题词块、语境和常见自然词序核对，不声称枚举英语所有可能表达。",2026-09-27
W232,writing,build_sentence,"The article seems convincing, but I do not know who wrote it.",适中,嵌入式身份问句 / 引用前核查,author / citing,每份（10 题，10 个小题）,360,question_bank/sources/expansion_2026_09/build_sentence.json,身份判断中 who the author is 与 who is the author 均可表达同一未知作者，不以单一倒装口诀误拒自然表达。 解析中的关键新词块已补中文释义。,"前句：The article seems convincing, but I do not know who wrote it. 固定片段：["""","" "","" "","" "","" "","" before citing it.""]。已逐项检查以下可接受答案均以每槽一个词块、每个词块索引最多使用一次组装：We should find out who the author is before citing it.；We should find out who is the author before citing it.。变体针对本题词块、语境和常见自然词序核对，不声称枚举英语所有可能表达。",2026-09-27
W233,writing,build_sentence,Why are you keeping a copy of the rental agreement?,困难,预防条件 / 介词后内容从句,rental agreement / arise,每份（10 题，10 个小题）,360,question_bank/sources/expansion_2026_09/build_sentence.json,记录内容与预防目的分开，收录条件整段前后置。 解析中的关键新词块已补中文释义。,"前句：Why are you keeping a copy of the rental agreement? 固定片段：["""","" "","" "","" "","" "","" "","".""]。已逐项检查以下可接受答案均以每槽一个词块、每个词块索引最多使用一次组装：In case any questions arise, I want a record of what we agreed.；I want a record of what we agreed in case any questions arise.。变体针对本题词块、语境和常见自然词序核对，不声称枚举英语所有可能表达。",2026-09-27
W234,writing,build_sentence,Did the spare bulb solve the lighting problem?,适中,动名词主语 / 否定效果,bulb / brightness,每份（10 题，10 个小题）,360,question_bank/sources/expansion_2026_09/build_sentence.json,动作确曾发生但未改善结果，动名词与主句谓语分工清楚。 解析中的关键新词块已补中文释义。,"前句：Did the spare bulb solve the lighting problem? 固定片段：["""","" "","" "","" "","" "","".""]。已逐项检查以下可接受答案均以每槽一个词块、每个词块索引最多使用一次组装：Changing the bulb made no difference to the brightness.。变体针对本题词块、语境和常见自然词序核对，不声称枚举英语所有可能表达。",2026-09-27
W235,writing,build_sentence,Why was the bakery able to reopen so quickly after the flood?,适中,help 宾补 / 多角色与时间关系,bakery / inspection,每份（10 题，10 个小题）,360,question_bank/sources/expansion_2026_09/build_sentence.json,固定检查前的时间界限，避免宽松状语位置使可接受词序边界不清。 解析中的关键新词块已补中文释义。,"前句：Why was the bakery able to reopen so quickly after the flood? 固定片段：[""The neighbors "","" "","" "","" "","" before the inspection.""]。已逐项检查以下可接受答案均以每槽一个词块、每个词块索引最多使用一次组装：The neighbors helped the owner clean the kitchen before the inspection.。变体针对本题词块、语境和常见自然词序核对，不声称枚举英语所有可能表达。",2026-09-27
W236,writing,build_sentence,Should visitors bring their own headphones for the audio tour?,适中,被动语态与结果 / 必要性范围,headphones / provided,每份（10 题，10 个小题）,360,question_bank/sources/expansion_2026_09/build_sentence.json,固定中间 so 分隔事实与结果，区分无必要与禁令。 解析中的关键新词块已补中文释义。,"前句：Should visitors bring their own headphones for the audio tour? 固定片段：["""","" "","", so "","" "","" "","".""]。已逐项检查以下可接受答案均以每槽一个词块、每个词块索引最多使用一次组装：Headphones are provided, so there is no need to bring your own.。变体针对本题词块、语境和常见自然词序核对，不声称枚举英语所有可能表达。",2026-09-27
W237,writing,build_sentence,"I want to sign up, but the form asks for an identification number I do not have.",适中,介词后动名词 / 情态许可问句,register / identification number,每份（10 题，10 个小题）,360,question_bank/sources/expansion_2026_09/build_sentence.json,补收 without providing 条件短语前置；两种词序询问同一报名许可。,"前句：I want to sign up, but the form asks for an identification number I do not have. 固定片段：["""","" "","" "","" "","" "","" "",""?""]。已逐项检查以下可接受答案均以每槽一个词块、每个词块索引最多使用一次组装：Can I register without providing that number?；Without providing that number, can I register?。变体针对本题词块、语境和常见自然词序核对，不声称枚举英语所有可能表达。",2026-09-27
W238,writing,build_sentence,The stage manager said the rehearsal had been postponed.,适中,嵌入式时长问句 / 将来时间,rehearsal / delay,每份（10 题，10 个小题）,360,question_bank/sources/expansion_2026_09/build_sentence.json,自然跟进排练延期信息，只要求时长不虚构具体日期。 解析中的关键新词块已补中文释义。,"前句：The stage manager said the rehearsal had been postponed. 固定片段：["""","" "","" "","" "","" "","" "",""?""]。已逐项检查以下可接受答案均以每槽一个词块、每个词块索引最多使用一次组装：Do you know how long the delay will last?。变体针对本题词块、语境和常见自然词序核对，不声称枚举英语所有可能表达。",2026-09-27
W239,writing,build_sentence,The bus ride was longer than I expected. Did you find it difficult?,适中,否定同级比较 / 过去预期,tiring / expected,每份（10 题，10 个小题）,360,question_bank/sources/expansion_2026_09/build_sentence.json,否定程度比较与预期完成时相连，than 为搭配干扰。 解析中的关键新词块已补中文释义。,"前句：The bus ride was longer than I expected. Did you find it difficult? 固定片段：["""","" "","" "","" "","" "","".""]。已逐项检查以下可接受答案均以每槽一个词块、每个词块索引最多使用一次组装：It was not as tiring as I had expected.。变体针对本题词块、语境和常见自然词序核对，不声称枚举英语所有可能表达。",2026-09-27
W240,writing,build_sentence,Should we send the entire group to collect the materials?,简单,数量充足 / 单数主谓一致,supplies / pick up,每份（10 题，10 个小题）,360,question_bank/sources/expansion_2026_09/build_sentence.json,比较派人数量而非供给数量，简短句保留容易项目。 解析中的关键新词块已补中文释义。,"前句：Should we send the entire group to collect the materials? 固定片段：["""","" "","" "","" "","" "","".""]。已逐项检查以下可接受答案均以每槽一个词块、每个词块索引最多使用一次组装：One person is enough to pick up the supplies.。变体针对本题词块、语境和常见自然词序核对，不声称枚举英语所有可能表达。",2026-09-27
W241,writing,build_sentence,The blueprints were missing from the folder this morning.,困难,情态完成被动 / 过去进行时被动,blueprints / moved,每份（10 题，10 个小题）,360,question_bank/sources/expansion_2026_09/build_sentence.json,线索支持推测而非证实；解析明确 must 的推断意义。 解析中的关键新词块已补中文释义。,"前句：The blueprints were missing from the folder this morning. 固定片段：[""They "","" "","" "","" "","" "","".""]。已逐项检查以下可接受答案均以每槽一个词块、每个词块索引最多使用一次组装：They must have been moved while the office was being cleaned.。变体针对本题词块、语境和常见自然词序核对，不声称枚举英语所有可能表达。",2026-09-27
W242,writing,build_sentence,"I think this chair would fit beneath the counter, but I have not measured it.",适中,外层方式问句 / 形容词内容从句,measured / fit,每份（10 题，10 个小题）,360,question_bank/sources/expansion_2026_09/build_sentence.json,问判断依据而非实测尺寸，嵌入内容保持陈述语序。 解析中的关键新词块已补中文释义。,"前句：I think this chair would fit beneath the counter, but I have not measured it. 固定片段：["""","" "","" "","" "","" "","" "",""?""]。已逐项检查以下可接受答案均以每槽一个词块、每个词块索引最多使用一次组装：How can you be sure that it will fit?。变体针对本题词块、语境和常见自然词序核对，不声称枚举英语所有可能表达。",2026-09-27
W243,writing,build_sentence,The speaker has lost her voice. Is the panel still going to meet?,适中,让步条件 / 情态否定,panel / attend,每份（10 题，10 个小题）,360,question_bank/sources/expansion_2026_09/build_sentence.json,even if 让步前置和后置均接受；额外 even 不能单独连接分句。 解析中的关键新词块已补中文释义。,"前句：The speaker has lost her voice. Is the panel still going to meet? 固定片段：["""","" "","" "","" "","" "","".""]。已逐项检查以下可接受答案均以每槽一个词块、每个词块索引最多使用一次组装：The panel will go ahead even if she cannot attend.；Even if she cannot attend, the panel will go ahead.。变体针对本题词块、语境和常见自然词序核对，不声称枚举英语所有可能表达。",2026-09-27
W244,writing,build_sentence,The sign for the lecture room was hidden behind a plant.,适中,原因内容从句 / 方式名词短语,hidden / wrong way,每份（10 题，10 个小题）,360,question_bank/sources/expansion_2026_09/build_sentence.json,前述事件作解释来源，固定 That 排除倒装与问句重构。 解析中的关键新词块已补中文释义。,"前句：The sign for the lecture room was hidden behind a plant. 固定片段：[""That "","" "","" "","" "","" "","".""]。已逐项检查以下可接受答案均以每槽一个词块、每个词块索引最多使用一次组装：That explains why so many people went the wrong way.。变体针对本题词块、语境和常见自然词序核对，不声称枚举英语所有可能表达。",2026-09-27
W245,writing,build_sentence,"We do not need every receipt, do we?",适中,限定关系从句 / only 范围,receipts / expenses,每份（10 题，10 个小题）,360,question_bank/sources/expansion_2026_09/build_sentence.json,允许口语中常见的 Only keep 与 Keep only 同义排列，不把可接受的 only 位置误判成唯一范围。 解析中的关键新词块已补中文释义。,"前句：We do not need every receipt, do we? 固定片段：["""","" "","" "","" "","" "","".""]。已逐项检查以下可接受答案均以每槽一个词块、每个词块索引最多使用一次组装：Keep only the receipts that show business expenses.；Only keep the receipts that show business expenses.。变体针对本题词块、语境和常见自然词序核对，不声称枚举英语所有可能表达。",2026-09-27
W246,writing,build_sentence,"The surface looks smooth, but it is still wet.",适中,时间从句完成式 / 操作前提,surface / paint,每份（10 题，10 个小题）,360,question_bank/sources/expansion_2026_09/build_sentence.json,固定句尾触碰前提与直到干透的终点一致。 解析中的关键新词块已补中文释义。,"前句：The surface looks smooth, but it is still wet. 固定片段：[""Please "","" "","" "","" "","" before touching it.""]。已逐项检查以下可接受答案均以每槽一个词块、每个词块索引最多使用一次组装：Please wait until the paint has dried before touching it.。变体针对本题词块、语境和常见自然词序核对，不声称枚举英语所有可能表达。",2026-09-27
W247,writing,build_sentence,Would buying a larger freezer solve our storage problem?,困难,主语从句与表语从句 / 嵌入式是否判断,freezer / space,每份（10 题，10 个小题）,360,question_bank/sources/expansion_2026_09/build_sentence.json,补收 whether 从句作主语的倒置系表陈述；两个名词性从句互换仍表达同一重点。,"前句：Would buying a larger freezer solve our storage problem? 固定片段：["""","" "","" "","" "","" "","" "","".""]。已逐项检查以下可接受答案均以每槽一个词块、每个词块索引最多使用一次组装：What matters is whether we have space for it.；Whether we have space for it is what matters.。变体针对本题词块、语境和常见自然词序核对，不声称枚举英语所有可能表达。",2026-09-27
W248,writing,build_sentence,Why did the audience laugh before the actor finished speaking?,困难,过去完成时 / 过去将来与嵌入问句,audience / guessed,每份（10 题，10 个小题）,360,question_bank/sources/expansion_2026_09/build_sentence.json,过去的预期内容采用 would，时间参照明确。 解析中的关键新词块已补中文释义。,"前句：Why did the audience laugh before the actor finished speaking? 固定片段：["""","" "","" "","" "","" "","" "","".""]。已逐项检查以下可接受答案均以每槽一个词块、每个词块索引最多使用一次组装：They had already guessed how the story would end.。变体针对本题词块、语境和常见自然词序核对，不声称枚举英语所有可能表达。",2026-09-27
W249,writing,build_sentence,"Can we invite anyone to the rehearsal, or is it private?",适中,不定代词关系从句 / 主谓一致,observe / welcome,每份（10 题，10 个小题）,360,question_bank/sources/expansion_2026_09/build_sentence.json,补收 attend 与 observe 互换的自然邀请表达，保持单数一致与公开旁观语境。,"前句：Can we invite anyone to the rehearsal, or is it private? 固定片段：["""","" "","" "","" "","" "","".""]。已逐项检查以下可接受答案均以每槽一个词块、每个词块索引最多使用一次组装：Anyone who wants to observe is welcome to attend.；Anyone who wants to attend is welcome to observe.。变体针对本题词块、语境和常见自然词序核对，不声称枚举英语所有可能表达。",2026-09-27
W250,writing,build_sentence,"The digital copy is convenient, but the original signature is still required.",困难,时间从句完成被动 / 保留期限,original document / approved,每份（10 题，10 个小题）,360,question_bank/sources/expansion_2026_09/build_sentence.json,纸本签名要求与保留终点明确，时间从句强调批准完成。 解析中的关键新词块已补中文释义。,"前句：The digital copy is convenient, but the original signature is still required. 固定片段：["""","" "","" "","" "","" "","" "","".""]。已逐项检查以下可接受答案均以每槽一个词块、每个词块索引最多使用一次组装：Please keep the original document until your application has been approved.；Until your application has been approved, please keep the original document.。变体针对本题词块、语境和常见自然词序核对，不声称枚举英语所有可能表达。",2026-09-27
W251,writing,write_email,"You volunteer at a neighborhood oral-history project. A resident agreed to an audio interview but has now asked that a story about her employer not appear online. The recording has not been published. Your supervisor, Ms. Ellis, controls the archive.",困难,任务覆盖与具体细节 / 收件人关系与语气 / 可执行的沟通,recording / permission / transcript,每份（1 题，1 个小题）,420,question_bank/sources/expansion_2026_09/write_email.json,not appear online 是不要公开到网上；她撤回雇主故事的公开许可，并未取消整段采访，须交代未发布状态、删节方案和确认步骤。 难度来自任务整合与表达要求，非官方等级。,范文用 restricted（限制访问）保留原件待核政策，再请本人核对删节版；只承诺匿名仍可能暴露雇主，不能替当事人批准。,2026-09-27
W252,writing,write_email,"You coordinate a community seed exchange. Several envelopes marked “basil” may contain another herb because labels fell off during sorting. The envelopes are still at the collection desk. Write to your fellow organizer, Jordan, before volunteers distribute them.",适中,任务覆盖与具体细节 / 收件人关系与语气 / 可执行的沟通,basil / envelopes / labels,每份（1 题，1 个小题）,420,question_bank/sources/expansion_2026_09/write_email.json,basil 是罗勒；不确定的是种子身份，不是已证实全部装错。 难度来自任务整合与表达要求，非官方等级。,范文先暂停分发，再查原容器；无法确认就说明不确定，最后加双人批次核对。直接换标签会把猜测变成错误承诺。,2026-09-27
W253,writing,write_email,"Your class team built a prototype using a local shop’s sample sales spreadsheet. The shop permitted classroom use only. A teammate wants to put the prototype and spreadsheet in a public portfolio. Write to that teammate, Casey.",困难,任务覆盖与具体细节 / 收件人关系与语气 / 可执行的沟通,spreadsheet / portfolio / fictional,每份（1 题，1 个小题）,420,question_bank/sources/expansion_2026_09/write_email.json,classroom use only 仅限课堂；作品展示权不自动包含商店数据的公开权。 难度来自任务整合与表达要求，非官方等级。,范文承认展示价值，再用明确标注的虚构交易替换数据并检查下载包；仅删店名不够，图表也可能泄露。,2026-09-27
W254,writing,write_email,"You share an apartment freezer with two roommates. Its door was left slightly open overnight, and some food has softened. You do not know who last used it. Your roommate Sam is away until evening. Write to Sam without assigning blame.",困难,任务覆盖与具体细节 / 收件人关系与语气 / 可执行的沟通,freezer / softened / shared,每份（1 题，1 个小题）,420,question_bank/sources/expansion_2026_09/write_email.json,softened 是变软，不能据此断言食物安全；须报告、说明临时处理和预防。 难度来自任务整合与表达要求，非官方等级。,范文不追责，区分关门与安全判断，暂不食用也不擅自丢室友物品。重点是共同查可靠指引，不提供未经证实的保鲜时限。,2026-09-27
W255,writing,write_email,"You organize a free community talk. The sign-language interpreter has canceled, and the venue manager offered to record the talk instead. Two registered guests requested live interpretation. Write to the venue manager, Mr. Chen.",困难,任务覆盖与具体细节 / 收件人关系与语气 / 可执行的沟通,interpreter / recording / remote,每份（1 题，1 个小题）,420,question_bank/sources/expansion_2026_09/write_email.json,live interpretation 指现场手语支持；录制不能自动替代实时参与。 难度来自任务整合与表达要求，非官方等级。,范文先感谢，再用提问参与说明差异，提出远程译员并核设备，要求明日下午决定。只写“我们会录像”遗漏核心需求。,2026-09-27
W256,writing,write_email,"You help manage a community compost bin. Plastic bags have appeared in it, although residents have been trying to contribute food scraps. The building manager, Ms. Ortiz, is considering closing the bin. Write to her with a less disruptive proposal.",适中,任务覆盖与具体细节 / 收件人关系与语气 / 可执行的沟通,compost / bags / trial,每份（1 题，1 个小题）,420,question_bank/sources/expansion_2026_09/write_email.json,contamination 是混入不该有的东西；须用试行方案回应关闭风险。 难度来自任务整合与表达要求，非官方等级。,范文把袋子问题与居民动机分开，提出图示、废袋容器和两周记录；“加强宣传”若无行动及效果指标仍不完整。,2026-09-27
W257,writing,write_email,"Your college newsletter describes you as the sole winner of a design prize. It was actually awarded jointly to you and your partner, Noor. Noor developed the user-testing approach while you worked on the visual design, and you presented the project together. The online article is already public. Write to the editor, whom you know through the design club.",适中,任务覆盖与具体细节 / 收件人关系与语气 / 可执行的沟通,jointly / award / correction,每份（1 题，1 个小题）,420,question_bank/sources/expansion_2026_09/write_email.json,jointly 是共同获奖；不是要求额外表扬，而是更正已有事实。 难度来自任务整合与表达要求，非官方等级。,范文列双方贡献说明署名影响，明确改标题、正文并加更正说明；只把伙伴名字塞进末尾可能保留“独自获奖”的错误。,2026-09-27
W258,writing,write_email,"You are a volunteer guide at a science open day. During a rehearsal of a floating-object demonstration, the lead demonstrator introduced several technical terms before showing the water trays. The family volunteers testing the activity asked what the terms meant and missed the prediction step. Another group will test it in thirty minutes.",适中,任务覆盖与具体细节 / 收件人关系与语气 / 可执行的沟通,prediction / demonstration / terms,每份（1 题，1 个小题）,420,question_bank/sources/expansion_2026_09/write_email.json,prediction 是事先预测；要报告理解在哪一步断开，而非评判家庭观众能力。 难度来自任务整合与表达要求，非官方等级。,范文用追问术语、错过预测的行为作依据，改先看材料后学词，再提预测卡并观察下一组；删掉所有科学词不如改变引入时机。,2026-09-27
W259,writing,write_email,"You bought a four-session pottery course at a community studio. After the first session, the studio announced that the remaining three will teach painting instead because the kiln is unavailable. You wanted pottery practice, but you liked the instructor. Write to the studio coordinator.",适中,任务覆盖与具体细节 / 收件人关系与语气 / 可执行的沟通,pottery / kiln / refund,每份（1 题，1 个小题）,420,question_bank/sources/expansion_2026_09/write_email.json,unused sessions 是未上的课程；请求要对准变更部分，不是否定老师。 难度来自任务整合与表达要求，非官方等级。,范文先认可首课，再说明陶艺目标，优先转课、其次退未用部分；“什么都可以”会削弱必须保留陶艺内容的边界。,2026-09-27
W260,writing,write_email,"You borrowed a folding ladder from your neighbor, Ms. Reed. Before using it, you noticed that one locking bar would not stay in place. You have not climbed it or attempted a repair. Write to Ms. Reed, who is away this week.",适中,任务覆盖与具体细节 / 收件人关系与语气 / 可执行的沟通,ladder / locking / inspection,每份（1 题，1 个小题）,420,question_bank/sources/expansion_2026_09/write_email.json,locking bar 是锁定杆；题目要求报告借物安全问题，不是自行指导维修。 难度来自任务整合与表达要求，非官方等级。,范文准确说未攀爬未维修，用折叠存放和提示防误用，再让物主决定检查或归还；不能承诺自己修好。,2026-09-27
W261,writing,write_email,"Your neighborhood association is starting a repair workshop for small wooden household items. Your neighbor, Mr. Brooks, is a retired carpenter who has offered advice informally but does not want a regular teaching job. His earlier advice about checking loose joints helped you understand how to assess damage. You are organizing the first session.",适中,任务覆盖与具体细节 / 收件人关系与语气 / 可执行的沟通,workshop / joints / commitment,每份（1 题，1 个小题）,420,question_bank/sources/expansion_2026_09/write_email.json,regular teaching job 是固定教学工作；要邀请他分享经验，同时限定单次职责并让他方便拒绝。 难度来自任务整合与表达要求，非官方等级。,范文先举检查接合处的受益，再只邀开场半小时，说明杂务由志愿者承担，并允许推荐资源或拒绝；热情不能变相施压。,2026-09-27
W262,writing,write_email,"You manage a stall at a weekend craft market. The organizer has asked every vendor to use a loudspeaker to attract visitors, but your stall offers quiet demonstrations of delicate paper folding. You want to participate in promotion without disrupting the demonstrations.",适中,任务覆盖与具体细节 / 收件人关系与语气 / 可执行的沟通,loudspeaker / demonstrations / display,每份（1 题，1 个小题）,420,question_bank/sources/expansion_2026_09/write_email.json,题目不是拒绝推广，而是协调 loudspeaker（扩音器）与需要听清步骤的演示。 难度来自任务整合与表达要求，非官方等级。,范文解释具体冲突，改用样品展示、时间表和集中广播，再询问摆放与交稿时间；只说“太吵”没有支持共同目标。,2026-09-27
W263,writing,write_email,"Your hiking club has a small travel fund reserved for members who cannot otherwise afford transport. Your friend Lee, who can pay the fare, has asked you, the fund coordinator, to approve support so Lee can save money for new equipment.",困难,任务覆盖与具体细节 / 收件人关系与语气 / 可执行的沟通,fund / fare / equipment,每份（1 题，1 个小题）,420,question_bank/sources/expansion_2026_09/write_email.json,reserved for 是专门留给某类人；友情不能替代补助资格。 难度来自任务整合与表达要求，非官方等级。,范文把不批准与评价消费分开，解释一致规则，再提拼车和借装备；含糊说“下次再批”会制造不符合规则的承诺。,2026-09-27
W264,writing,write_email,"A former classmate, Morgan, has asked you to write a recommendation for a research assistant position. You worked together on one short class presentation, where Morgan organized the meetings and explained the final slides, but have never observed Morgan doing research. You want to help without overstating your knowledge.",困难,任务覆盖与具体细节 / 收件人关系与语气 / 可执行的沟通,recommendation / research / teamwork,每份（1 题，1 个小题）,420,question_bank/sources/expansion_2026_09/write_email.json,recommendation 是推荐；可帮助不等于能证明没观察过的能力。 难度来自任务整合与表达要求，非官方等级。,范文限定为一次展示中的组织与表达，再建议研究指导老师；“很有研究潜力”若没有依据，仍可能夸大见证范围。,2026-09-27
W265,writing,write_email,"You will moderate a student debate about campus parking. Several participants have sent anonymous questions that contain personal accusations against speakers. Your co-organizer, Dana, plans to project all submissions unchanged to demonstrate openness.",困难,任务覆盖与具体细节 / 收件人关系与语气 / 可执行的沟通,questions / accusations / policy,每份（1 题，1 个小题）,420,question_bank/sources/expansion_2026_09/write_email.json,unchanged 是原样展示；公开透明不等于必须传播人身指控。 难度来自任务整合与表达要求，非官方等级。,范文保留停车政策批评、去掉动机攻击，双人筛题并开场说明；若只留下礼貌赞同，也背离开放讨论。,2026-09-27
W266,writing,write_email,You coordinate donations for a children’s cycling day. A supporter offers several used helmets but cannot provide their history or confirm whether they have been damaged. Your program accepts helmets only when their condition can be verified.,适中,任务覆盖与具体细节 / 收件人关系与语气 / 可执行的沟通,helmets / condition / registration,每份（1 题，1 个小题）,420,question_bank/sources/expansion_2026_09/write_email.json,verified 是能核实；婉拒依据是本项目接收规则，不是断定捐赠者物品必然损坏。 难度来自任务整合与表达要求，非官方等级。,范文先感谢，再说明资料不足，提供物资或时间两条路线且不默认同意；不能暗示必须买新头盔补偿。,2026-09-27
W267,writing,write_email,"You volunteer at a community meal. The printed dish cards were translated from another language, but the vegetable-noodle card omits sesame, which is listed in the cook’s original recipe. You have not served that dish yet. The volunteer coordinator manages food information.",困难,任务覆盖与具体细节 / 收件人关系与语气 / 可执行的沟通,recipe / ingredients / translation,每份（1 题，1 个小题）,420,question_bank/sources/expansion_2026_09/write_email.json,omits 是漏掉；任务在核实食材信息，不是替客人判断是否能吃。 难度来自任务整合与表达要求，非官方等级。,范文指出芝麻漏译，暂停供应并找负责人对照厨师确认；直接补一个词仍可能漏查其他食材，也不能保证绝对安全。,2026-09-27
W268,writing,write_email,"You are designing a poster for a student theater production. The director requests a decorative typeface for every line, but ticket details become difficult to read in that font. You are responsible for the final design and need approval before printing.",适中,任务覆盖与具体细节 / 收件人关系与语气 / 可执行的沟通,typeface / poster / printing,每份（1 题，1 个小题）,420,question_bank/sources/expansion_2026_09/write_email.json,readability 是易读性；须保留导演的风格目标，又让购票信息可用。 难度来自任务整合与表达要求，非官方等级。,范文按标题与细节分工，配同色保持统一，并用实尺寸打样求批准；只说“字体不好”忽略艺术目标和决策权限。,2026-09-27
W269,writing,write_email,"Your class wants to thank a retiring laboratory technician with a gift. The organizer proposes a compulsory contribution of twenty dollars from every student. Some students have asked for a way to participate without paying, and no purchase has been made. You are helping organize the gift.",适中,任务覆盖与具体细节 / 收件人关系与语气 / 可执行的沟通,contribution / gift / printing,每份（1 题，1 个小题）,420,question_bank/sources/expansion_2026_09/write_email.json,compulsory 是强制；共同感谢不应以付款为参与资格。 难度来自任务整合与表达要求，非官方等级。,范文用留言和整理工作给非金钱参与路径，款项自愿，先按实收定上限再采购；先买贵礼物再摊差额仍是变相强制。,2026-09-27
W270,writing,write_email,"Your school garden team relies on one volunteer, Priya, to water plants during a two-week holiday. Priya can visit only three times a week and is worried that the team expects daily visits. You coordinate the garden.",简单,任务覆盖与具体细节 / 收件人关系与语气 / 可执行的沟通,watering / holiday / checklist,每份（1 题，1 个小题）,420,question_bank/sources/expansion_2026_09/write_email.json,remaining work 是尚未覆盖的工作，不能默认转给已承诺三次的志愿者。 难度来自任务整合与表达要求，非官方等级。,范文明确次数上限，自己组织其他成员并共用记录，再问工具和入园信息；一句“有空多来”会重新施加隐性要求。,2026-09-27
W271,writing,write_email,"You share a project room with another student team. Your team needs the whiteboard for an assessed presentation on Friday, but the other team has asked everyone to leave its planning notes untouched for a month. You are writing to that team’s leader.",适中,任务覆盖与具体细节 / 收件人关系与语气 / 可执行的沟通,whiteboard / notes / shared,每份（1 题，1 个小题）,420,question_bank/sources/expansion_2026_09/write_email.json,untouched 是保持不动；共享资源不能被单方无限占用，但也不能擅自擦除。 难度来自任务整合与表达要求，非官方等级。,范文承认连续规划需求，用拍照、便携纸保存内容，再谈预约和保留期限；只争本周五会留下长期冲突。,2026-09-27
W272,writing,write_email,"Your neighbor looked after your cat for an extra day when your return train was canceled. You are now home and found a note saying the cat’s food supply ran out, so the neighbor bought more. You want to thank the neighbor and settle the practical details.",简单,任务覆盖与具体细节 / 收件人关系与语气 / 可执行的沟通,cat / food / key,每份（1 题，1 个小题）,420,question_bank/sources/expansion_2026_09/write_email.json,backup plan 是备用安排；感谢后还需处理代付款和钥匙，不能默认长期托付。 难度来自任务整合与表达要求，非官方等级。,范文点明额外一天的帮助，主动结清猫粮费、自己取钥匙，再承诺多备粮及第二联系人；只送感谢话会漏掉实际负担。,2026-09-27
W273,writing,write_email,"You tutor a younger student, Ben, in English. Ben has sent you an assignment and asked you to rewrite it before submission because the deadline is tomorrow. Your tutoring agreement allows feedback and practice, not completing assignments for students.",困难,任务覆盖与具体细节 / 收件人关系与语气 / 可执行的沟通,assignment / feedback / revise,每份（1 题，1 个小题）,420,question_bank/sources/expansion_2026_09/write_email.json,rewrite 是代写改写；指导可针对问题，但提交内容应由学生完成。 难度来自任务整合与表达要求，非官方等级。,范文设清边界后给论点提问、独立例句和二十分钟提纲检查；逐句换成导师表达仍可能成为代写，不是简单缩短服务时间。,2026-09-27
W274,writing,write_email,"You are moving out of a rented apartment. The next tenant has asked to keep your sturdy desk, but your lease requires you to remove all furniture unless the landlord agrees otherwise. You and the next tenant are willing to document the transfer.",适中,任务覆盖与具体细节 / 收件人关系与语气 / 可执行的沟通,desk / lease / ownership,每份（1 题，1 个小题）,420,question_bank/sources/expansion_2026_09/write_email.json,unless 是“除非”；下一任租客同意不等于房东已批准。 难度来自任务整合与表达要求，非官方等级。,范文承认清空义务，说明所有权转移与维护归属，附照片尺寸并保留搬走方案；直接宣布留下会把请求写成既成事实。,2026-09-27
W275,writing,write_email,You and a classmate are combining observations for a field report. You discover that one afternoon’s bird counts appear twice because both of you entered the same shared notes. Your partner has already calculated totals but has not submitted the report.,困难,任务覆盖与具体细节 / 收件人关系与语气 / 可执行的沟通,observations / duplicate / totals,每份（1 题，1 个小题）,420,question_bank/sources/expansion_2026_09/write_email.json,duplicate 是重复记录；两人输入同一观察不等于两次独立采样。 难度来自任务整合与表达要求，非官方等级。,范文保留原笔记、另记更正并重算，分工核表与日期，最后检查结论；只删一行而不改总结会留下错误。,2026-09-27
W276,writing,write_email,A local business offers to pay for your neighborhood clean-up supplies if its election campaign banner appears in every volunteer photograph. Your group welcomes donations but has a rule against endorsing political candidates. You coordinate partnerships.,困难,任务覆盖与具体细节 / 收件人关系与语气 / 可执行的沟通,campaign / donation / recognition,每份（1 题，1 个小题）,420,question_bank/sources/expansion_2026_09/write_email.json,endorse 是公开支持；感谢捐款不代表接受所有宣传条件。 难度来自任务整合与表达要求，非官方等级。,范文把商家致谢与竞选宣传拆开，给同等列名方案并等待确认；不能先拿物资再单方面改变回报条件。,2026-09-27
W277,writing,write_email,"You coordinate school visits at an animal shelter. A teacher asks for a large class to hold and feed the animals during a one-hour visit. Your shelter allows visitors to observe, but animal handling is reserved for trained volunteers.",适中,任务覆盖与具体细节 / 收件人关系与语气 / 可执行的沟通,shelter / handling / observation,每份（1 题，1 个小题）,420,question_bank/sources/expansion_2026_09/write_email.json,reserved for trained volunteers 表示只由受训者操作；不能以“轻轻抱”绕过限制。 难度来自任务整合与表达要求，非官方等级。,范文明确不能喂抱，用观察、志愿者示范和照护清单替代，并问年龄及陪同人数；有趣活动需同时符合一小时和规则。,2026-09-27
W278,writing,write_email,Your community orchestra conductor has asked you to cover a difficult solo after another player withdrew. The concert is in five days. You can play the ensemble part confidently but cannot prepare the solo to a reliable standard in that time.,困难,任务覆盖与具体细节 / 收件人关系与语气 / 可执行的沟通,solo / ensemble / rehearsals,每份（1 题，1 个小题）,420,question_bank/sources/expansion_2026_09/write_email.json,reliably 是稳定可靠地做到；承认独奏准备不足，不等于退出整场。 难度来自任务整合与表达要求，非官方等级。,范文明确仍参加合奏，提出熟悉曲目的演奏者或指挥批准的改编，并要求确认角色；“我会尽量”可能掩盖实际风险。,2026-09-27
W279,writing,write_email,"You are preparing a grant application for a neighborhood reading festival. A committee member wants to list 500 attendees as a confirmed figure, but that number is only a goal; registration has not opened. Write to the committee member before the application is submitted.",困难,任务覆盖与具体细节 / 收件人关系与语气 / 可执行的沟通,attendance / confirmed / target,每份（1 题，1 个小题）,420,question_bank/sources/expansion_2026_09/write_email.json,confirmed 是已确认，goal 是目标；两者不能因申请需要而互换。 难度来自任务整合与表达要求，非官方等级。,范文保留五百人的愿景，但改成计划及测量方法，再一起核全部数字；把“预计”藏在别处无法修正本句误导。,2026-09-27
W280,writing,write_email,"You borrowed a key to your colleague’s home to water plants while the colleague traveled. You are ready to return it, but your colleague suggests leaving it under the outside mat because your schedules do not overlap. You are uncomfortable with that method.",简单,任务覆盖与具体细节 / 收件人关系与语气 / 可执行的沟通,key / mat / handover,每份（1 题，1 个小题）,420,question_bank/sources/expansion_2026_09/write_email.json,handover 是当面交接；不同意藏钥匙，应说明风险并给可选择的替代。 难度来自任务整合与表达要求，非官方等级。,范文提供办公室直接交还或经主人确认的可信代收人，未确认前自己保管；不能擅自把“认识的人”当作获授权代收。,2026-09-27
W281,writing,write_email,"You ordered reusable cups for a university reunion. The supplier printed last year’s date instead of the date shown on your approved design. The cups are otherwise usable, and the event is next week. You want a remedy without automatically discarding them.",困难,任务覆盖与具体细节 / 收件人关系与语气 / 可执行的沟通,cups / approved / replacement,每份（1 题，1 个小题）,420,question_bank/sources/expansion_2026_09/write_email.json,remedy 是补救；同时顾及日期、下周时限和减少浪费。 难度来自任务整合与表达要求，非官方等级。,范文先问现有杯能否耐久更正，不自行保证贴纸适用；不可行再询换货、退回及费用。只要折扣未必解决错误纪念日期。,2026-09-27
W282,writing,write_email,"You are hosting a visiting classmate for an afternoon. They arrive at 1 p.m. and must leave at 6 p.m. They hope to visit the local history museum, which closes at 4 p.m., and walk a riverside trail that takes about seventy-five minutes. The museum and trail entrance are ten minutes apart on foot.",简单,任务覆盖与具体细节 / 收件人关系与语气 / 可执行的沟通,museum / trail / departure,每份（1 题，1 个小题）,420,question_bank/sources/expansion_2026_09/write_email.json,sequence 是活动顺序；博物馆关门是硬时间，散步长度可以调整。 难度来自任务整合与表达要求，非官方等级。,范文先两小时博物馆、步行十分钟再走河边，余时留休息和出发；不是把六点前每分钟塞满，还问偏好以决定取舍。,2026-09-27
W283,writing,write_email,"A local newspaper interviewed you about a student river-monitoring project. Its draft says, “The river is safe for swimming,” but you said your group measured water clarity only and did not test swimming safety. The journalist has sent the draft for factual checking before publication.",困难,任务覆盖与具体细节 / 收件人关系与语气 / 可执行的沟通,river / clarity / sampling,每份（1 题，1 个小题）,420,question_bank/sources/expansion_2026_09/write_email.json,clarity 是清澈度，不等于 swimming safety（游泳安全）。 难度来自任务整合与表达要求，非官方等级。,范文指出测量边界，给替换句并显式排除安全结论；把“安全”改成“看起来安全”仍超出证据范围。,2026-09-27
W284,writing,write_email,"You chair a student cultural fair. A social-media post claims the whole fair is canceled because one dance group withdrew. The rest of the program is still planned, and you are arranging a replacement for that performance. Write to club representatives who are receiving questions.",适中,任务覆盖与具体细节 / 收件人关系与语气 / 可执行的沟通,fair / canceled / replacement,每份（1 题，1 个小题）,420,question_bank/sources/expansion_2026_09/write_email.json,withdrawn 是退出一个项目，不能推成整场 canceled（取消）。 难度来自任务整合与表达要求，非官方等级。,范文区分已知状态与未定替补，给可转述的一致信息和明日官方更新；急于辟谣也不能保证尚未落实的演出。,2026-09-27
W285,writing,write_email,You lead a youth art workshop. A parent has requested that their child not appear in promotional photographs. Your photographer suggests seating the child away from the group for the entire session. You want to respect the request without excluding the child from the activity.,困难,任务覆盖与具体细节 / 收件人关系与语气 / 可执行的沟通,photographs / participation / permission,每份（1 题，1 个小题）,420,question_bank/sources/expansion_2026_09/write_email.json,publicity 是宣传；不授权拍照不是不允许孩子参加活动。 难度来自任务整合与表达要求，非官方等级。,范文用作品近照与自愿拍照时段，给不入镜者持续活动，发布前对许可表；单靠裁脸或整场隔离都未充分解决问题。,2026-09-27
W286,writing,write_email,"Your residents’ association surveyed neighborhood priorities through an online form. Most replies came from one apartment block, while residents without reliable internet were not reached. The chair wants to call the results “the whole neighborhood’s priorities.” You helped collect the responses.",困难,任务覆盖与具体细节 / 收件人关系与语气 / 可执行的沟通,survey / residents / responses,每份（1 题，1 个小题）,420,question_bank/sources/expansion_2026_09/write_email.json,responded 是作答者，不等于全体居民；要解释覆盖缺口而非否定已有回复。 难度来自任务整合与表达要求，非官方等级。,范文提出纸表和其他楼栋收集点，暂称“回复者的优先事项”并披露分布；增加同一楼更多回复不能弥补覆盖偏差。,2026-09-27
W287,writing,write_email,"You have received an internship offer from a small design studio. The offer says two days per week, but a later message mentions evening client events without saying whether they replace those days or are additional. You must decide whether to accept by Friday.",适中,任务覆盖与具体细节 / 收件人关系与语气 / 可执行的沟通,internship / hours / events,每份（1 题，1 个小题）,420,question_bank/sources/expansion_2026_09/write_email.json,additional 是额外增加；题目需要澄清总投入，不是简单问几点上班。 难度来自任务整合与表达要求，非官方等级。,范文问计入方式、频率、通知期，并用课业说明决定所需信息；未确认就接受，再把晚间活动一概拒绝会埋下冲突。,2026-09-27
W288,writing,write_email,Your coworker has prepared a spreadsheet tool that deletes customer records with identical names. You notice two different customers named Maria Santos with different account numbers. The tool has not been run on the main file. Write to your coworker before the planned cleanup.,困难,任务覆盖与具体细节 / 收件人关系与语气 / 可执行的沟通,records / account / duplicates,每份（1 题，1 个小题）,420,question_bank/sources/expansion_2026_09/write_email.json,identical names 是同名，不等于同一客户；要保护有效记录。 难度来自任务整合与表达要求，非官方等级。,范文用不同账号反证，先在副本测试并把冲突转人工；只多检查几个姓名仍没修正匹配规则，也不能直接在主文件试删。,2026-09-27
W289,writing,write_email,"Your book club includes members reading at different speeds. At recent meetings, people who had finished the novel revealed the ending during the opening discussion. A member suggests banning anyone who has not finished from attending. You organize the meetings.",适中,任务覆盖与具体细节 / 收件人关系与语气 / 可执行的沟通,ending / chapter / spoilers,每份（1 题，1 个小题）,420,question_bank/sources/expansion_2026_09/write_email.json,spoilers 是提前泄露情节；要兼顾深入讨论与尚未读完者的参与。 难度来自任务整合与表达要求，非官方等级。,范文按章节范围分段，提前标明转场并留退出选择；只喊“别剧透”仍让主持人和成员无法判断何时可谈结局。,2026-09-27
W290,writing,write_email,"You captain a recreational volleyball team. A teammate returning after an absence wants to play the entire next match, but they have told you they are following a gradual return plan from their clinician. You are not qualified to judge their medical readiness.",困难,任务覆盖与具体细节 / 收件人关系与语气 / 可执行的沟通,clinician / match / participation,每份（1 题，1 个小题）,420,question_bank/sources/expansion_2026_09/write_email.json,gradual return 是逐步恢复参与；队长不能替专业人员判断能打多久。 难度来自任务整合与表达要求，非官方等级。,范文欢迎但不施压，只要安排所需限制、不索私人病情，并给记录轮转等角色；说“少打一局肯定没事”仍属越权保证。,2026-09-27
W291,writing,write_email,"Your instructor gave feedback that your presentation explained results clearly but did not show how you collected the data. Your data came from a short questionnaire completed by classmates. You have revised the slides to add a short methods section, removing two repeated examples of the same result to keep the original presentation time. Write to the instructor before a practice session.",适中,任务覆盖与具体细节 / 收件人关系与语气 / 可执行的沟通,methods / sampling / slides,每份（1 题，1 个小题）,420,question_bank/sources/expansion_2026_09/write_email.json,methods 是研究方法；感谢要连接具体修改，不是泛称建议有帮助。 难度来自任务整合与表达要求，非官方等级。,范文补参与者与记录方式，删重复例子守住时限，只问抽样局限讲清否；要求老师全面重审会偏离聚焦反馈。,2026-09-27
W292,writing,write_email,Your roommate is preparing food for a family celebration and asks to use most of the refrigerator for two days. The refrigerator has three main shelves and door compartments. You also need space for your regular meals. You want to help without discovering later that your food has been moved or discarded.,简单,任务覆盖与具体细节 / 收件人关系与语气 / 可执行的沟通,refrigerator / shelves / space,每份（1 题，1 个小题）,420,question_bank/sources/expansion_2026_09/write_email.json,allocation 是分配；支持聚会不等于让出全部日常需要。 难度来自任务整合与表达要求，非官方等级。,范文给上两层与下层加门格的具体分法，设恢复时点，并约定动别人食物前问；“随便用”容易与后续边界冲突。,2026-09-27
W293,writing,write_email,"You and a classmate are reviewing another student’s essay for a peer-feedback exercise. Your partner’s draft comments call the writer “lazy,” although the actual problems are missing evidence and unclear paragraph connections. Write privately to your partner before feedback is sent.",适中,任务覆盖与具体细节 / 收件人关系与语气 / 可执行的沟通,feedback / evidence / paragraph,每份（1 题，1 个小题）,420,question_bank/sources/expansion_2026_09/write_email.json,lazy 是对人的评价；缺证据只证明文章问题，不能证明没努力。 难度来自任务整合与表达要求，非官方等级。,范文把攻击转成定位段落、补例子、加逻辑衔接，最后逐条检查可修改性；只换成“写得不好”仍无教学价值。,2026-09-27
W294,writing,write_email,"Your history assignment asks you to analyze a firsthand source. You planned to examine a local museum diary, but the museum has closed its reading room for repairs. A digitized collection of letters from the same period is available through your library, including descriptions of the writers’ daily work. You want to keep the original deadline.",适中,任务覆盖与具体细节 / 收件人关系与语气 / 可执行的沟通,diary / letters / firsthand,每份（1 题，1 个小题）,420,question_bank/sources/expansion_2026_09/write_email.json,firsthand source 是当事人的一手材料；任务变来源，不变截止日或分析目标。 难度来自任务整合与表达要求，非官方等级。,范文用同期书信保留一手分析，提出收信人影响并问数字版本局限；改用现代概述会改变材料性质。,2026-09-27
W295,writing,write_email,"You are moving across town and want to reuse packing boxes rather than buy new ones. A neighbor recently moved in and posted that clean boxes are available, but asked that collection not disrupt their work from home. Write to arrange a considerate pickup.",简单,任务覆盖与具体细节 / 收件人关系与语气 / 可执行的沟通,boxes / collection / reuse,每份（1 题，1 个小题）,420,question_bank/sources/expansion_2026_09/write_email.json,collection 是取物；须兼顾需要、工作时间和赠出后的约定。 难度来自任务整合与表达要求，非官方等级。,范文说明中号箱用途，让邻居定短时段或同意的取物点，再问箱底与归还意愿；“随时来”不尊重远程工作限制。,2026-09-27
W296,writing,write_email,"You will introduce student award recipients at a ceremony. You are unsure how to pronounce one recipient’s name, and the printed list contains only its written form. You know the recipient through a class and want to ask respectfully before the event.",简单,任务覆盖与具体细节 / 收件人关系与语气 / 可执行的沟通,name / pronounce / recording,每份（1 题，1 个小题）,420,question_bank/sources/expansion_2026_09/write_email.json,pronounce 是读出名字；主动求准确，不把名字说成麻烦或奇怪。 难度来自任务整合与表达要求，非官方等级。,范文给当面或语音选择，问重音及希望公布的名字形式，限定录音用途；不能把练习用录音直接当典礼素材播放。,2026-09-27
W297,writing,write_email,"You serve on a neighborhood committee. The draft minutes say a new parking plan was unanimously approved, but you and another member voted against it because delivery access was unresolved. The plan did receive a majority vote. Write to the committee secretary.",困难,任务覆盖与具体细节 / 收件人关系与语气 / 可执行的沟通,minutes / majority / unanimously,每份（1 题，1 个小题）,420,question_bank/sources/expansion_2026_09/write_email.json,unanimously 是一致通过，majority 是多数；更正记录不等于推翻结果。 难度来自任务整合与表达要求，非官方等级。,范文承认决议有效，要求记两票反对及送货通道顾虑，并可与主席核对；长篇重辩停车方案会偏离秘书的记录职责。,2026-09-27
W298,writing,write_email,"You belong to a neighborhood time bank, where members exchange hours of help. You spent an hour preparing materials for a member’s workshop before the member canceled it. The rules explain completed sessions but do not address preparation time. Write to the coordinator, not the canceling member.",困难,任务覆盖与具体细节 / 收件人关系与语气 / 可执行的沟通,preparation / canceled / credit,每份（1 题，1 个小题）,420,question_bank/sources/expansion_2026_09/write_email.json,credit 是时数记账，不是现金赔偿；规则未覆盖准备工作，不能先认定欠款。 难度来自任务整合与表达要求，非官方等级。,范文分开已做准备与未办活动，向协调员问适用规则，再建议预约时先约定准备额度及取消处理；向成员直接讨时数会跳过核实。,2026-09-27
W299,writing,write_email,You are selecting packaging for your student-run shop. A supplier advertises a container as “eco-friendly” but gives no details about its materials or how customers should dispose of it. Your campus accepts only certain packaging types in its recycling bins.,困难,任务覆盖与具体细节 / 收件人关系与语气 / 可执行的沟通,packaging / materials / recycling,每份（1 题，1 个小题）,420,question_bank/sources/expansion_2026_09/write_email.json,eco-friendly 是笼统环保说法；采购要核材料与实际处理条件。 难度来自任务整合与表达要求，非官方等级。,范文要材质、回收或堆肥条件和专门收集要求，再对校内清单决定；可堆肥不等于可放任意回收箱，不能仅凭宣传下单。,2026-09-27
W300,writing,write_email,"You bought a block of concert tickets for your friends. One friend, Max, can no longer attend and asks you to promise a refund immediately. The organizer permits ticket transfers but says refunds are available only if the concert is canceled. The concert is still going ahead.",适中,任务覆盖与具体细节 / 收件人关系与语气 / 可执行的沟通,tickets / refund / transfer,每份（1 题，1 个小题）,420,question_bank/sources/expansion_2026_09/write_email.json,transfer 是转让，refund 是退款；允许前者不代表保证后者。 难度来自任务整合与表达要求，非官方等级。,范文说明演出未取消，提代问朋友并先核价格及联系方式授权；急于安慰而保证退款会超出自己和主办方权限。,2026-09-27
W301,writing,write_email,"You attended a new-members evening at a local museum. The curator’s talk about how objects are selected for exhibitions was interesting, but first-time visitors did not learn how to book activities or join volunteer projects. The membership coordinator has asked you for feedback on the evening.",简单,任务覆盖与具体细节 / 收件人关系与语气 / 可执行的沟通,members / booking / volunteer,每份（1 题，1 个小题）,420,question_bank/sources/expansion_2026_09/write_email.json,practical gap 是实际操作信息缺口；反馈须保留成功部分而非全盘否定。 难度来自任务整合与表达要求，非官方等级。,范文先讲策展人分享价值，再指出不会报名和加入志愿项目，给末尾五分钟及信息台；仅要求“更多互动”未对准困惑。,2026-09-27
W302,writing,write_email,"You agreed to judge a student photography contest. After receiving the entries, you recognize one photograph as your cousin’s work, even though the entries use numbers rather than names. You have not scored any entry yet. Write to the contest organizer.",困难,任务覆盖与具体细节 / 收件人关系与语气 / 可执行的沟通,judge / entries / fairness,每份（1 题，1 个小题）,420,question_bank/sources/expansion_2026_09/write_email.json,anonymously 是匿名，但认出亲属作品后仍有利益关联。 难度来自任务整合与表达要求，非官方等级。,范文在未评分时披露，建议回避该项或整体替换，并不向其他评委透露身份；保证“我绝对公正”不能消除程序疑虑。,2026-09-27
W303,writing,write_email,"You are joining a beginner’s knitting class at a community center. You are left-handed, and the course description says demonstrations will be shown from a right-handed perspective. You do not need a separate class but want to know how to follow the demonstrations.",简单,任务覆盖与具体细节 / 收件人关系与语气 / 可执行的沟通,knitting / demonstrations / left-handed,每份（1 题，1 个小题）,420,question_bank/sources/expansion_2026_09/write_email.json,perspective 是观察角度；提出学习需要，不先认定左右手必须分班。 难度来自任务整合与表达要求，非官方等级。,范文问对坐或推荐位置，只求短暂动作核对，并愿预习图示；直接要求老师重录整套内容可能超过所需帮助。,2026-09-27
W304,writing,write_email,You coordinate a neighborhood street meal. Volunteers want to place tables across the only walkway to several homes to create a long shared table. Residents must still be able to reach their front doors throughout the event. Write to the table-layout volunteer.,适中,任务覆盖与具体细节 / 收件人关系与语气 / 可执行的沟通,walkway / tables / layout,每份（1 题，1 个小题）,420,question_bank/sources/expansion_2026_09/write_email.json,continuous path 是连续通路；不是只有入口留一个空隙就够。 难度来自任务整合与表达要求，非官方等级。,范文保留社交目标、改成单侧短桌，并检查坐人后椅子外伸；只量空桌间距可能活动开始才堵住住户出入。,2026-09-27
W305,writing,write_email,Your student café runs a pay-it-forward program: customers buy extra drink vouchers for other students. Staff currently call out recipients’ names and announce that their drinks were donated. A student has privately said this feels embarrassing. The café already uses order numbers for other purchases. You coordinate the program.,困难,任务覆盖与具体细节 / 收件人关系与语气 / 可执行的沟通,vouchers / privacy / accounting,每份（1 题，1 个小题）,420,question_bank/sources/expansion_2026_09/write_email.json,discreet 是不张扬；隐私改进不能顺带丢掉代金券核销记录。 难度来自任务整合与表达要求，非官方等级。,范文不泄露投诉者，用普通订单号取饮品、内部记券号，之后对账；把所有记录取消虽低调，却无法核实项目使用。,2026-09-27
W306,writing,write_email,"You are co-hosting an online seminar on September 30 at 10:00 UTC, which is 18:00 in the guest speaker’s UTC+8 location. The original invitation said only “10:00,” without a time zone. The speaker can attend the intended slot but asks for clarification. The plan is a twenty-minute presentation and fifteen minutes of moderated questions.",适中,任务覆盖与具体细节 / 收件人关系与语气 / 可执行的沟通,time zone / invitation / questions,每份（1 题，1 个小题）,420,question_bank/sources/expansion_2026_09/write_email.json,time zone 是时区；必须让双方确认同一时刻，而非只保证以后补说明。 难度来自任务整合与表达要求，非官方等级。,范文给九月三十日UTC十点与嘉宾当地十八点，补日历并请核对，再说明二十分钟报告、十五分钟主持问答；不可只写“上午十点”。,2026-09-27
W307,writing,write_email,"Your student association voted to hold a consultation meeting at 8 p.m. Most voters live on campus, while commuter representatives have explained that their last bus leaves earlier. You helped run the poll and want the chair to reconsider how commuters can participate.",困难,任务覆盖与具体细节 / 收件人关系与语气 / 可执行的沟通,commuters / poll / consultation,每份（1 题，1 个小题）,420,question_bank/sources/expansion_2026_09/write_email.json,consultation 是征求意见；多数人的方便不能证明其他群体能参与。 难度来自任务整合与表达要求，非官方等级。,范文说明末班车障碍，提出早场或书面通道，关键是决定前纳入讨论；会后才收建议只是形式补救。,2026-09-27
W308,writing,write_email,"You borrowed a family friend’s old wooden picture frame for a theater display. During packing, a corner was scratched. The frame has sentimental value, and you have not tried to repair it. Write to the owner before returning it.",适中,任务覆盖与具体细节 / 收件人关系与语气 / 可执行的沟通,frame / scratch / repair,每份（1 题，1 个小题）,420,question_bank/sources/expansion_2026_09/write_email.json,sentimental value 是情感价值；赔礼不等于自行决定修复方法。 难度来自任务整合与表达要求，非官方等级。,范文明确划伤及责任，不试涂盖，先给照片、商量专业修复并承担合理费用；直接买新框无法替代原物意义。,2026-09-27
W309,writing,write_email,You are taking over as treasurer of a student club. The outgoing treasurer offers to send their personal email password because the club’s payment account uses that address. You want continuity without taking control of the former officer’s private messages.,困难,任务覆盖与具体细节 / 收件人关系与语气 / 可执行的沟通,account / password / handover,每份（1 题，1 个小题）,420,question_bank/sources/expansion_2026_09/write_email.json,handover 是交接职责，不是接管前任私人邮箱。 难度来自任务整合与表达要求，非官方等级。,范文拒收个人密码，按服务商流程换社团联系地址，再核余额、待付款和周期扣费；只有能登录不代表账目交接完成。,2026-09-27
W310,writing,write_email,"Your community center has invited residents to contribute objects for a temporary “Everyday History” display. You own an old bus pass from your first job and would like to lend it, not donate it permanently. Write to the exhibition organizer.",简单,任务覆盖与具体细节 / 收件人关系与语气 / 可执行的沟通,bus pass / loan / display,每份（1 题，1 个小题）,420,question_bank/sources/expansion_2026_09/write_email.json,loan 是借展，donation 是捐赠；物件价值可来自日常经历而非名贵。 难度来自任务整合与表达要求，非官方等级。,范文用第一份工作的通勤故事解释关联，明确临时借出，再问纸品保护、署名和归还；只介绍故事会漏掉所有权与返还安排。,2026-09-27
W311,writing,write_email,You coordinate celebrations for a small office. A coworker has quietly told you they dislike surprise parties and public birthday announcements. Another colleague has already begun planning a surprise lunch for them. Write privately to that colleague.,适中,任务覆盖与具体细节 / 收件人关系与语气 / 可执行的沟通,birthday / surprise / preference,每份（1 题，1 个小题）,420,question_bank/sources/expansion_2026_09/write_email.json,surprise 是惊喜安排，但对方明确不喜欢，善意不能替代其偏好。 难度来自任务整合与表达要求，非官方等级。,范文提私下卡片和事先询问的小聚，不把拒绝理由广播给全体；规模缩小但仍突袭，不一定尊重原请求。,2026-09-27
W312,writing,write_email,"Your course lists the third edition of a textbook, but you already own the second edition. The bookstore says both cover the main topics, while page numbers and exercises differ. You want to ask your instructor whether you can use the older copy without missing required work.",适中,任务覆盖与具体细节 / 收件人关系与语气 / 可执行的沟通,edition / exercises / textbook,每份（1 题，1 个小题）,420,question_bank/sources/expansion_2026_09/write_email.json,edition 是版本；主题相似不保证题号和作业内容相同。 难度来自任务整合与表达要求，非官方等级。,范文问哪些任务依赖新版，拟用旧版通读，并先查图书馆是否有新版可核指定练习；记录内容差异，不能只对页码或默认一定有书可借。,2026-09-27
W313,writing,write_email,"You coordinate a new peer-mentoring program with twelve first-year students and six volunteer mentors. A partner coordinator suggests assigning two students to each mentor immediately, but you have not collected students’ goals or mentors’ availability. You want a thoughtful matching process.",适中,任务覆盖与具体细节 / 收件人关系与语气 / 可执行的沟通,mentors / goals / availability,每份（1 题，1 个小题）,420,question_bank/sources/expansion_2026_09/write_email.json,matching 是配对；人数平均不等于目标和时间匹配。 难度来自任务整合与表达要求，非官方等级。,范文先收目标、可用时段，再见面试配并私下复查；把调整称为试行机制能避免学生为怕得罪导师而不反映问题。,2026-09-27
W314,writing,write_email,"You hired a photographer for a student conference. The agreement includes twenty edited images, but your committee now asks for every unedited file as well. The committee wants to document small-group sessions as well as the main presentations. You are the contact person and want to explore options without treating extra work as already included.",适中,任务覆盖与具体细节 / 收件人关系与语气 / 可执行的沟通,edited / images / agreement,每份（1 题，1 个小题）,420,question_bank/sources/expansion_2026_09/write_email.json,deliverables 是约定交付物；新增需求不能写成摄影师原本就欠交。 难度来自任务整合与表达要求，非官方等级。,范文先认二十张精修，解释小组活动用途并开放更多精修的替代，问费用、时间及使用条件；先承诺加购再问委员会会越权。,2026-09-27
W315,writing,write_email,Your friend has asked you to review a speech they will give at your birthday dinner. It includes a humorous story about your unsuccessful audition that you do not want shared with the guests. You both enjoy remembering how you got lost on your first campus tour. You appreciate the effort and want to suggest that story instead.,适中,任务覆盖与具体细节 / 收件人关系与语气 / 可执行的沟通,speech / story / private,每份（1 题，1 个小题）,420,question_bank/sources/expansion_2026_09/write_email.json,omitted 是被省略掉的；设定隐私边界不必指责朋友想羞辱自己。 难度来自任务整合与表达要求，非官方等级。,范文点名试镜失败故事，说明不想公开，换共同迷路趣事，且无需向客人解释删改；含糊说“别太尴尬”不够可执行。,2026-09-27
W316,writing,write_email,"A coworker uses keyboard shortcuts to process routine spreadsheet reports much faster than you do. They have offered to help, but you do not want to interrupt them repeatedly during deadlines. Write to arrange a short, focused learning session.",简单,任务覆盖与具体细节 / 收件人关系与语气 / 可执行的沟通,shortcuts / spreadsheet / practice,每份（1 题，1 个小题）,420,question_bank/sources/expansion_2026_09/write_email.json,focused 是聚焦；请求同事帮助要具体且可控，不是无限次随时教学。 难度来自任务整合与表达要求，非官方等级。,范文锁定跳转与重复格式，备示例数据、约二十分钟，之后自写清单练习；只说“教我Excel”会扩大对方负担。,2026-09-27
W317,writing,write_email,You found a USB drive beside the workshop tables after yesterday’s session at the community center. A message in the event group asks whoever found it to open the files and identify the owner. You have not connected the drive to a computer. Write to the center’s front-desk supervisor.,适中,任务覆盖与具体细节 / 收件人关系与语气 / 可执行的沟通,drive / files / ownership,每份（1 题，1 个小题）,420,question_bank/sources/expansion_2026_09/write_email.json,claimant 是来认领的人；找失主不代表获准浏览文件。 难度来自任务整合与表达要求，非官方等级。,范文未连接设备，交前台失物流程，用外观和使用地点核身份，群里仅报失物；公开截图找主人反而扩散私人内容。,2026-09-27
W318,writing,write_email,"Your art instructor wants to display students’ early sketches beside finished work to show the creative process. You are willing to participate, but your sketchbook pages include private notes unrelated to the project. Write before the instructor collects the books.",适中,任务覆盖与具体细节 / 收件人关系与语气 / 可执行的沟通,sketchbook / process / scans,每份（1 题，1 个小题）,420,question_bank/sources/expansion_2026_09/write_email.json,creative process 是创作过程；展示真实发展不需要公开整本私人笔记。 难度来自任务整合与表达要求，非官方等级。,范文选能显示构图变化的扫描页、仅遮无关私记，交老师先看；只交精修后的新草图会把真实过程伪装成展示稿。,2026-09-27
W319,writing,write_email,"You help run a beginner chess tournament at a community center. Some new players leave after losing their first match because they assume they are eliminated. The event actually guarantees everyone three games, regardless of results. Write to the volunteer handling announcements.",简单,任务覆盖与具体细节 / 收件人关系与语气 / 可执行的沟通,games / eliminated / round,每份（1 题，1 个小题）,420,question_bank/sources/expansion_2026_09/write_email.json,eliminated 是被淘汰；本赛制保证三盘，不由第一盘输赢决定。 难度来自任务整合与表达要求，非官方等级。,范文把留场、查配对和等待位置连成动作，再询新手输棋后会怎么做验证理解；重复“三轮制”术语不一定消除误会。,2026-09-27
W320,writing,write_email,"You will demonstrate a student-built website at a public showcase. The organizer says the venue’s internet may be unreliable. Your team’s live demonstration normally needs a connection, but you can prepare a recorded walkthrough and local screenshots. Write to your teammate who is presenting with you.",适中,任务覆盖与具体细节 / 收件人关系与语气 / 可执行的沟通,website / connection / walkthrough,每份（1 题，1 个小题）,420,question_bank/sources/expansion_2026_09/write_email.json,backup 是备用方案，不表示提前宣布演示必然失败。 难度来自任务整合与表达要求，非官方等级。,范文在网络稳定时仍做现场演示，备录屏与本地截图并明确标注，约定一次失败即切换；不能把录制过程冒充现场功能。,2026-09-27
W321,writing,write_email,"You organize a community clothing swap. A volunteer has proposed sorting clothes into “normal sizes” and “large sizes.” Items come from different brands, so size labels vary, and you want shoppers to feel welcome rather than judged. Write to the sorting volunteer.",适中,任务覆盖与具体细节 / 收件人关系与语气 / 可执行的沟通,clothing / sizes / measurements,每份（1 题，1 个小题）,420,question_bank/sources/expansion_2026_09/write_email.json,normal sizes 暗含某些体型不正常；品牌尺码差异也让该分类不实用。 难度来自任务整合与表达要求，非官方等级。,范文按衣物种类、原尺码及缺标时的实测尺寸组织，再模拟找衣服；只把“正常”换“普通”仍可能保留评判。,2026-09-27
W322,writing,write_email,"You volunteer as a campus buddy for incoming students. Your assigned student, Luis, has said the welcome email contains too many links and that they do not know where to begin. They arrive next week and have already arranged housing.",简单,任务覆盖与具体细节 / 收件人关系与语气 / 可执行的沟通,housing / account / orientation,每份（1 题，1 个小题）,420,question_bank/sources/expansion_2026_09/write_email.json,priority 是先后重点；对方缺的是起步顺序，不是更多链接。 难度来自任务整合与表达要求，非官方等级。,范文跳过已办住房，按账户、学生卡、迎新安排排序，再只问一个最急问题；把所有资源重发会增加同样负担。,2026-09-27
W323,writing,write_email,"You are co-chairing a volunteer committee meeting scheduled for one hour. The draft agenda includes twelve routine updates and two decisions needed that evening. Your co-chair wants every update read aloud, but you are concerned the decisions will be rushed.",适中,任务覆盖与具体细节 / 收件人关系与语气 / 可执行的沟通,agenda / updates / decisions,每份（1 题，1 个小题）,420,question_bank/sources/expansion_2026_09/write_email.json,routine updates 是例行通报，不等于需要讨论的决策。 难度来自任务整合与表达要求，非官方等级。,范文把通报提前发、留十分钟问变动，两项各二十分钟、末十分钟分工，总计一小时；单纯要求大家讲快点没有保护决策时间。,2026-09-27
W324,writing,write_email,"You organized a restaurant dinner for six friends. Before booking, two friends said they wanted to pay only for what they ordered because their budgets were tight. You agreed to individual payment before making the booking. Another friend now suggests splitting the total equally for convenience. You want to settle the arrangement before dinner.",适中,任务覆盖与具体细节 / 收件人关系与语气 / 可执行的沟通,bill / orders / shared,每份（1 题，1 个小题）,420,question_bank/sources/expansion_2026_09/write_email.json,equally 是均分，不一定符合此前按个人点单支付的约定。 难度来自任务整合与表达要求，非官方等级。,范文不公开朋友预算，先问分账、再记录个人及自选共享项，并预先讨论服务费；到结账才谈会让人难以拒绝。,2026-09-27
W325,writing,write_email,"Your neighbor walks your dog once a week. During a recent walk together, your dog stopped repeatedly and tried to turn back near a crowded street market. Your neighbor usually takes that route because it is convenient. A quieter path around the playing field is available but less direct. You want to request a quieter route without diagnosing the dog’s behavior.",简单,任务覆盖与具体细节 / 收件人关系与语气 / 可执行的沟通,dog / route / walk,每份（1 题，1 个小题）,420,question_bank/sources/expansion_2026_09/write_email.json,tried to turn back 是试图往回走；应写观察到的停步回头，不擅自诊断病因。 难度来自任务整合与表达要求，非官方等级。,范文请求绕安静球场、可缩短其他路段避免加时，并问可行性；“你必须让它习惯”既超出证据又增加邻居责任。,2026-09-27
W326,writing,write_email,"You want to enter a community art contest with a digitally created illustration printed on paper. The entry form allows “original artwork,” while an older information sheet says “handmade entries only.” Entries close next Friday, and you have not paid the fee.",适中,任务覆盖与具体细节 / 收件人关系与语气 / 可执行的沟通,original / digital / handmade,每份（1 题，1 个小题）,420,question_bank/sources/expansion_2026_09/write_email.json,original 是原创，handmade 是手工；纸上成品不自动解决制作方式限制。 难度来自任务整合与表达要求，非官方等级。,范文并列现旧措辞，说明数字创作后打印，问有效规则及原创证明；不能把“我自己做的”当作规则已经允许。,2026-09-27
W327,writing,write_email,"Your three-person class team is building a study planner. With one week left, a teammate proposes adding a social chat feature, while the required calendar and reminder functions still need testing. You want to preserve the teammate’s idea without risking an incomplete submission.",适中,任务覆盖与具体细节 / 收件人关系与语气 / 可执行的沟通,features / calendar / testing,每份（1 题，1 个小题）,420,question_bank/sources/expansion_2026_09/write_email.json,required 是必须交付；新功能有价值不代表现在值得加入。 难度来自任务整合与表达要求，非官方等级。,范文先认可协作价值，把聊天记为未来扩展及草图，不冒充已实现；先承诺聊天再赌测试够快会使必要功能失守。,2026-09-27
W328,writing,write_email,"You tested a museum’s new audio guide as a volunteer. The narrator’s speech is clear when heard alone, but the background music makes some object descriptions hard to follow. The audio producer has asked for specific feedback before release.",适中,任务覆盖与具体细节 / 收件人关系与语气 / 可执行的沟通,music / narrator / descriptions,每份（1 题，1 个小题）,420,question_bank/sources/expansion_2026_09/write_email.json,balance 是声音比例；问题在配乐与人声竞争，不是口音或讲者能力。 难度来自任务整合与表达要求，非官方等级。,范文保留转场音乐、讲述时降低，并用同设备对比及复述测理解；只问“好不好听”测不到内容是否听清。,2026-09-27
W329,writing,write_email,"You meet a language-exchange partner weekly to practice English and Mandarin. Recently, nearly the whole hour has been spent on your partner’s English practice, leaving little time for your Mandarin questions. You value the friendship and want a more reciprocal arrangement.",适中,任务覆盖与具体细节 / 收件人关系与语气 / 可执行的沟通,English / Mandarin / practice,每份（1 题，1 个小题）,420,question_bank/sources/expansion_2026_09/write_email.json,reciprocal 是互相受益；要说时间分配事实，不猜对方故意占便宜。 难度来自任务整合与表达要求，非官方等级。,范文各二十五分钟、轮换先后并双方带问题，给调整空间；固定把自己的语言排末尾仍容易被超时挤掉。,2026-09-27
W330,writing,write_email,"You coordinate volunteers at a weekend festival. A volunteer reports finishing a shift but says no supervisor was available to sign their hours sheet. Your records show the volunteer checked in, but you still need confirmation of the work period before issuing a participation letter.",适中,任务覆盖与具体细节 / 收件人关系与语气 / 可执行的沟通,hours / shift / verified,每份（1 题，1 个小题）,420,question_bank/sources/expansion_2026_09/write_email.json,sign-off 是负责人确认；签到只证明到场，不证明全部服务时长。 难度来自任务整合与表达要求，非官方等级。,范文承认流程缺口，要岗位、结束时间和同组成员，自己找负责人核实后发信；直接按自报时数证明或让志愿者重跑全流程都不妥。,2026-09-27
W331,writing,write_email,Your backyard tree has produced more apples than your household can use. You would like to offer some to a neighbor who coordinates a community cooking group. Some apples have marks on their skin. You can provide one collection this week but cannot promise a regular supply.,简单,任务覆盖与具体细节 / 收件人关系与语气 / 可执行的沟通,apples / harvest / collection,每份（1 题，1 个小题）,420,question_bank/sources/expansion_2026_09/write_email.json,one collection 是本周一次领取，不是长期供货承诺。 难度来自任务整合与表达要求，非官方等级。,范文说明一次性与外观瑕疵，让料理组按用途查看自选、带容器，先问计划是否需要；不能替对方保证所有果实质量或稳定数量。,2026-09-27
W332,writing,write_email,"A colleague wants to try cycling to work and has asked to join your commute. Your usual route includes a steep hill, while a flatter route takes longer. Your colleague has not described their cycling experience. Write to plan a first ride without assuming their abilities.",简单,任务覆盖与具体细节 / 收件人关系与语气 / 可执行的沟通,route / hill / cycling,每份（1 题，1 个小题）,420,question_bank/sources/expansion_2026_09/write_email.json,flatter 是坡度更缓，不等于更短；先了解经验和到达约束。 难度来自任务整合与表达要求，非官方等级。,范文把两路差异说清，问近期骑行及时间，提宽裕日慢骑或先探部分路线；“跟紧我就行”把同事能力默认成自己水平。,2026-09-27
W333,writing,write_email,"You are helping create a neighborhood history map. An old source uses street names that are no longer current. The designer plans to replace every old name with its modern equivalent, but some changes are uncertain and visitors also need to understand the historical record.",困难,任务覆盖与具体细节 / 收件人关系与语气 / 可执行的沟通,names / historical / sources,每份（1 题，1 个小题）,420,question_bank/sources/expansion_2026_09/write_email.json,equivalent 是对应名称；现名替换会掩盖尚未证实的对应关系。 难度来自任务整合与表达要求，非官方等级。,范文保留历史层原名，只给核实者括注现名，未定者明示，再逐项找档案核对；看起来整齐不应以伪确定性换取。,2026-09-27
W334,writing,write_email,"Your roommate has twice borrowed your noise-canceling headphones without asking. You use them for online tutoring appointments and could not find them before one session. You are willing to lend them occasionally, but need a clear agreement.",适中,任务覆盖与具体细节 / 收件人关系与语气 / 可执行的沟通,headphones / borrowed / permission,每份（1 题，1 个小题）,420,question_bank/sources/expansion_2026_09/write_email.json,permission 是明确同意，未回复不代表默认允许。 难度来自任务整合与表达要求，非官方等级。,范文只列两次及一次课前找不到的影响，规定先问等回复、定时原处归还；“别老拿”夸大频率且没给可用规则。,2026-09-27
W335,writing,write_email,Your student science website is adding a glossary for readers with little scientific background. A classmate who is not taking science courses has offered to review it. You want feedback on understanding rather than asking the classmate to verify technical accuracy.,简单,任务覆盖与具体细节 / 收件人关系与语气 / 可执行的沟通,glossary / entries / explanations,每份（1 题，1 个小题）,420,question_bank/sources/expansion_2026_09/write_email.json,glossary 是术语表；请初学者检验可理解性，不要求其担当技术审核。 难度来自任务整合与表达要求，非官方等级。,范文让选五条复述并圈陌生词，拟请老师另查科学准确性；只问“读懂了吗”易获笼统回答，代写又会增加不必要负担。,2026-09-27
W336,writing,write_email,"You co-wrote a popular online guide to using a campus software service. The service has changed its menu, and readers now report that your old instructions lead to the wrong settings page. Your coauthor wants to wait until next term for a complete rewrite.",适中,任务覆盖与具体细节 / 收件人关系与语气 / 可执行的沟通,guide / menu / update,每份（1 题，1 个小题）,420,question_bank/sources/expansion_2026_09/write_email.json,outdated 是已过时；全面重写可以等，继续误导读者不能一并搁置。 难度来自任务整合与表达要求，非官方等级。,范文先显著标出旧段、指向现行指引并撤误导步骤，核对后发布；凭记忆快速改新路径可能再制造错误。,2026-09-27
W337,writing,write_email,You coordinate a family storytelling performance at a library. The performer has asked to begin twenty minutes late so an invited photographer can attend. The advertised finishing time must remain unchanged because families have arranged transport. Write to the performer.,适中,任务覆盖与具体细节 / 收件人关系与语气 / 可执行的沟通,storytelling / photographer / schedule,每份（1 题，1 个小题）,420,question_bank/sources/expansion_2026_09/write_email.json,finishing time 是硬约束；晚开始二十分钟实际损失的是观众节目时长。 难度来自任务整合与表达要求，非官方等级。,范文不简单拒绝摄影，提安静入场和结束后仅与愿意且有空留下者摆拍、仍需照片许可，并请确认原时程；把结束也顺延忽略交通安排。,2026-09-27
W338,writing,write_email,"During a neighborhood clean-up, volunteers found several old inscribed stones beside a disused building. The event instructions say unusual objects must be left in place and reported to the site manager. Some volunteers want to take the stones to the community center for display. Write to your clean-up team.",适中,任务覆盖与具体细节 / 收件人关系与语气 / 可执行的沟通,stones / location / manager,每份（1 题，1 个小题）,420,question_bank/sources/expansion_2026_09/write_email.json,inscribed 是有刻字；发现物有趣不等于志愿队获准搬走展出。 难度来自任务整合与表达要求，非官方等级。,范文依据题内活动规则，原地记录位置与照片，向场地负责人请示，其他区域继续普通清扫；不能把未知物直接称珍贵文物。,2026-09-27
W339,writing,write_email,Your workplace is launching a wellness challenge based entirely on daily step counts. A colleague who uses a wheelchair has said they want to join but cannot use that measure. You are on the organizing team and want an inclusive proposal without requesting private health details.,困难,任务覆盖与具体细节 / 收件人关系与语气 / 可执行的沟通,steps / activity / participation,每份（1 题，1 个小题）,420,question_bank/sources/expansion_2026_09/write_email.json,measure 是衡量标准；统一步数并不天然公平，也无需索取诊断来证明障碍。 难度来自任务整合与表达要求，非官方等级。,范文改为自选可行目标和完成规律，不硬换算轮椅活动与步数，自愿询问活动偏好而不索病史；另设“特殊组”仍可能使人被标签化。,2026-09-27
W340,writing,write_email,"You are helping your cousin prepare for a first job interview. Your cousin wants to memorize a long script you wrote together, but the practice answers sound unnatural when questions are phrased differently. You want to adjust the preparation plan supportively.",简单,任务覆盖与具体细节 / 收件人关系与语气 / 可执行的沟通,interview / script / examples,每份（1 题，1 个小题）,420,question_bank/sources/expansion_2026_09/write_email.json,script 是逐字稿；记住故事不等于所有问题都适合照背同一段。 难度来自任务整合与表达要求，非官方等级。,范文指出换问法时不自然，把经历拆情境、行动、结果，三种团队问题练选细节；先追漂亮句子会继续忽略问题焦点。,2026-09-27
W341,writing,write_email,"Your class team has two different versions of a report, both named “final.” The newer copy has the revised conclusion, while the older copy has corrected evidence-table entries that are missing from the newer one. A teammate proposes deleting the older file based only on its modification date. You have one day before submission.",适中,任务覆盖与具体细节 / 收件人关系与语气 / 可执行的沟通,files / version / conclusion,每份（1 题，1 个小题）,420,question_bank/sources/expansion_2026_09/write_email.json,modification date 是修改时间，不能证明包含全部正确修改。 难度来自任务整合与表达要求，非官方等级。,范文指出新版结论与旧版表格各有价值，保留原件、分段核并合并后通读；只重命名或删旧档不能消除内容冲突。,2026-09-27
W342,writing,write_email,You are helping organize a children’s museum treasure hunt. The draft plan requires a phone to scan a code at every station. Some families will not have a suitable device or will prefer not to hand one to a child. Write to the activity designer.,适中,任务覆盖与具体细节 / 收件人关系与语气 / 可执行的沟通,clues / phone / printed,每份（1 题，1 个小题）,420,question_bank/sources/expansion_2026_09/write_email.json,equivalent 是信息和挑战相当，不只是多放一张纸就算替代。 难度来自任务整合与表达要求，非官方等级。,范文让线索卡与扫码内容一致，用纸表记录，并分组试跑找困惑；给纸版更多提示会无意改变难度而非只改渠道。,2026-09-27
W343,writing,write_email,"In your four-person class team, you have taken notes and sent follow-up messages at every meeting. The others do most of the presentation speaking. You want to practice presenting too, but the administrative tasks still need to be done. Write to the whole team before the next meeting.",适中,任务覆盖与具体细节 / 收件人关系与语气 / 可执行的沟通,notes / roles / presentation,每份（1 题，1 个小题）,420,question_bank/sources/expansion_2026_09/write_email.json,rotation 是轮换；诉求同时是劳动分配和学习机会，不是取消杂务。 难度来自任务整合与表达要求，非官方等级。,范文准确描述一直记笔记，要求下次讲开场并由别人记录，提前列角色、简化模板；只表达不满却没人接手会使任务落空。,2026-09-27
W344,writing,write_email,"You are ordering uniforms for a recreational team. The supplier’s size chart lists only “small,” “medium,” and “large,” with no measurements. The team must submit one group order, and exchanges are limited. You want to avoid asking members to guess.",简单,任务覆盖与具体细节 / 收件人关系与语气 / 可执行的沟通,uniform / measurements / sizes,每份（1 题，1 个小题）,420,question_bank/sources/expansion_2026_09/write_email.json,garment measurements 是衣服实测尺寸；字母尺码不提供足够依据。 难度来自任务整合与表达要求，非官方等级。,范文索尺寸及量法，或借试穿样衣，再问截止能否容纳核对；直接让队友平常穿什么就订什么忽略换货限制。,2026-09-27
W345,writing,write_email,"Your cousin will stay with you for three days during your examination week. You are happy to host, but your cousin has sent a full sightseeing plan that assumes you can accompany them all day. You can share evenings after studying, not daytime outings.",简单,任务覆盖与具体细节 / 收件人关系与语气 / 可执行的沟通,visit / exams / daytime,每份（1 题，1 个小题）,420,question_bank/sources/expansion_2026_09/write_email.json,accompany 是陪同；欢迎住宿不等于白天全程导游。 难度来自任务整合与表达要求，非官方等级。,范文在订活动前划白天学习、晚上相处，提供路线规划帮助；先答应全日游再临时失约，或只冷淡拒绝，都难兼顾关系和考试。,2026-09-27
W346,writing,write_email,"You organize an amateur astronomy evening. The forecast provided by the venue predicts heavy cloud, but the event can use an indoor room. Tickets advertised “a chance to observe the night sky,” not guaranteed views. Write to registered participants before they travel.",适中,任务覆盖与具体细节 / 收件人关系与语气 / 可执行的沟通,cloud / observation / indoor,每份（1 题，1 个小题）,420,question_bank/sources/expansion_2026_09/write_email.json,chance 是机会，不是保证；预报提示可能受阻，不能写成天气已成定局。 难度来自任务整合与表达要求，非官方等级。,范文说明室内架镜与星图练习的价值，也承认不能等同亲眼观察，要求出发前确认或询预订选择；不能自行许诺题面没给的退款政策。,2026-09-27
W347,writing,write_email,"Your neighborhood association is preparing a memorial notice for a long-serving volunteer. You have been asked to write it, but the family has not approved the wording or said whether they want funeral details published. Write sensitively to the family’s designated contact.",困难,任务覆盖与具体细节 / 收件人关系与语气 / 可执行的沟通,memorial / family / notice,每份（1 题，1 个小题）,420,question_bank/sources/expansion_2026_09/write_email.json,memorial notice 是悼念文字；团体想感谢不等于能公布葬礼和私事。 难度来自任务整合与表达要求，非官方等级。,范文先慰问、询是否愿公开及范围，提供短稿慢慢审核，允许不发；催家属马上补全资料会把纪念变成负担。,2026-09-27
W348,writing,write_email,"You tested a new student-made quiz app and found that the explanation screen displays the correct reasoning, but the final review labels the same response wrong. You can reproduce this using a practice account. Write to the student developer with useful evidence, not a general complaint.",适中,任务覆盖与具体细节 / 收件人关系与语气 / 可执行的沟通,review / explanation / screenshots,每份（1 题，1 个小题）,420,question_bank/sources/expansion_2026_09/write_email.json,mismatch 是两处不一致；不是直接断定哪段程序出错。 难度来自任务整合与表达要求，非官方等级。,范文按作答、看解析、完成测验复现，提供题号与双截图，说明学习影响；“评分坏了”缺定位证据，也不该发送真实学习记录。,2026-09-27
W349,writing,write_email,You are planning a student club’s annual meeting. The nomination form assumes every member can attend in person to stand for a committee role. A member on a semester exchange wants to nominate themselves and serve remotely for the first month if elected. The club rules do not clearly address this situation.,困难,任务覆盖与具体细节 / 收件人关系与语气 / 可执行的沟通,nomination / eligible / duties,每份（1 题，1 个小题）,420,question_bank/sources/expansion_2026_09/write_email.json,eligible 是有参选资格；表格默认现场不一定等于正式禁止远程。 难度来自任务整合与表达要求，非官方等级。,范文不先批准或排除，查规则与必须到场的职责，再向所有候选人同步说明；只给熟悉成员开私下例外会损害程序公平。,2026-09-27
W350,writing,write_email,"Your graduating class plans to seal letters in a time capsule and open it at a reunion ten years later. The organizer proposes reading every letter aloud at that reunion, but contributors have not been told this. You are helping collect the letters.",困难,任务覆盖与具体细节 / 收件人关系与语气 / 可执行的沟通,letters / capsule / reunion,每份（1 题，1 个小题）,420,question_bank/sources/expansion_2026_09/write_email.json,read aloud 是公开朗读；十年后用途需在现在收信时说明。 难度来自任务整合与表达要求，非官方等级。,范文区分私下返还与允许分享，信封和登记双记选择，并考虑组织者更替；只靠现任口头记住许可无法跨越十年。,2026-09-27
W351,writing,academic_discussion,"Professor: A college is reconsidering how teachers mark essays. Removing student names could reduce the influence of earlier impressions, but teachers sometimes need to know a writer to understand the progress that an essay represents. The essays would still receive written feedback. Should the college require anonymous grading for major written assignments?",适中,区分评价目的 / 提出可行流程,anonymous grading / identification number,每份（1 题，1 个小题）,600,question_bank/sources/expansion_2026_09/academic_discussion.json,需区分评分标准与形成性反馈，论证有流程而非简单二选一。,范文先记录分数再显示姓名，以证据使用的进步说明个别反馈，并承认文风可能暴露身份。 本地参考示例，非官方满分答案；其他有充分论证的立场也可接受。,2026-09-27
W352,writing,academic_discussion,"Professor: A course instructor wants students to complete an ungraded practice task before an important examination. The practice task would resemble the examination but use different questions. Some students welcome a chance to discover weaknesses, while others already have demanding schedules. Should completion of this practice task be required for everyone?",简单,明确活动目的 / 用例子解释机制,diagnostic task / targeted practice,每份（1 题，1 个小题）,600,question_bank/sources/expansion_2026_09/academic_discussion.json,情境熟悉，重点在必做范围与诊断作用之间建立清晰联系。,范文以事实清单不等于论证为例，要求短诊断、按需加练，并排除表现分造成的干扰。 本地参考示例，非官方满分答案；其他有充分论证的立场也可接受。,2026-09-27
W353,writing,academic_discussion,"Professor: A university laboratory has fewer desirable afternoon booking times than students requesting them. Currently, the fastest students to complete an online form get those times. Staff are considering a lottery instead, but some experiments need particular schedules. How should the laboratory distribute its most popular booking times fairly?",困难,区分需要与偏好 / 限定公平规则,fixed intervals / documented experimental needs,每份（1 题，1 个小题）,600,question_bank/sources/expansion_2026_09/academic_discussion.json,需要同时处理必要性、机会公平与资源总量，限制条件较多。,固定间隔观测支撑优先权，剩余时段抽签；容量不足是分配规则无法单独解决的边界。 本地参考示例，非官方满分答案；其他有充分论证的立场也可接受。,2026-09-27
W354,writing,academic_discussion,"Professor: A university advising office is testing a program that recommends courses based on students' previous grades and choices. It might help students find suitable classes more quickly, but it could also direct them toward familiar subjects. Should these recommendations become the main starting point for academic advising, or remain an optional extra?",适中,区分工具与决策 / 举反例拓展讨论,new curiosity / previous grades,每份（1 题，1 个小题）,600,question_bank/sources/expansion_2026_09/academic_discussion.json,需以具体转向说明历史信息的局限，避免抽象讨论技术优劣。,生物与舞台设计的假设例子支撑先问目标，再由工具核查条件的方案。 本地参考示例，非官方满分答案；其他有充分论证的立场也可接受。,2026-09-27
W355,writing,academic_discussion,"Professor: A department receives occasional reports of errors in its course textbooks. It is considering a shared page where students can report possible mistakes and suggest corrections. Staff would check submissions, but reviewing them takes time. Should the department encourage this activity as part of learning, or handle corrections only through teachers?",适中,区分主张与证据 / 设计核实步骤,confirmed corrections / verified changes,每份（1 题，1 个小题）,600,question_bank/sources/expansion_2026_09/academic_discussion.json,需说明参与学习与信息可靠性如何通过审核标签协调。,例题核算展示提交证据的价值，问题与确认勘误分栏、每周审核回应误报风险。 本地参考示例，非官方满分答案；其他有充分论证的立场也可接受。,2026-09-27
W356,writing,academic_discussion,"Professor: In a final year design course, teams build devices intended to solve practical problems. Some carefully planned devices fail during testing, while simpler devices work immediately. Teachers must assess both the outcome and the learning demonstrated. How much should a working final product matter when grading these projects?",困难,拆分评价维度 / 防止论证过度,realistic redesign / separate marks,每份（1 题，1 个小题）,600,question_bank/sources/expansion_2026_09/academic_discussion.json,需同时解释结果、过程及难度基准，避免以野心为失败免责。,水报警器的环境测试支持过程评分，预先约定难度限制不切实际的选题。 本地参考示例，非官方满分答案；其他有充分论证的立场也可接受。,2026-09-27
W357,writing,academic_discussion,"Professor: An instructor is considering giving each student two deadline extensions that can be used without explanation during the term. The policy could protect privacy and accommodate unexpected problems, but assignments often build on earlier work. Would this approach improve fairness, or would it create too many problems for the course?",适中,识别外部影响 / 限定政策范围,independent work / ordinary disruptions,每份（1 题，1 个小题）,600,question_bank/sources/expansion_2026_09/academic_discussion.json,需区分个人任务与相互依赖任务，并保留超出常规规则的情况。,个人反思与合作提案的对比支持不同延期规则，长期困难另设支持而非一律拒绝。 本地参考示例，非官方满分答案；其他有充分论证的立场也可接受。,2026-09-27
W358,writing,academic_discussion,"Professor: Some students sell their detailed lecture notes to classmates through an online marketplace. Buyers say the notes help them catch up, while others question whether selling material from a shared class is appropriate. The university is considering restrictions. Should students be allowed to sell their own notes from courses they attend?",困难,界定信息边界 / 兼顾回报与可达性,basic outline / private classroom comments,每份（1 题，1 个小题）,600,question_bank/sources/expansion_2026_09/academic_discussion.json,涉及基础支持、自制内容和隐私边界，要求多条件整合。,免费课程大纲降低依赖，自制比较表说明允许范围，私人课堂故事说明排除范围。 本地参考示例，非官方满分答案；其他有充分论证的立场也可接受。,2026-09-27
W359,writing,academic_discussion,"Professor: A language program is considering displaying a weekly ranking of students based on practice scores. The ranking would show names and might encourage effort, but learners begin with different levels of experience. Should the program make these rankings public, or use a different way to recognize students' progress and commitment?",适中,比较激励机制 / 解释指标局限,individual feedback / raw improvement,每份（1 题，1 个小题）,600,question_bank/sources/expansion_2026_09/academic_discussion.json,熟悉学习场景，但要识别总分与进步幅度两种指标的局限。,个人听力目标支持与自身比较，同时限定原始涨分奖励以照顾高起点学习者。 本地参考示例，非官方满分答案；其他有充分论证的立场也可接受。,2026-09-27
W360,writing,academic_discussion,"Professor: A professor wants students to keep a short weekly learning journal describing one idea they changed their minds about and why. The journal would count for completion rather than writing quality. Some students find reflection valuable, but others prefer spending that time practicing the subject. Should this journal become a regular course requirement?",简单,识别任务诱导 / 具体化反思价值,unresolved question / labeling the axes,每份（1 题，1 个小题）,600,question_bank/sources/expansion_2026_09/academic_discussion.json,日常学习情境，核心是用真实小观察替代被迫报告转变。,先标坐标轴的学习方法说明可记录的变化，教师回应日志使反思不止于交差。 本地参考示例，非官方满分答案；其他有充分论证的立场也可接受。,2026-09-27
W361,writing,academic_discussion,Professor: A town is planning a summer street festival and wants drinking water to be easy to obtain. Organizers can install temporary refill stations or distribute sealed bottles at several entrances. Both options require staff and storage. Which approach should receive most of the budget if the event aims to be welcoming and practical?,简单,比较使用流程 / 补充实施条件,accessible routes / sealed bottles,每份（1 题，1 个小题）,600,question_bank/sources/expansion_2026_09/academic_discussion.json,熟悉的活动服务场景，重点在地点与备用安排的具体性。,家庭在阴凉区休息补水说明选址价值，少量瓶装水用于故障和通行困难。 本地参考示例，非官方满分答案；其他有充分论证的立场也可接受。,2026-09-27
W362,writing,academic_discussion,"Professor: Shops on a busy shopping street receive deliveries during the morning rush. The town is considering allowing more deliveries late at night to reduce daytime congestion. Apartments sit above many shops, and residents already hear street noise. Should the town encourage nighttime deliveries, or keep most deliveries within daytime hours?",适中,识别成本转移 / 提出替代安排,protected overnight quiet period / loading spaces,每份（1 题，1 个小题）,600,question_bank/sources/expansion_2026_09/academic_discussion.json,要从街道效率转向受影响住户，并提出非口号式替代方案。,受扰睡眠说明成本转移，下午预约卸货回应交通目标，必要夜送附限噪与投诉规则。 本地参考示例，非官方满分答案；其他有充分论证的立场也可接受。,2026-09-27
W363,writing,academic_discussion,"Professor: A city wants to change a wide intersection that many pedestrians find difficult to cross. One proposal uses paint and temporary barriers for a trial, while another builds permanent improvements immediately. The city can afford either approach, but not repeated construction. Which approach would provide the better path to a useful redesign?",困难,区分验证对象 / 设计有终点的试行,decision date / turning space,每份（1 题，1 个小题）,600,question_bank/sources/expansion_2026_09/academic_discussion.json,需把需求已确认与设计仍不确定分开，并限制试行的拖延风险。,公交转弯冲突展示设计验证价值，预设指标和决策日期约束无限试行。 本地参考示例，非官方满分答案；其他有充分论证的立场也可接受。,2026-09-27
W364,writing,academic_discussion,"Professor: A town has several public toilets that need more frequent cleaning. Officials propose a small charge for each visit to help pay for attendants, while community groups want access to remain free. The operating budget is limited. Should the town introduce a fee or fund the service through its general budget?",简单,回应经费顾虑 / 区分价格与成本,protected cleaning allocation / electronic payment,每份（1 题，1 个小题）,600,question_bank/sources/expansion_2026_09/academic_discussion.json,常见公共服务问题，可用具体付款障碍解释可达性。,手机没电的访客说明收费门槛，按市场日客流配保洁并公开成本回应维护需求。 本地参考示例，非官方满分答案；其他有充分论证的立场也可接受。,2026-09-27
W365,writing,academic_discussion,"Professor: A transit agency can publish live information about broken station elevators, but staff worry that incomplete updates could mislead passengers. Repairs sometimes finish sooner or later than expected. Should the agency release the information as soon as it receives reports, or wait until staff have confirmed a reliable estimate for restoring service?",困难,区分确定性层级 / 解释信息价值,last check / accessible alternative,每份（1 题，1 个小题）,600,question_bank/sources/expansion_2026_09/academic_discussion.json,需要拆分事实状态、预测与未核实报告，信息层次较多。,轮椅乘客改站说明确认停运已具有行动价值，未知修复时间不应包装成精确承诺。 本地参考示例，非官方满分答案；其他有充分论证的立场也可接受。,2026-09-27
W366,writing,academic_discussion,"Professor: At a weekly market, vendors sometimes have unsold produce when the market closes. Organizers are considering a public collection point where that food can be donated. Some vendors worry that customers would wait for free food instead of buying. Should the market establish this collection point, and how should it operate?",适中,分析行为反应 / 限定服务承诺,community kitchen / unpredictable surplus,每份（1 题，1 个小题）,600,question_bank/sources/expansion_2026_09/academic_discussion.json,需推演免费供应对购买行为的影响，并处理数量不确定性。,每周番茄余量不同说明不能承诺产品，厨房灵活使用余货与自愿参与限制收入风险。 本地参考示例，非官方满分答案；其他有充分论证的立场也可接受。,2026-09-27
W367,writing,academic_discussion,"Professor: A neighborhood experiences puddles after heavy rain and has space for either underground drainage work or planted areas designed to absorb water. Residents like the idea of more greenery, but the planted areas would need care and may not handle every storm. Which investment should the neighborhood prioritize when choosing a first project?",适中,建立决策标准 / 联系问题与方案,site assessment / named owner,每份（1 题，1 个小题）,600,question_bank/sources/expansion_2026_09/academic_discussion.json,需把多重收益放回具体问题与维护条件下判断。,公寓入口的可通行性是核心标准，现场评估与责任人决定种植方案是否适用。 本地参考示例，非官方满分答案；其他有充分论证的立场也可接受。,2026-09-27
W368,writing,academic_discussion,"Professor: After snowfall, a town clears major roads before most sidewalks. Some residents argue that sidewalks near shops and bus stops should receive equal priority, even if cars must wait longer on less busy roads. The town cannot increase its clearing staff this winter. How should it set priorities for snow removal?",困难,识别系统断点 / 比较边际收益,pedestrian connection / essential journeys,每份（1 题，1 个小题）,600,question_bank/sources/expansion_2026_09/academic_discussion.json,需跨道路类别考虑完整路径，而非单独比较使用人数。,公交站连接路的假设展示短路段带来的整体收益，并保留急救道路的必要优先权。 本地参考示例，非官方满分答案；其他有充分论证的立场也可接受。,2026-09-27
W369,writing,academic_discussion,"Professor: A town is updating its system for warning residents about urgent local hazards. It could invest more in loud outdoor sirens or in a service that sends messages to registered phones. Some residents are often outdoors, while others keep their phones silent. Which system should be the main priority for the next improvement?",适中,区分沟通环节 / 处理覆盖盲区,initial warning / accessible alternative,每份（1 题，1 个小题）,600,question_bank/sources/expansion_2026_09/academic_discussion.json,要明确主要投资而非含糊地全都要，同时补足覆盖例外。,球场访客说明无登记提醒的价值，指令渠道及听觉替代措施限制单一警笛方案。 本地参考示例，非官方满分答案；其他有充分论证的立场也可接受。,2026-09-27
W370,writing,academic_discussion,"Professor: A community traditionally ends its annual celebration with fireworks. The organizing committee is considering a quieter evening show using projected images and music instead. Some residents value the familiar ending, while others avoid the event because of sudden loud sounds. Should the committee replace the fireworks or preserve the tradition?",简单,区分形式与价值 / 回应情感诉求,shared ending / projected story,每份（1 题，1 个小题）,600,question_bank/sources/expansion_2026_09/academic_discussion.json,熟悉的庆典场景，用具体替代方案说明保留价值而更换形式。,不同年代广场照片连接世代，居民参与选择与可达观赏区回应传统和包容性。 本地参考示例，非官方满分答案；其他有充分论证的立场也可接受。,2026-09-27
W371,writing,academic_discussion,"Professor: A large museum is considering lending important objects to smaller museums in nearby towns. The loans could reach people who rarely visit the city, but travel and temporary displays create extra demands on conservation staff. Should the museum expand these loans, or concentrate on making its own collection easier to visit?",适中,解释项目的持续收益 / 回应保护与人力条件,receiving museum / condition record / care requirements,每份（1 题，1 个小题）,600,question_bank/sources/expansion_2026_09/academic_discussion.json,需超出学生已提出的地方解释价值，论证借展如何留下照料藏品的能力，同时计入培训成本；为本地难度判断。,范文新增借展带来长期技能的理由：小馆借耐用工坊工具时学习状况记录和布展，归还后仍能照料本地捐赠物；培训须计入时间和经费，脆弱展品仍按保护条件筛选。 本地参考示例，非官方满分答案；其他有充分论证的立场也可接受。,2026-09-27
W372,writing,academic_discussion,"Professor: A community archive records residents describing their lives and makes the recordings available to researchers. Some participants later ask to remove a recording because their circumstances or feelings have changed. Removing it can interrupt ongoing research. Should contributors always be able to withdraw their recordings, even years after giving permission to share them?",困难,划清控制边界 / 权衡同意与研究,future public access / neutral notice,每份（1 题，1 个小题）,600,question_bank/sources/expansion_2026_09/academic_discussion.json,需要处理时间边界、第三人影响与研究可核查性。,工作冲突录音说明后续敏感性，停止访问但不承诺删除外部引用。 本地参考示例，非官方满分答案；其他有充分论证的立场也可接受。,2026-09-27
W373,writing,academic_discussion,"Professor: A local art competition accepts digital images and is deciding how entrants should describe their methods. Some artists use software that automatically generates parts of an image, while others draw every element themselves. Should the competition require a short explanation of the process beside each entry, or judge only the finished image?",适中,区分工具与贡献 / 解释评价依据,published criteria / final arrangement,每份（1 题，1 个小题）,600,question_bank/sources/expansion_2026_09/academic_discussion.json,不要求技术知识，要求把制作过程与审美评价分开。,生成背景的选择重组说明具体贡献，公开标准避免唯工具论。 本地参考示例，非官方满分答案；其他有充分论证的立场也可接受。,2026-09-27
W374,writing,academic_discussion,Professor: A town is translating local walking tour signs for visitors. Some signs contain traditional sayings that are difficult to translate directly. Editors can replace them with familiar expressions or keep the local wording and add a short explanation. Which approach would better serve visitors who have limited time and little knowledge of the town?,简单,说明文化损失 / 限定翻译策略,plain explanation / familiar expressions,每份（1 题，1 个小题）,600,question_bank/sources/expansion_2026_09/academic_discussion.json,熟悉导览情境，以具象比喻说明形式所承载的信息。,假设渔镇比喻示范保留文化意象，日常指路例外避免所有文字都复杂化。 本地参考示例，非官方满分答案；其他有充分论证的立场也可接受。,2026-09-27
W375,writing,academic_discussion,"Professor: An archive has thousands of old photographs with incomplete captions. It wants residents to help identify people and places online, but memories may conflict or be mistaken. Should public contributions appear immediately beside the photographs, or remain hidden until an archivist has checked each one against other available evidence?",困难,区分独立证据 / 管理信息不确定性,established captions / record of changes,每份（1 题，1 个小题）,600,question_bank/sources/expansion_2026_09/academic_discussion.json,要兼顾协作与可靠性，并识别表面共识并非独立佐证。,店门线索与有日期照片互证，分层标签及修改记录限制错误扩散。 本地参考示例，非官方满分答案；其他有充分论证的立场也可接受。,2026-09-27
W376,writing,academic_discussion,Professor: A small cultural festival has far more ticket requests than seats for its opening performance. Organizers currently sell tickets online at a fixed starting time. They are considering collecting requests for several days and then using a lottery. Which system would make access fairer while keeping the event manageable for a small staff?,简单,区分分配与兑现 / 设计简明流程,waiting list / confirm attendance,每份（1 题，1 个小题）,600,question_bank/sources/expansion_2026_09/academic_discussion.json,日常购票问题，以两阶段流程回应公平与空座顾虑。,三天登记、两天确认、候补递补构成可执行流程，不宣称人人获票。 本地参考示例，非官方满分答案；其他有充分论证的立场也可接受。,2026-09-27
W377,writing,academic_discussion,"Professor: A library needs space for new books and is reviewing titles that have not been borrowed recently. Some librarians want to remove most of these books, while others worry about losing uncommon material that remains valuable. How much weight should recent borrowing numbers carry when deciding which books the library keeps on its shelves?",适中,解释指标盲点 / 比较替代成本,recent demand / local history volume,每份（1 题，1 个小题）,600,question_bank/sources/expansion_2026_09/academic_discussion.json,需超出数量指标，整合独特性与摆放等解释。,地方史与旅游指南对比说明替代成本，摆放位置提供低借阅的另一原因。 本地参考示例，非官方满分答案；其他有充分论证的立场也可接受。,2026-09-27
W378,writing,academic_discussion,"Professor: A theater is considering showing written captions above the stage during every performance, not only on selected evenings. Captions could help visitors follow the dialogue, but some actors worry that audiences will watch the text instead of the performance. Should captions become a standard feature or remain available only at designated shows?",适中,回应设计顾虑 / 具体化可达性,test sightlines / surprise line,每份（1 题，1 个小题）,600,question_bank/sources/expansion_2026_09/academic_discussion.json,需将支持原则落实到观看位置与台词时序。,近舞台显示与多座位测试回应分心，避免提前显示台词保留戏剧效果。 本地参考示例，非官方满分答案；其他有充分论证的立场也可接受。,2026-09-27
W379,writing,academic_discussion,"Professor: A neighborhood commissions a mural on a wall that will remain available for many years. Some residents want one lasting artwork, while others propose replacing the painting every two years to involve more artists. Both options require maintenance and public funding. Should this wall have a permanent mural or a regularly changing program?",适中,处理时间维度 / 区分更新与丢弃,expected lifespan / artist interview,每份（1 题，1 个小题）,600,question_bank/sources/expansion_2026_09/academic_discussion.json,需同时处理新表达、旧作品尊重及接替条件。,工厂变公园示例连接社区变化与轮换，影像记录及已筹资接替限制随意抹除。 本地参考示例，非官方满分答案；其他有充分论证的立场也可接受。,2026-09-27
W380,writing,academic_discussion,"Professor: A historic site stages short performances showing daily life in an earlier period. Visitors enjoy the scenes, but some complain that the performances make the past seem simpler and more cheerful than it was. Should the site add characters with conflicting experiences, or keep the performances straightforward and explain complexity in separate displays?",困难,用微观场景解释差异 / 区分史实与示例,illustrative dialogue / unequal choices,每份（1 题，1 个小题）,600,question_bank/sources/expansion_2026_09/academic_discussion.json,需兼顾叙事清楚、历史复杂性与证据边界。,市场物价场景展示不同利益，明确示范对白不等于真实人物史实。 本地参考示例，非官方满分答案；其他有充分论证的立场也可接受。,2026-09-27
W381,writing,academic_discussion,"Professor: A small company asks job applicants to complete a sample assignment before an interview. The assignment helps reveal practical ability but takes several hours, and only a few applicants are hired. Managers are debating whether every applicant who completes it should receive payment. Would paying for these assignments improve the hiring process?",适中,分析参与门槛 / 回应资源限制,work sample / paid exercise,每份（1 题，1 个小题）,600,question_bank/sources/expansion_2026_09/academic_discussion.json,需将尊重时间转化为可负担且照顾新人的筛选流程。,托育成本例子支撑支付或缩短任务，短替代练习保留无作品者机会。 本地参考示例，非官方满分答案；其他有充分论证的立场也可接受。,2026-09-27
W382,writing,academic_discussion,"Professor: A company is considering publishing the salary range for every job category on its internal website. Employees would not see individual salaries, but they could compare the ranges available for different roles. Managers hope this could improve trust, while some worry about resentment. Should the company make these ranges visible to all employees?",适中,解释信息背景 / 区分规则与执行,requires supervision / informed questions,每份（1 题，1 个小题）,600,question_bank/sources/expansion_2026_09/academic_discussion.json,需解释公开数字的边界，并把信任关联到可核查的执行。,技术员独立操作能力展示合理区间差异，质询渠道约束标准与实际脱节。 本地参考示例，非官方满分答案；其他有充分论证的立场也可接受。,2026-09-27
W383,writing,academic_discussion,"Professor: An office team often decides small project questions during meetings. Employees who cannot attend later receive a short summary, but they sometimes feel unable to influence the decision. The manager proposes discussing routine decisions in a shared written document before meeting. Should this become the normal process, or would it slow cooperation?",简单,安排协作顺序 / 限定适用情境,response deadline / unresolved disagreements,每份（1 题，1 个小题）,600,question_bank/sources/expansion_2026_09/academic_discussion.json,熟悉团队场景，以先写后议的顺序解决参与不足。,交付日期例子展示先收约束再议冲突，截止时间和定稿人防止评论无止境。 本地参考示例，非官方满分答案；其他有充分论证的立场也可接受。,2026-09-27
W384,writing,academic_discussion,"Professor: A company allows employees to send work messages whenever convenient, including evenings. No formal rule requires an immediate reply, but some workers feel pressure to respond quickly. Managers are considering delaying nonurgent messages until the next working day. Should the company adopt that practice, or leave message timing to individual judgment?",适中,拆分相互冲突需求 / 识别隐性激励,recipient's working hours / separate agreed channel,每份（1 题，1 个小题）,600,question_bank/sources/expansion_2026_09/academic_discussion.json,需同时分析技术安排与管理行为形成的隐性期待。,晚饭后起草但上班送达化解时段冲突，限制紧急渠道及夜间秒回奖励。 本地参考示例，非官方满分答案；其他有充分论证的立场也可接受。,2026-09-27
W385,writing,academic_discussion,"Professor: A manufacturing company is considering moving new employees through several departments during their first six months. Managers think this could improve understanding of the whole business, but each move interrupts training in a particular role. Should new employees rotate widely at the beginning, or become skilled in one position before exploring others?",简单,安排学习顺序 / 用问题驱动交流,focused visits / damaged returns,每份（1 题，1 个小题）,600,question_bank/sources/expansion_2026_09/academic_discussion.json,用熟悉岗位后的具体问题说明先后顺序，不需专业制造知识。,包装退货问题导向客服短访，较长期轮岗保留给承担更广职责者。 本地参考示例，非官方满分答案；其他有充分论证的立场也可接受。,2026-09-27
W386,writing,academic_discussion,Professor: A delivery company wants employees to report small mistakes before those mistakes cause larger problems. Some managers propose a system that focuses on fixing the process rather than identifying who was responsible. Others worry that removing blame will weaken accountability. What approach would best encourage honest reporting while maintaining careful work?,困难,区分行为责任 / 分析制度信任,honest disclosure / label placement,每份（1 题，1 个小题）,600,question_bank/sources/expansion_2026_09/academic_discussion.json,需区分诚实披露、系统设计与反复违规，不可简单免罚或惩罚。,地址标签混淆支撑流程改进，反复忽略已懂程序单独处理。 本地参考示例，非官方满分答案；其他有充分论证的立场也可接受。,2026-09-27
W387,writing,academic_discussion,Professor: A restaurant is debating whether to divide customer tips among all staff or let servers keep the tips they receive directly. Kitchen workers and cleaners influence the dining experience but rarely meet customers. Servers say their personal service matters too. Which distribution method would better recognize contributions and support teamwork?,适中,识别结果混杂因素 / 区分团队与个人评价,hours worked / accidental difference,每份（1 题，1 个小题）,600,question_bank/sources/expansion_2026_09/academic_discussion.json,需要发现班次和客流影响，避免把收入结果完全归因努力。,下午与庆宴对比展示机会差异，公开分配和个别反馈兼顾团队与责任。 本地参考示例，非官方满分答案；其他有充分论证的立场也可接受。,2026-09-27
W388,writing,academic_discussion,"Professor: A workplace wants to collect suggestions from employees about improving daily routines. One proposal allows anonymous comments, while another requires names so managers can ask follow up questions. Past meetings have received few suggestions from junior staff. Which approach should the workplace use to obtain useful and honest ideas?",困难,化解沟通约束 / 限定隐私承诺,private reference number / visible response,每份（1 题，1 个小题）,600,question_bank/sources/expansion_2026_09/academic_discussion.json,需处理匿名、澄清和间接身份线索三者关系。,重复库存表的建议可通过编号追问，情境暴露身份的可能性限制绝对匿名承诺。 本地参考示例，非官方满分答案；其他有充分论证的立场也可接受。,2026-09-27
W389,writing,academic_discussion,Professor: An employer currently helps pay for staff parking but provides no commuting support to employees who walk or cycle. Some workers propose replacing the parking benefit with an equal transport allowance for everyone. Others say their travel costs differ greatly. Would an equal allowance be a better policy than the current parking support?,困难,区分选择与约束 / 构建公平标准,basic benefit / unavoidable additional needs,每份（1 题，1 个小题）,600,question_bank/sources/expansion_2026_09/academic_discussion.json,需区分一般平等待遇与岗位造成的特殊需要。,清洁工错过末班车说明岗位约束，偏好长通勤不自动获得同等额外支持。 本地参考示例，非官方满分答案；其他有充分论证的立场也可接受。,2026-09-27
W390,writing,academic_discussion,"Professor: A hotel wants to recognize excellent employees and is considering an award based mainly on positive online guest reviews. Reviews often name reception staff, but many workers operate behind the scenes. Managers want a simple and visible standard. Should guest reviews be the main basis for the award, or only one source of evidence?",简单,追溯共同贡献 / 识别评价偏差,documented examples / public praise,每份（1 题，1 个小题）,600,question_bank/sources/expansion_2026_09/academic_discussion.json,用换房服务的可见与幕后环节说明单一指标的偏差。,维修识别故障和准备房间补充前台获赞的背景，多来源例证代替机械计数。 本地参考示例，非官方满分答案；其他有充分论证的立场也可接受。,2026-09-27
W391,writing,academic_discussion,"Professor: A college dining hall is considering making a vegetable based meal the standard option at catered events, while still allowing guests to request meat when registering. Organizers hope this will simplify planning and introduce unfamiliar dishes. Should the default menu change, or should guests continue choosing between equally presented options each time?",适中,区分默认与强制 / 设计反馈检验,dietary requirements / written justification,每份（1 题，1 个小题）,600,question_bank/sources/expansion_2026_09/academic_discussion.json,要处理选择架构与真实选择权，避免声称一类餐食适合所有人。,并列改选无需辩解、另收饮食要求，并以满意度与剩餐决定是否推广。 本地参考示例，非官方满分答案；其他有充分论证的立场也可接受。,2026-09-27
W392,writing,academic_discussion,"Professor: A grocery store can buy fruit and vegetables with unusual shapes at a lower price, provided they meet the same quality checks as its other produce. Managers are deciding whether to mix these items with regular displays or create a separate discounted section. Which arrangement would better encourage customers to purchase them?",简单,区分外观与质量 / 连接展示与行为,quality checks / discounted section,每份（1 题，1 个小题）,600,question_bank/sources/expansion_2026_09/academic_discussion.json,已给同等质检前提，用日常烹调用途解释展示选择。,汤中胡萝卜示例连接形状与用途，折扣原因清楚且避免冷落摆位。 本地参考示例，非官方满分答案；其他有充分论证的立场也可接受。,2026-09-27
W393,writing,academic_discussion,"Professor: A cafeteria notices that many customers leave some food on their plates. It is considering smaller standard portions with a free second serving, rather than continuing to serve one large portion. Staff worry about longer lines and unpredictable demand. Would this change be a good way to reduce waste without making meals less convenient?",适中,分析流程摩擦 / 识别指标转移,refill point / waiting times,每份（1 题，1 个小题）,600,question_bank/sources/expansion_2026_09/academic_discussion.json,需同时考虑用餐动线和厨房端浪费，不能只看单个指标。,短休息者可首次多取，独立添餐点减排队，厨房未售量防止浪费转移。 本地参考示例，非官方满分答案；其他有充分论证的立场也可接受。,2026-09-27
W394,writing,academic_discussion,"Professor: A supermarket reduces prices on certain products as their clearly displayed sale deadline approaches. It is considering changing those prices several times a day using electronic labels. Customers might find more bargains, but the same item could cost different amounts within hours. Should the store introduce frequent price changes or keep one predictable daily reduction?",适中,比较计划成本 / 追溯上游原因,reduction time / ordering quantities,每份（1 题，1 个小题）,600,question_bank/sources/expansion_2026_09/academic_discussion.json,需区分产品间差价与时间波动，并考虑库存源头。,固定午休者说明等待成本，稳定时段、清楚期限和调整订货构成完整回应。 本地参考示例，非官方满分答案；其他有充分论证的立场也可接受。,2026-09-27
W395,writing,academic_discussion,"Professor: An apartment building wants a shared refrigerator where residents can leave unopened surplus food for neighbors. Some people want access at all hours, while others propose supervised collection periods and clear labeling rules. Volunteers are limited, and the building has no existing food sharing program. How should it begin the project responsibly?",困难,明确运营责任 / 限定试点范围,operating routine / volunteer log,每份（1 题，1 个小题）,600,question_bank/sources/expansion_2026_09/academic_discussion.json,要同时处理开放公平、责任与不能凭空确定的安全规则。,轮换监督时段兼顾班次，记录与先取得处理指引避免把便利当可靠运营。 本地参考示例，非官方满分答案；其他有充分论证的立场也可接受。,2026-09-27
W396,writing,academic_discussion,Professor: A household goods shop is introducing detergent refill containers that customers can return and use again. It must choose between charging a refundable deposit or asking customers to return containers voluntarily. A deposit could encourage returns but raises the initial purchase price. Which system would be more effective and fair for customers?,适中,区分名义与实际可达性 / 分析前置成本,upfront burden / normal opening hours,每份（1 题，1 个小题）,600,question_bank/sources/expansion_2026_09/academic_discussion.json,熟悉押金场景，需检查回收入口与支付时点的真实约束。,下班无法退瓶例子说明时间门槛，全天接收和允许合适自带容器减少负担。 本地参考示例，非官方满分答案；其他有充分论证的立场也可接受。,2026-09-27
W397,writing,academic_discussion,"Professor: A university is buying small appliances for shared student kitchens. One supplier offers a low purchase price, while another promises clearly priced replacement parts and repair instructions for several years. The second option costs more at the start. Which offer should the university prefer when deciding how to spend its equipment budget?",适中,比较全程成本 / 核验承诺条件,delivery times / qualified staff,每份（1 题，1 个小题）,600,question_bank/sources/expansion_2026_09/academic_discussion.json,需把维修承诺拆成实际供应与人员条件，而非单比标价。,水壶开关等待期说明停用成本，询问零件价格和合格维修者验证承诺。 本地参考示例，非官方满分答案；其他有充分论证的立场也可接受。,2026-09-27
W398,writing,academic_discussion,"Professor: An apartment complex receives many small package deliveries throughout each day. Management proposes asking residents to choose two regular delivery days each week for nonurgent purchases. Residents could still request other dates when necessary. Would encouraging this schedule improve life in the building, or create an unnecessary restriction on personal shopping choices?",困难,区分总量与峰值 / 控制试行边界,storage capacity / collection time,每份（1 题，1 个小题）,600,question_bank/sources/expansion_2026_09/academic_discussion.json,需要推演时间集中带来的峰值问题及居民控制范围。,四十件与二十件容量的假设说明拥堵，志愿组试行测包裹量和周转。 本地参考示例，非官方满分答案；其他有充分论证的立场也可接受。,2026-09-27
W399,writing,academic_discussion,"Professor: An online clothing shop currently pays for every return shipment. It is considering charging a small return fee to discourage customers from ordering many sizes and sending most items back. Customers say that fit is difficult to judge online. Should the shop introduce the fee, or continue covering returns as part of selling clothes remotely?",适中,区分行为原因 / 分配信息责任,reasonable uncertainty / detailed measurements,每份（1 题，1 个小题）,600,question_bank/sources/expansion_2026_09/academic_discussion.json,需把退货原因分类，而非假定所有退货都是浪费。,介于两码的顾客示范合理不确定性，补尺寸后再识别大量退订模式。 本地参考示例，非官方满分答案；其他有充分论证的立场也可接受。,2026-09-27
W400,writing,academic_discussion,"Professor: A neighborhood wants to increase recycling and is considering rewarding households according to the weight of material they bring to a collection point. Volunteers say weighing is simple, but some residents argue that producing less waste should also count. Would a weight based reward help the neighborhood achieve its environmental goals?",困难,识别反向激励 / 检验代理指标,waste prevention / total waste,每份（1 题，1 个小题）,600,question_bank/sources/expansion_2026_09/academic_discussion.json,需发现可计量活动与最终目标冲突，并承认替代指标的限制。,范文用补充装说明低重量可能是源头减量；新增按次数也会诱导拆分投递的风险，所以只给小额激励并查总废物量，不能换个数字就宣布成功。 本地参考示例，非官方满分答案；其他有充分论证的立场也可接受。,2026-09-27
W401,writing,academic_discussion,"Professor: A student research journal usually publishes projects with clear positive findings. Its editors are considering a section for well designed studies that did not find the expected effect. Space and reviewer time are limited. Should these studies receive equal consideration, or should the journal focus on work with more immediately interesting results?",困难,限定研究结论 / 区分结果与质量,limited sample / equal consideration,每份（1 题，1 个小题）,600,question_bank/sources/expansion_2026_09/academic_discussion.json,需理解未发现差异与证明等效不同，且避免按结果吸引力筛研究。,小班比较只能报告有限样本无明显差异，为扩大研究提供依据而非普遍结论。 本地参考示例，非官方满分答案；其他有充分论证的立场也可接受。,2026-09-27
W402,writing,academic_discussion,"Professor: A community science group has inexpensive sensors that record air conditions around town. The readings may vary between devices and are not official measurements. Members want to publish a public map quickly, while others favor collecting more comparison data first. How should the group share its work without overstating what the readings can show?",困难,区分测量与现象 / 呈现不确定性,repeat observations / visible limits,每份（1 题，1 个小题）,600,question_bank/sources/expansion_2026_09/academic_discussion.json,需识别设备误差与地点差异的混杂，禁止越界解释。,同地设备比较揭示误差，范围和日期替代好坏分级，不提供健康指导。 本地参考示例，非官方满分答案；其他有充分论证的立场也可接受。,2026-09-27
W403,writing,academic_discussion,"Professor: A science center gives live demonstrations to school groups. Occasionally, an experiment does not produce the expected result, even after preparation. Staff can either move quickly to a recorded successful version or pause to investigate with the audience. Which response would best support learning while keeping a short visit engaging and organized?",简单,聚焦调查问题 / 诚实表达未知,focused question / further checking,每份（1 题，1 个小题）,600,question_bank/sources/expansion_2026_09/academic_discussion.json,熟悉参观情境，关键是用单次可见核查兼顾时间与探究。,模型桥的接头或支撑检查展示有限调查，录像补概念但不虚构故障原因。 本地参考示例，非官方满分答案；其他有充分论证的立场也可接受。,2026-09-27
W404,writing,academic_discussion,"Professor: Students in an introductory research course must complete a small investigation. The instructor can provide a large existing dataset or ask students to collect a smaller set of observations themselves. Both approaches fit the course schedule, but they teach different parts of research. Which should be the main approach for beginners?",适中,理解数据来源 / 安排学习递进,measurement decisions / prepared material,每份（1 题，1 个小题）,600,question_bank/sources/expansion_2026_09/academic_discussion.json,需说明小采集与大分析的不同教学职责，而非把二者重复。,自行车计数的时段影响帮助追问大数据采集，限制小练习的推论用途。 本地参考示例，非官方满分答案；其他有充分论证的立场也可接受。,2026-09-27
W405,writing,academic_discussion,"Professor: A research club is considering sharing its project notebooks online while work is still in progress. Open notes could attract useful suggestions, but they contain unfinished ideas and results that may change. Should the club publish these notebooks continuously, or wait until each project has a settled explanation to present?",困难,区分披露层级 / 控制过早推论,progress updates / inconsistent watering,每份（1 题，1 个小题）,600,question_bank/sources/expansion_2026_09/academic_discussion.json,需区分原始探索记录与能负责任地公开的阶段说明。,浇水不一致的进度更新保留过程价值而不发布未经支持的生长结论。 本地参考示例，非官方满分答案；其他有充分论证的立场也可接受。,2026-09-27
W406,writing,academic_discussion,"Professor: A university news team writes short articles about new research for the general public. Researchers want the articles to include important limitations, while editors worry that cautious language will make readers lose interest. How should the team balance an engaging story with an accurate account of what a study does and does not establish?",困难,区分相关与因果 / 选择关键限制,main finding / defensive qualifications,每份（1 题，1 个小题）,600,question_bank/sources/expansion_2026_09/academic_discussion.json,需要以通俗例子解释研究推论边界与新闻结构。,阅览室与自报专注的关联不证明因果，关键限制靠近主发现。 本地参考示例，非官方满分答案；其他有充分论证的立场也可接受。,2026-09-27
W407,writing,academic_discussion,"Professor: A student science fair has traditionally rewarded the most original project ideas. Teachers propose a new award for careful attempts to repeat earlier experiments and see whether the results hold. Judges have limited time and prize money. Should replication projects compete on equal terms with original investigations, or remain a separate learning activity?",适中,界定研究贡献 / 比较统一标准,reliable methods / paper bridge,每份（1 题，1 个小题）,600,question_bank/sources/expansion_2026_09/academic_discussion.json,可通过纸桥熟悉例子理解验证性研究的独立价值。,换纸种检验承重条件区别于照做，统一方法与解释标准兼顾原创项目。 本地参考示例，非官方满分答案；其他有充分论证的立场也可接受。,2026-09-27
W408,writing,academic_discussion,"Professor: A nature club records unusual wildlife sightings and wants to publish a map for local residents. Some members propose exact locations so others can observe the same animals, while others worry that crowds could disturb sensitive sites. Should the club share precise locations or provide broader areas with less detail?",适中,区分记录与公开 / 按风险调整信息,precise records / broader areas,每份（1 题，1 个小题）,600,question_bank/sources/expansion_2026_09/academic_discussion.json,需解释精确信息的不同使用者，不依赖专业物种知识。,窄路旁巢位的假设展示扰动风险，私下核验与适宜导览回应学习需求。 本地参考示例，非官方满分答案；其他有充分论证的立场也可接受。,2026-09-27
W409,writing,academic_discussion,"Professor: A science museum is redesigning interactive exhibits that currently show an explanation as soon as a visitor presses a button. Designers propose asking visitors to predict what will happen before revealing the result. Some visitors enjoy challenges, while others want to explore freely. Should prediction become a standard step in using these exhibits?",简单,识别参与心理成本 / 设计非强制互动,private invitation / immediate exploration,每份（1 题，1 个小题）,600,question_bank/sources/expansion_2026_09/academic_discussion.json,熟悉互动展览，用私下预测兼顾主动思考与自在参与。,平衡展项的静默选择与不记名结果降低风险，直接探索入口保留不同节奏。 本地参考示例，非官方满分答案；其他有充分论证的立场也可接受。,2026-09-27
W410,writing,academic_discussion,"Professor: A university laboratory stores leftover samples from completed student projects. Some samples might be useful for later investigations, but labeling and maintaining the collection take space and staff time. The laboratory is reviewing its storage policy. Should it keep most samples for possible future use, or retain only those linked to a specific planned project?",困难,评估未来信息价值 / 承认机会成本,information quality / review date,每份（1 题，1 个小题）,600,question_bank/sources/expansion_2026_09/academic_discussion.json,需将潜在用途、元信息与保管成本一起权衡。,完整植物样品记录与无标记容器对比说明信息质量，责任人与复查日期限制无限储存。 本地参考示例，非官方满分答案；其他有充分论证的立场也可接受。,2026-09-27
W411,writing,academic_discussion,Professor: A secondary school is considering asking students to leave their phones in secure classroom lockers until the end of the school day. The current rule restricts phones during lessons but permits them at lunch. Staff hope a longer restriction will improve social interaction. Should the school extend the restriction to breaks as well?,简单,区分手段与目标 / 提出参与机制,invitations to interact / family or travel arrangements,每份（1 题，1 个小题）,600,question_bank/sources/expansion_2026_09/academic_discussion.json,学校日常情境，用新生加入活动解释社交支持。,桌游入口创造互动机会，保留课间联系需求且针对真实干扰处理。 本地参考示例，非官方满分答案；其他有充分论证的立场也可接受。,2026-09-27
W412,writing,academic_discussion,"Professor: A navigation service can direct drivers through small residential streets to save a few minutes compared with the main road. Residents say traffic has increased, while drivers value efficient routes. The service is considering giving quiet streets a lower priority in its recommendations. Should it make that change even when some journeys take longer?",适中,分析累积外部影响 / 限定优化目标,collective problem / main road,每份（1 题，1 个小题）,600,question_bank/sources/expansion_2026_09/academic_discussion.json,需从个人最短路径扩展到重复交通对第三人的影响。,车道出口受阻的假设展示居民成本，主路中断例外保留必要通行。 本地参考示例，非官方满分答案；其他有充分论证的立场也可接受。,2026-09-27
W413,writing,academic_discussion,"Professor: A news app mostly recommends stories similar to those a reader has previously opened. Its editors are considering adding a daily selection that presents other viewpoints on topics the reader follows. Some users welcome variety, while others want control over their attention. Should this selection appear automatically or only when a reader requests it?",困难,区分信息用途 / 避免虚假平衡,viewpoint selection / recommendations / evidence,每份（1 题，1 个小题）,600,question_bank/sources/expansion_2026_09/academic_discussion.json,需同时处理每日栏目可见性、读者自主安排与观点证据质量，不能把自动栏目误读成每条消息强插反方；为本地难度判断。,范文针对每日栏目提出清楚标示、由读者点开，并新增稍后阅读的办法：通勤者查延误时可先保存交通政策比较；推荐说明让遗漏可见，但筛选仍看证据，不能为凑两边而同等摆放无依据主张。 本地参考示例，非官方满分答案；其他有充分论证的立场也可接受。,2026-09-27
W414,writing,academic_discussion,"Professor: A public plaza plans to offer free wireless internet. Its sponsor wants users to create an account and provide an email address before connecting, which could help measure use and send service announcements. Some residents prefer access without registration. Should creating an account be required, or should the service allow people to connect more directly?",适中,检验数据必要性 / 识别使用门槛,service notifications / contact details,每份（1 题，1 个小题）,600,question_bank/sources/expansion_2026_09/academic_discussion.json,需区分服务衡量与个人资料收集，避免绝对安全承诺。,访客下载地图及联网前验证邮件的障碍支持免账号基础接入。 本地参考示例，非官方满分答案；其他有充分论证的立场也可接受。,2026-09-27
W415,writing,academic_discussion,"Professor: A community center photographs public workshops to advertise future events. Participants appreciate seeing the activities, but some do not want recognizable photographs shared online. Staff propose a visible badge for people who prefer not to be photographed. Would this system respect participants while keeping publicity practical, or should the center use a different approach?",适中,区分默认与同意 / 检查间接暴露,optional activity area / camera area,每份（1 题，1 个小题）,600,question_bank/sources/expansion_2026_09/academic_discussion.json,需兼顾活动记录与低压力拒绝，并注意背景中的身份暴露。,自愿演示区提供宣传图，背景复核防止未参与者间接被拍入。 本地参考示例，非官方满分答案；其他有充分论证的立场也可接受。,2026-09-27
W416,writing,academic_discussion,"Professor: An educational video platform automatically begins the next lesson when one ends. Designers believe this helps students continue learning, but teachers worry that it discourages pauses for practice. The platform is considering replacing automatic playback with a brief choice screen. Which design would better support students studying independently at home?",简单,区分参与与学习 / 设计理解检查,active choice / interpreting a graph,每份（1 题，1 个小题）,600,question_bank/sources/expansion_2026_09/academic_discussion.json,用图表迁移小任务区分看完与学会，避免纯粹延长操作。,新图找趋势让理解显现，可跳过照顾复习者，以后续应用而非时长评价。 本地参考示例，非官方满分答案；其他有充分论证的立场也可接受。,2026-09-27
W417,writing,academic_discussion,"Professor: A product review website is considering allowing ratings only from users who can show that they purchased the item through a partner store. This could reduce some questionable reviews, but it would exclude people who received gifts or bought elsewhere. Should proof of purchase be required for every rating, or used only as an additional label?",适中,区分证据含义 / 避免认证光环,visible label / delivery speed,每份（1 题，1 个小题）,600,question_bank/sources/expansion_2026_09/academic_discussion.json,需识别购买与使用两个变量，保留有用经验且回应操纵问题。,礼物耳机长期使用与买家配送评论的对比揭示凭证局限。 本地参考示例，非官方满分答案；其他有充分论证的立场也可接受。,2026-09-27
W418,writing,academic_discussion,"Professor: A supermarket offers its best discounts only through a phone application that customers must show at checkout. Managers say the application makes promotions efficient, but some regular shoppers do not use smartphones. Should the store keep these discounts exclusive to the application, or make the same prices available through a simpler alternative?",简单,分析数字门槛 / 比较完整服务成本,physical loyalty card / busy checkout,每份（1 题，1 个小题）,600,question_bank/sources/expansion_2026_09/academic_discussion.json,熟悉购物案例，以相同价格的替代渠道回应数字排除。,小屏结账困难与实体卡替代具体化公平，排队解释成本回应效率顾虑。 本地参考示例，非官方满分答案；其他有充分论证的立场也可接受。,2026-09-27
W419,writing,academic_discussion,"Professor: A workplace plans an optional activity challenge using personal devices to count daily steps. Teams would compete for small prizes, and a shared board would display totals. Some employees enjoy competition, while others cannot or do not want to share movement data. Should the workplace use this format or design a broader activity program?",适中,检验目标与指标 / 识别群体压力,social connection / personal movement,每份（1 题，1 个小题）,600,question_bank/sources/expansion_2026_09/academic_discussion.json,需区分社交目标与身体指标，不提出医疗效果主张。,不同活动的共同休息保留社交目的，去排名和不追踪拒绝减轻压力。 本地参考示例，非官方满分答案；其他有充分论证的立场也可接受。,2026-09-27
W420,writing,academic_discussion,"Professor: A town wants to understand where late evening noise is most disruptive. Officials propose installing devices that record sound levels but not conversations, while residents suggest voluntary complaint diaries instead. Each method has gaps and costs. Which source should guide the town's first response to noise problems in shared public areas?",困难,结合定量与体验 / 检验数据边界,practical impact / temporary measurements,每份（1 题，1 个小题）,600,question_bank/sources/expansion_2026_09/academic_discussion.json,需综合报告偏差、测量值和体验影响，并确认隐私边界。,深夜装卸的共同日记线索引导临时测量，短事件与重复扰眠区分决策依据。 本地参考示例，非官方满分答案；其他有充分论证的立场也可接受。,2026-09-27
W421,writing,academic_discussion,"Professor: A local news website sometimes corrects important mistakes in published articles. It currently changes the text and adds a short note at the bottom, but most readers never return to the article. Editors are considering displaying major corrections on the homepage. Should corrections receive that visibility, even when it highlights the website's errors?",适中,按影响分级 / 追踪信息后果,practical consequence / significance and reach,每份（1 题，1 个小题）,600,question_bank/sources/expansion_2026_09/academic_discussion.json,需把更正看作影响修复，区分重大事实与轻微文字修正。,社区中心误报关闭造成计划改变，按重要性和触达范围安排更正。 本地参考示例，非官方满分答案；其他有充分论证的立场也可接受。,2026-09-27
W422,writing,academic_discussion,"Professor: A local newspaper covers many community problems but has limited space to report how other places have responded to similar issues. Editors propose a regular column examining possible solutions. Some reporters welcome it, while others worry about sounding promotional. Should the newspaper devote more space to these responses or concentrate on exposing local problems?",适中,检验成功叙事 / 分析方案迁移,local conditions / timetable changes,每份（1 题，1 个小题）,600,question_bank/sources/expansion_2026_09/academic_discussion.json,需区别调查响应方案与推广方案，并检验迁移前提。,公交衔接改善同时查冷门线路损失和司机条件，展示带限制的解决报道。 本地参考示例，非官方满分答案；其他有充分论证的立场也可接受。,2026-09-27
W423,writing,academic_discussion,"Professor: A student newspaper interviews people about campus issues. Some interviewees ask to read their quotations before publication to check accuracy, while editors worry that this could let sources reshape uncomfortable statements. Should the newspaper routinely offer quotation checks, refuse them, or use a narrower process that protects both accuracy and editorial independence?",困难,区分准确与控制 / 明确沟通预期,editorial independence / unclear wording,每份（1 题，1 个小题）,600,question_bank/sources/expansion_2026_09/academic_discussion.json,需精确区分事实核查、用语澄清与来源审批权。,研究术语核对与撤回清楚记录的观点相对照，事前说明流程保护双方预期。 本地参考示例，非官方满分答案；其他有充分论证的立场也可接受。,2026-09-27
W424,writing,academic_discussion,Professor: A neighborhood discussion board is growing quickly. Volunteer moderators can either approve every new post before it appears or let posts appear immediately and review reported problems afterward. Residents use the board for both urgent requests and longer debates. Which moderation approach would best keep the space useful without overwhelming its volunteers?,适中,按传播后果分流 / 限定平台职责,practical notices / identifiable people,每份（1 题，1 个小题）,600,question_bank/sources/expansion_2026_09/academic_discussion.json,需按内容后果而非统一快慢制定审核规则。,蓝包求助与点名指责对照说明审核差异，明确时间及紧急服务边界。 本地参考示例，非官方满分答案；其他有充分论证的立场也可接受。,2026-09-27
W425,writing,academic_discussion,"Professor: A documentary about an event with little surviving footage plans to include scenes performed by actors. The director can label each scene as a reconstruction or explain this technique once at the beginning. Repeated labels might interrupt the story, but viewers may join late. How should the documentary distinguish reconstructed scenes from original records?",困难,区分呈现与证据 / 考虑脱离上下文传播,illustrative details / consistent marker,每份（1 题，1 个小题）,600,question_bank/sources/expansion_2026_09/academic_discussion.json,需处理片段传播和重现细节的证据地位，不止加一般声明。,单方回忆的私谈场景揭示新增细节风险，每段标记与开场来源说明相辅。 本地参考示例，非官方满分答案；其他有充分论证的立场也可接受。,2026-09-27
W426,writing,academic_discussion,"Professor: A history teacher posts recorded lessons with short chapter summaries beside each video. Students can read the summaries before watching, but some say this makes it tempting to skip the explanations. Others use them to decide where they need help. Should the teacher keep detailed summaries or replace them with brief topic headings?",简单,设计自我检验 / 区分学习媒介与成果,central question / compressed answer,每份（1 题，1 个小题）,600,question_bank/sources/expansion_2026_09/academic_discussion.json,熟悉复习场景，以证据问题判断是否需重看而非控制观看。,工厂扩建创造岗位与增加邻里噪声的假设自测连接定位与理解，允许文本学习者不完整看视频。 本地参考示例，非官方满分答案；其他有充分论证的立场也可接受。,2026-09-27
W427,writing,academic_discussion,"Professor: A film club is discussing adaptations of well known novels. A director has changed a novel's unhappy ending to a more hopeful one, arguing that film audiences need a different experience. Some readers feel this changes the central meaning. Should filmmakers preserve a book's ending, or freely reshape it for a new medium and audience?",简单,检验叙事一致性 / 避免审美绝对化,new interpretation / choices and consequences,每份（1 题，1 个小题）,600,question_bank/sources/expansion_2026_09/academic_discussion.json,借虚构人物的转变解释叙事支撑，不依赖具体文学作品。,从拒绝帮助到学会倾听支撑和解，区别于没有铺垫的结局替换。 本地参考示例，非官方满分答案；其他有充分论证的立场也可接受。,2026-09-27
W428,writing,academic_discussion,"Professor: A local sports league is considering using video replays to review disputed decisions during games. The equipment is affordable, but volunteers would need training and reviews could interrupt play. Players value both fairness and a relaxed atmosphere. Should the league introduce replays, or continue relying on the officials' decisions made during the game?",适中,评估证据充分性 / 限制程序成本,original decision / clearly defined decisions,每份（1 题，1 个小题）,600,question_bank/sources/expansion_2026_09/academic_discussion.json,需区分有影像与有决定性证据，同时衡量比赛节奏。,球被遮挡时维持原判说明证据限度，有限事项与试行控制时间和人手。 本地参考示例，非官方满分答案；其他有充分论证的立场也可接受。,2026-09-27
W429,writing,academic_discussion,"Professor: A community sports club welcomes adults with very different experience levels. For weekly casual games, members can either choose teams with their friends or let organizers arrange balanced teams. Newcomers sometimes receive little playing time. Which approach would make the club more enjoyable while keeping people motivated to return regularly?",简单,区分形式与实际参与 / 明确活动定位,rotate positions / shared play,每份（1 题，1 个小题）,600,question_bank/sources/expansion_2026_09/academic_discussion.json,熟悉休闲体育，用传球机会展示超越比分的参与标准。,新人接不到球说明参与不均，轮换位置与明确休闲目标回应归属需求。 本地参考示例，非官方满分答案；其他有充分论证的立场也可接受。,2026-09-27
W430,writing,academic_discussion,"Professor: A community center runs an afternoon play session for children. Staff can organize a sequence of games with rules or provide approved materials for children to invent their own activities under supervision. Parents want the session to be enjoyable and worthwhile. Which approach should occupy most of the time, and why?",适中,区分支持与控制 / 回应参与差异,shared challenge / attentive support,每份（1 题，1 个小题）,600,question_bank/sources/expansion_2026_09/academic_discussion.json,需解释自由活动如何获得起点和参与支持，不扩展为安全指导。,想象动物住所的共同挑战兼顾开放选择，角色观察防止强势者垄断。 本地参考示例，非官方满分答案；其他有充分论证的立场也可接受。,2026-09-27
W431,writing,academic_discussion,Professor: A town funds a community choir that performs at several public celebrations each year. The conductor proposes auditions because rehearsal time is limited and the concerts should sound polished. Other members believe anyone who wants to sing should be welcome. Should the choir select singers by current ability or accept all interested residents?,适中,回应效率与参与的冲突 / 用分层任务支持立场,auditions / common melody / harmony,每份（1 题，1 个小题）,600,question_bank/sources/expansion_2026_09/academic_discussion.json,current ability 是现有水平；题目权衡有限排练时间下的演出质量与居民参与机会。 难度来自对不同要求的整合和具体论证，仅为本地内容分级。,范文赞成开放加入，但新增“按成员能力选曲”的办法：新手唱重复旋律，熟手唱和声，以同一作品安排不同挑战；另分专业小组，避免把开放参与写成所有演出都无条件上场。 本地参考示例，非官方满分答案；其他有充分论证的立场也可接受。,2026-09-27
W432,writing,academic_discussion,"Professor: An adult photography course currently gives every learner the same weekly assignment. The instructor is considering letting learners develop personal projects instead, while teaching a common set of techniques. Some participants photograph family events, and others prefer buildings or landscapes. Which assignment approach would make the course more useful for this mixed group?",适中,区分学习目标与题材 / 构造可比较的例证,personal projects / feedback / light directions,每份（1 题，1 个小题）,600,question_bank/sources/expansion_2026_09/academic_discussion.json,personal projects 是个人选题项目；争点是贴近兴趣与便于比较学习效果。 难度来自对不同要求的整合和具体论证，仅为本地内容分级。,范文把“共同题材”换成“共同技术标准”：家庭聚餐与门口照片都比较光线方向，既保留兴趣又能互评；先做短共同练习，说明自由选题仍需明确学习目标。 本地参考示例，非官方满分答案；其他有充分论证的立场也可接受。,2026-09-27
W433,writing,academic_discussion,"Professor: A neighborhood tool library lends equipment that residents use only occasionally. Volunteers are deciding whether to spend their small training budget on more written instructions or on short practical introductions for first-time borrowers. Existing safety restrictions would apply in either case. Which form of support should receive priority, and why?",适中,比较支持方式 / 用可观察行为检验理解,borrowers / written instructions / sewing machine,每份（1 题，1 个小题）,600,question_bank/sources/expansion_2026_09/academic_discussion.json,practical introductions 是实际操作入门指导；要权衡当场发现误解与借回家后能查阅。 难度来自对不同要求的整合和具体论证，仅为本地内容分级。,范文新增让借用者复述并指出控件的检查，用缝纫机作假设例子，说明点头不等于懂；简明说明卡延续同一内容，也不把入门课当成解除安全限制的许可。 本地参考示例，非官方满分答案；其他有充分论证的立场也可接受。,2026-09-27
W434,writing,academic_discussion,"Professor: A volunteer reading club has been organized by the same person for several years. Members value the organizer's experience, but no one else knows all the booking and planning routines. The club is considering rotating the role each term. Should leadership rotate regularly, or remain with the person who performs it well?",适中,解释组织连续性 / 以具体交接步骤支持观点,shared responsibility / booking confirmation / handover,每份（1 题，1 个小题）,600,question_bank/sources/expansion_2026_09/academic_discussion.json,rotating the role 是轮流担任组织者；要权衡经验带来的稳定与职责、知识的传承。 难度来自对不同要求的整合和具体论证，仅为本地内容分级。,范文新增“共同负责一学期”的交接：新人完整办一次活动，再记录遗漏步骤，使经验变成经过实践的流程；旧负责人有退出时间，避免名义轮换后仍全靠同一人。 本地参考示例，非官方满分答案；其他有充分论证的立场也可接受。,2026-09-27
W435,writing,academic_discussion,"Professor: A town has set aside a small budget for one neighborhood improvement. Residents can propose projects, but officials must choose among ideas that serve different numbers of people and have different maintenance needs. Should the final choice be made by a public vote or by a panel that compares the proposals using published criteria?",困难,分解集体决策阶段 / 解释长期成本与参与边界,public vote / maintenance needs / paper ballots,每份（1 题，1 个小题）,600,question_bank/sources/expansion_2026_09/academic_discussion.json,published criteria 是公开的评选标准；争点是居民决定权与项目后续是否养得起。 难度来自对不同要求的整合和具体论证，仅为本地内容分级。,范文让小组先查可行性、居民再投票，新增比较持续维护工时的理由；阅读棚与分床花园是假设比较，并非断言花园总更贵。公开剔除理由与纸票让投票前后的程序也可检查。 本地参考示例，非官方满分答案；其他有充分论证的立场也可接受。,2026-09-27
W436,writing,academic_discussion,"Professor: A town can use this year's tree budget either to plant trees on several streets that have none or to improve the care of trees planted during the previous two years. Some recent plantings are struggling, and staff cannot fully fund both options. Which use of the budget should take priority?",适中,比较维护与扩张 / 用长期成果限定评价,recent plantings / care plan / planting totals,每份（1 题，1 个小题）,600,question_bank/sources/expansion_2026_09/academic_discussion.json,care of trees 是树木养护；要权衡尚未受益街道的公平与已有树木能否存活。 难度来自对不同要求的整合和具体论证，仅为本地内容分级。,范文新增“先查衰弱原因，避免扩大同一失误”的理由，以种植池反复干燥为假设例子；用两年后健康数量评估成果，并公布下一批街道时间，回应养护可能变成无限拖延的担忧。 本地参考示例，非官方满分答案；其他有充分论证的立场也可接受。,2026-09-27
W437,writing,academic_discussion,Professor: A public park has several open lawns. Its managers propose leaving part of one lawn unmown for most of the year so residents can observe a less managed growing area. Others want every lawn kept short for games and informal gatherings. How should the park balance these different uses of limited open space?,适中,识别空间用途差异 / 设计兼顾得失的试行,unmown / continuous space / seasonal growth,每份（1 题，1 个小题）,600,question_bank/sources/expansion_2026_09/academic_discussion.json,unmown 是不修剪的；题目权衡观察自然生长与保留可实际活动的草坪。 难度来自对不同要求的整合和具体论证，仅为本地内容分级。,范文新增先观察使用位置的依据：少用边角可做试区，不能切断唯一能玩集体游戏的连续空间；还查活动是否被挤到别处，把自然体验与被替代用途一起评估。 本地参考示例，非官方满分答案；其他有充分论证的立场也可接受。,2026-09-27
W438,writing,academic_discussion,"Professor: A popular walking trail becomes crowded on a few holiday mornings but is quiet on most other days. The park is considering requiring advance reservations for all visits throughout the year. Managers want predictable visitor numbers, while residents value spontaneous walks. Would a year-round reservation system be an appropriate response to this problem?",困难,区分问题成因 / 限定政策适用时段,advance reservations / arrival windows / peak periods,每份（1 题，1 个小题）,600,question_bank/sources/expansion_2026_09/academic_discussion.json,year-round 是全年；题目权衡管理可预测性与淡时段随时散步的便利。 难度来自对不同要求的整合和具体论证，仅为本地内容分级。,范文新增“入口同时到达”和“整条路持续拥挤”的区别：九点集中抵达可用分时到达，持续拥挤才需总量限制；不能仅因少数假日排队就限制全年所有走访。 本地参考示例，非官方满分答案；其他有充分论证的立场也可接受。,2026-09-27
W439,writing,academic_discussion,Professor: A community garden has space for either small plots assigned to individual households or larger beds that members care for together and harvest according to shared rules. Participants have different amounts of free time and gardening experience. Which arrangement would better sustain participation and make good use of the available land?,适中,解释合作中的责任 / 扩展贡献的衡量方式,shared beds / harvest rules / watering schedule,每份（1 题，1 个小题）,600,question_bank/sources/expansion_2026_09/academic_discussion.json,shared beds 是共同照料的种植区；要权衡个人付出与收获的对应、互相补位的便利。 难度来自对不同要求的整合和具体论证，仅为本地内容分级。,范文新增“贡献不只是在场工时”：订种子、排浇水表也能负责，出门家庭可提前做计划任务；先定收获规则回应不公平担忧，小试验角保留个人选择。 本地参考示例，非官方满分答案；其他有充分论证的立场也可接受。,2026-09-27
W440,writing,academic_discussion,"Professor: An elementary school has enough money for either one full-day visit to a distant nature center or several short visits to a nearby stream during the school year. Both destinations have suitable supervised activities. Teachers want students to become curious observers, but families also value experiences children would rarely have otherwise. Which option should the school choose?",适中,将活动与学习目标对应 / 用前后比较展开论证,curious observers / supervised activities / stability,每份（1 题，1 个小题）,600,question_bank/sources/expansion_2026_09/academic_discussion.json,curious observers 是愿意提问并观察的人；题目权衡少见体验与反复追踪的学习。 难度来自对不同要求的整合和具体论证，仅为本地内容分级。,范文新增固定观察同一小段岸边、画图预测再回访的步骤，把重复变成比较证据；没有变化也能论证稳定，不能为了显得学到东西而编造必然出现的自然变化。 本地参考示例，非官方满分答案；其他有充分论证的立场也可接受。,2026-09-27
W441,writing,academic_discussion,Professor: An intermediate language class watches short films as part of its weekly lessons. The teacher can provide subtitles in the language being learned or translations in the students' strongest language. Students need to follow the story and develop listening skills. Which subtitle option should be used first when the class watches a new scene?,适中,区分理解背景与训练目标 / 以活动顺序回应两方意见,subtitles / hesitation / attentive listening,每份（1 题，1 个小题）,600,question_bank/sources/expansion_2026_09/academic_discussion.json,subtitles 是字幕；题目权衡先看懂情节与把声音对应到目标语言词句。 难度来自对不同要求的整合和具体论证，仅为本地内容分级。,范文新增先简述朋友争论计划的背景，再听表示犹豫的说法，使目标语言字幕服务于具体听力任务；不懂处再查译文、最后去字幕重看，难度太高仍需调整。 本地参考示例，非官方满分答案；其他有充分论证的立场也可接受。,2026-09-27
W442,writing,academic_discussion,Professor: A university degree includes several elective courses that students may take outside their main subject. A department proposes replacing some of them with advanced courses in the major because graduates need strong professional preparation. Others value the chance to explore unrelated fields. Should the university narrow these choices or preserve the current elective space?,适中,构造跨领域例证 / 限定功利性论证,elective courses / visual storytelling / professional preparation,每份（1 题，1 个小题）,600,question_bank/sources/expansion_2026_09/academic_discussion.json,elective courses 是选修课；争点是专业深度与跨领域探索空间。 难度来自对不同要求的整合和具体论证，仅为本地内容分级。,范文用工程学生学图像叙事的假设例子，新增“院系未必能预见跨领域用途”的理由；公布专业进阶路径供比较，同时承认纯兴趣也有价值，不能把所有选修都硬说成就业技能。 本地参考示例，非官方满分答案；其他有充分论证的立场也可接受。,2026-09-27
W443,writing,academic_discussion,"Professor: A housing organization is considering placing university students and older residents in the same apartment building. Every resident would have a private apartment, while common rooms would support optional shared activities. The alternative is to keep separate buildings for each group. Would a mixed building offer enough benefits to justify adapting its shared spaces and routines?",困难,识别群体假设 / 界定自愿参与的边界,private apartment / optional / mentors,每份（1 题，1 个小题）,600,question_bank/sources/expansion_2026_09/academic_discussion.json,optional shared activities 是可自愿选择的共同活动；要权衡跨年龄交流与生活边界。 难度来自对不同要求的整合和具体论证，仅为本地内容分级。,范文新增“不能按年龄分派免费帮助职责”的理由，以修电脑和当导师为假设例子；技能公告让人自愿相遇，还用能否安心拒绝邀请来评估社区，避免把参与率当唯一成功指标。 本地参考示例，非官方满分答案；其他有充分论证的立场也可接受。,2026-09-27
W444,writing,academic_discussion,"Professor: A visitor center sells souvenirs that help fund its information service. Locally made products cost more than similar items ordered from distant factories, and the shop has limited display space. Managers are debating whether to stock only local products or offer a mixture at different prices. Which policy would better serve visitors and the community?",困难,拆分概念范围 / 整合价格与来源信息,locally made / postcard / manufactured,每份（1 题，1 个小题）,600,question_bank/sources/expansion_2026_09/academic_discussion.json,locally made 是本地制作；题目权衡支持本地制作、游客预算与信息服务经费。 难度来自对不同要求的整合和具体论证，仅为本地内容分级。,范文新增区分设计地和制作地：本地插画、外地印刷的明信片仍有地方内容，但不能冒充全程本地制作；分阶段标注并看实际收益，把便宜和地方特色之间的选择说明白。 本地参考示例，非官方满分答案；其他有充分论证的立场也可接受。,2026-09-27
W445,writing,academic_discussion,Professor: A history museum is redesigning a small gallery containing fragile everyday objects from an earlier period. It can display more originals behind glass or use some space for durable replicas that visitors may handle. The total gallery area cannot increase. Which option should receive more space if the museum wants visitors to understand how the objects were used?,适中,限定类比与模型的用途 / 把展陈选择连接到学习目标,durable replicas / grip / wear,每份（1 题，1 个小题）,600,question_bank/sources/expansion_2026_09/academic_discussion.json,durable replicas 是耐用仿制品；要权衡原物的历史联系与动手理解用途。 难度来自对不同要求的整合和具体论证，仅为本地内容分级。,范文新增“仿制品哪些特征可信”的说明：假设工具保留形状却减轻重量，只能据此理解握法，不能推断当时用力程度；原物磨损与仿品操作配对，使少量展品也能讲清使用过程。 本地参考示例，非官方满分答案；其他有充分论证的立场也可接受。,2026-09-27
W446,writing,academic_discussion,"Professor: A community repair workshop teaches simple clothing repairs. Its instructor can demonstrate several techniques while participants watch, or spend most of the session guiding each person through one repair on practice fabric. The workshop lasts only an hour and attracts beginners. Which approach would leave participants better prepared to make repairs independently?",简单,区分观看与独立操作 / 用撤除帮助检验学习,practice fabric / sequence / diagram,每份（1 题，1 个小题）,600,question_bank/sources/expansion_2026_09/academic_discussion.json,independently 是独立完成；题目权衡看多种技法与亲手掌握一种修补。 难度来自对不同要求的整合和具体论证，仅为本地内容分级。,范文新增撤去指导后再做一次的检验：先跟着缝纽扣，再借图示独立重复，才知道记住了哪步；末尾展示其他修补的用途，但不把看过当成已经会做。 本地参考示例，非官方满分答案；其他有充分论证的立场也可接受。,2026-09-27
W447,writing,academic_discussion,"Professor: A neighborhood grocery cooperative is considering opening on fewer days but staying open later on those days. It would keep the same total number of weekly opening hours and the same staffing budget. Some members shop after work, while others prefer frequent short visits. Should the cooperative adopt the new schedule?",困难,识别使用数据的选择偏差 / 在固定资源内提出方案,opening hours / staffing budget / missed visits,每份（1 题，1 个小题）,600,question_bank/sources/expansion_2026_09/academic_discussion.json,opening hours 是营业时段；总小时相同仍要权衡下班后购物与多次少量采购。 难度来自对不同要求的整合和具体论证，仅为本地内容分级。,范文新增收集“想来却进不来”的记录：只问中午店内顾客会漏掉上班者；连同携带量设计固定试行时表，并守住原人员预算，不能凭现有销量代表所有需求。 本地参考示例，非官方满分答案；其他有充分论证的立场也可接受。,2026-09-27
W448,writing,academic_discussion,"Professor: A secondary school is reviewing its daily timetable. One proposal adds twenty minutes to the lunch break and ends lessons twenty minutes later, without changing teaching time. Students could use the longer break for clubs or rest, but some have fixed commitments after school. Should the school make this change for everyone?",适中,分析时间调整的外部影响 / 回应未参与者的需求,fixed commitments / lunch period / timetable trial,每份（1 题，1 个小题）,600,question_bank/sources/expansion_2026_09/academic_discussion.json,fixed commitments 是时间固定的安排；题目权衡午间活动机会与推迟放学的影响。 难度来自对不同要求的整合和具体论证，仅为本地内容分级。,范文新增先轮流安排短社团时段的办法，以参加后仍赶上原班车为假设例子；长活动未必适用，需有限试行并听取不参加者意见，不能只问受益成员就决定全校时表。 本地参考示例，非官方满分答案；其他有充分论证的立场也可接受。,2026-09-27
W449,writing,academic_discussion,Professor: A small community theater wants more residents to attend its performances. It can lower all ticket prices to a fixed amount or let visitors choose what to pay above a modest minimum. The theater must still cover the same production costs. Which pricing approach would better expand access while supporting future performances?,困难,兼顾可达性与收入 / 区分确定收入与可能贡献,fixed price / production costs / committed support,每份（1 题，1 个小题）,600,question_bank/sources/expansion_2026_09/academic_discussion.json,production costs 是制作演出的成本；争点是明确可负担票价与让有余力观众多支持。 难度来自对不同要求的整合和具体论证，仅为本地内容分级。,范文新增把购票与私下自愿支持分开：先确认低价，再选额外捐助，不换座位等级或公开表扬；预算只算可预计票款和已承诺支持，不能把愿意多付的可能性当确定收入。 本地参考示例，非官方满分答案；其他有充分论证的立场也可接受。,2026-09-27
W450,writing,academic_discussion,Professor: A college wants students to collaborate with peers in another country. Its budget could support a short overseas visit for a small group or a semester of online projects open to many more students. Both options include guidance from teachers at each institution. Which should be the main focus of the college's international learning program?,适中,把交流目标落实为合作任务 / 限定替代方案的收益与边界,online projects / shared equipment / time zone,每份（1 题，1 个小题）,600,question_bank/sources/expansion_2026_09/academic_discussion.json,online projects 是线上合作项目；要权衡亲身接触的深度与更多人持续参与的机会。 难度来自对不同要求的整合和具体论证，仅为本地内容分级。,范文新增共同解决找安静自习地点的问题，以观察和共写指南让差异自然出现，避免只介绍国家印象；共享设备、轮换开会时间回应参与门槛，也承认线上不能复制所有到访体验。 本地参考示例，非官方满分答案；其他有充分论证的立场也可接受。,2026-09-27
